mes,banco_id,banco_original_Y,banco_original_X1,banco_original_X2,fecha_sbs_X2,banco_original_X3,fecha_sbs_X3,Y,X1,X2,X3,X4,fila_completa_5
2015-11,alfin,Banco Azteca,B. Azteca Perú,Azteca,30/11/2015,Azteca,30/11/2015,0.0,7.362697606422118,145.64,1.0,0.344071735952856,True
2015-12,alfin,Banco Azteca,B. Azteca Perú,Azteca,31/12/2015,Azteca,31/12/2015,2.3028957320301455e-07,7.238995509174339,145.24,1.01,0.445721499061671,True
2016-01,alfin,Banco Azteca,B. Azteca Perú,Azteca,29/01/2016,Azteca,29/01/2016,2.3946361273013825e-07,7.654599580067417,143.61,1.0,0.37252021115541,True
2016-02,alfin,Banco Azteca,B. Azteca Perú,Azteca,29/02/2016,Azteca,29/02/2016,0.0,7.0792440518363255,142.31,1.0,0.174091242706681,True
2016-03,alfin,Banco Azteca,B. Azteca Perú,Azteca,31/03/2016,Azteca,31/03/2016,0.0,8.302009753593195,147.14,1.0,0.598118099213,True
2016-04,alfin,Banco Azteca,B. Azteca Perú,Azteca,29/04/2016,Azteca,29/04/2016,0.0,6.889773117807422,146.51,1.0,0.0114065609758854,True
2016-05,alfin,Banco Azteca,B. Azteca Perú,Azteca,31/05/2016,Azteca,31/05/2016,0.0,7.190239856471704,145.72,1.0,0.209563738332199,True
2016-06,alfin,Banco Azteca,B. Azteca Perú,Azteca,30/06/2016,Azteca,30/06/2016,0.0,6.23900284428566,142.04,1.11,0.139508528737671,True
2016-07,alfin,Banco Azteca,B. Azteca Perú,Azteca,27/07/2016,Azteca,27/07/2016,0.0,6.948660239546918,136.08,1.25,0.081747041914584,True
2016-08,alfin,Banco Azteca,B. Azteca Perú,Azteca,31/08/2016,Azteca,31/08/2016,0.0,9.575630939047736,136.48,1.04,0.358285853821853,True
2016-09,alfin,Banco Azteca,B. Azteca Perú,Azteca,30/09/2016,Azteca,30/09/2016,0.0,9.535944144944214,134.61,1.0,0.206464092392192,True
2016-10,alfin,Banco Azteca,B. Azteca Perú,Azteca,31/10/2016,Azteca,31/10/2016,0.0,8.75936187477718,133.68,1.0,0.413354520523768,True
2016-11,alfin,Banco Azteca,B. Azteca Perú,Azteca,30/11/2016,Azteca,30/11/2016,0.0,6.311057364534982,132.89,1.0,0.290064059118052,True
2016-12,alfin,Banco Azteca,B. Azteca Perú,Azteca,30/12/2016,Azteca,30/12/2016,0.0,6.217643726865588,131.52,1.0,0.33419524609934,True
2017-01,alfin,Banco Azteca,B. Azteca Perú,Azteca,31/01/2017,Azteca,31/01/2017,0.0,6.166641761403681,134.15,1.0,0.237843060107308,True
2017-02,alfin,Banco Azteca,B. Azteca Perú,Azteca,28/02/2017,Azteca,28/02/2017,0.0,6.136635567238168,134.63,1.0,0.323171371975582,True
2017-03,alfin,Banco Azteca,B. Azteca Perú,Azteca,31/03/2017,Azteca,31/03/2017,0.0,5.82085230911699,,1.0,1.30455818519093,False
2017-04,alfin,Banco Azteca,B. Azteca Perú,Azteca,28/04/2017,Azteca,28/04/2017,0.0,5.748729488717362,133.71,1.0,-0.258053478882145,True
2017-05,alfin,Banco Azteca,B. Azteca Perú,Azteca,31/05/2017,Azteca,31/05/2017,0.0,5.714103648078096,129.83,1.0,-0.423337988013419,True
2017-06,alfin,Banco Azteca,B. Azteca Perú,Azteca,28/06/2017,Azteca,28/06/2017,0.0,5.422394549905552,127.46,1.0,-0.159198769026384,True
2017-07,alfin,Banco Azteca,B. Azteca Perú,Azteca,31/07/2017,Azteca,31/07/2017,0.0,5.308236196773211,130.65,1.0,0.198285823750627,True
2017-08,alfin,Banco Azteca,B. Azteca Perú,Azteca,31/08/2017,Azteca,31/08/2017,0.0,5.360835257825032,136.92,1.0,0.672225629676554,True
2017-09,alfin,Banco Azteca,B. Azteca Perú,Azteca,29/09/2017,Azteca,29/09/2017,0.0,5.278686413730876,137.28,1.0,-0.0157699757397503,True
2017-10,alfin,Banco Azteca,B. Azteca Perú,Azteca,31/10/2017,Azteca,31/10/2017,0.0,5.151547161701028,137.12,1.0,-0.469245219484567,True
2017-11,alfin,Banco Azteca,B. Azteca Perú,Azteca,30/11/2017,Azteca,30/11/2017,0.0,4.920264623203298,138.3,1.0,-0.197237337488294,True
2017-12,alfin,Banco Azteca,B. Azteca Perú,Azteca,29/12/2017,Azteca,29/12/2017,0.0,4.73875633295529,138.44,1.0,0.156851858043552,True
2018-01,alfin,Banco Azteca,B. Azteca Perú,Azteca,31/01/2018,Azteca,31/01/2018,0.0,4.641573761606662,140.65,1.0,0.127417107488591,True
2018-02,alfin,Banco Azteca,B. Azteca Perú,Azteca,28/02/2018,Azteca,28/02/2018,0.0,4.6439168243151965,143.92,1.0,0.250220520720826,True
2018-03,alfin,Banco Azteca,B. Azteca Perú,Azteca,28/03/2018,Azteca,28/03/2018,0.0,4.505814043839321,145.65,1.0,0.487124356837782,True
2018-04,alfin,Banco Azteca,B. Azteca Perú,Azteca,30/04/2018,Azteca,30/04/2018,0.0,4.468870749405316,144.62,1.0,-0.137073083858309,True
2018-05,alfin,Banco Azteca,B. Azteca Perú,Azteca,31/05/2018,Azteca,31/05/2018,0.0,4.389783053270723,143.65,1.0,0.0184551804113629,True
2018-06,alfin,Banco Azteca,B. Azteca Perú,Azteca,28/06/2018,Azteca,28/06/2018,0.0,4.208488771452027,143.4,1.0,0.334058214668909,True
2018-07,alfin,Banco Azteca,B. Azteca Perú,Azteca,31/07/2018,Azteca,31/07/2018,0.0,4.123135931328414,144.62,1.01,0.382785985925354,True
2018-08,alfin,Banco Azteca,B. Azteca Perú,Azteca,29/08/2018,Azteca,29/08/2018,0.0,4.079412195335812,144.52,1.02,0.131767259402052,True
2018-09,alfin,Banco Azteca,B. Azteca Perú,Azteca,28/09/2018,Azteca,28/09/2018,0.0,4.09342877279379,144.86,1.0,0.191681610790045,True
2018-10,alfin,Banco Azteca,B. Azteca Perú,Azteca,31/10/2018,Azteca,31/10/2018,0.0,4.137403708448886,145.01,1.0,0.0816835303769421,True
2018-11,alfin,Banco Azteca,B. Azteca Perú,Azteca,30/11/2018,Azteca,30/11/2018,0.0,4.039875022504253,145.86,1.0,0.122438003210824,True
2018-12,alfin,Banco Azteca,B. Azteca Perú,Azteca,31/12/2018,Azteca,31/12/2018,0.0,3.9589729990915834,146.45,1.01,0.181777270585084,True
2019-01,alfin,Banco Azteca,B. Azteca Perú,Azteca,31/01/2019,Azteca,31/01/2019,0.0,3.815226544028495,146.8,1.0,0.0653322898985492,True
2019-02,alfin,Banco Azteca,B. Azteca Perú,Azteca,28/02/2019,Azteca,28/02/2019,0.0,3.672130917206264,147.18,1.0,0.126761453780625,True
2019-03,alfin,Banco Azteca,B. Azteca Perú,Azteca,29/03/2019,Azteca,29/03/2019,0.0,3.658385692014956,147.18,1.0,0.727552259105356,True
2019-04,alfin,Banco Azteca,B. Azteca Perú,Azteca,30/04/2019,Azteca,30/04/2019,0.0,3.430282662210724,146.55,1.0,0.200080537447719,True
2019-05,alfin,Banco Azteca,B. Azteca Perú,Azteca,31/05/2019,Azteca,31/05/2019,0.0,3.339101502128347,145.16,1.01,0.14761382269664,True
2019-06,alfin,Banco Azteca,B. Azteca Perú,Azteca,28/06/2019,Azteca,28/06/2019,0.0,3.041523784708162,143.95,1.0,-0.0862718704256484,True
2019-07,alfin,Banco Azteca,B. Azteca Perú,Azteca,31/07/2019,Azteca,31/07/2019,0.0,2.8623120861859244,142.74,1.0,0.203336703292959,True
2019-08,alfin,Banco Azteca,B. Azteca Perú,Azteca,28/08/2019,Azteca,28/08/2019,0.0,2.8050463628041724,137.59,1.0,0.0609772736582818,True
2019-09,alfin,Banco Azteca,B. Azteca Perú,Azteca,30/09/2019,Azteca,30/09/2019,0.0,2.6693256419462617,137.6,1.0,0.0063829985801787,True
2019-10,alfin,Banco Azteca,B. Azteca Perú,Azteca,30/10/2019,Azteca,30/10/2019,0.0,2.2990696685301493,140.79,1.0,0.110725430948253,True
2019-11,alfin,Banco Azteca,B. Azteca Perú,Azteca,29/11/2019,Azteca,29/11/2019,0.0,4.497411165480324,136.96,1.02,0.108910232526761,True
2019-12,alfin,Banco Azteca,B. Azteca Perú,Azteca,31/12/2019,Azteca,31/12/2019,0.0,3.3560245857189988,131.0,1.0,0.214521161156722,True
2020-01,alfin,Banco Azteca,B. Azteca Perú,Azteca,31/01/2020,Azteca,31/01/2020,0.0,3.5461962882556133,126.91,1.0,0.0538080667322616,True
2020-02,alfin,Banco Azteca,B. Azteca Perú,Azteca,28/02/2020,Azteca,28/02/2020,0.0,3.4579358047299795,122.91,1.0,0.142172034360178,True
2020-03,alfin,Banco Azteca,B. Azteca Perú,Azteca,31/03/2020,Azteca,31/03/2020,0.0,4.368255504442608,122.55,1.0,0.645999987966259,True
2020-04,alfin,Banco Azteca,B. Azteca Perú,Azteca,30/04/2020,Azteca,30/04/2020,0.0,2.8780664931440927,127.59,1.0,0.104582684852522,True
2020-05,alfin,Banco Azteca,B. Azteca Perú,Azteca,29/05/2020,Azteca,29/05/2020,0.0,2.7069223712495765,138.53,1.0,0.204153570879042,True
2020-06,alfin,Banco Azteca,B. Azteca Perú,Azteca,30/06/2020,Azteca,30/06/2020,0.0,2.8260352225682093,147.18,1.0,-0.266096854987984,True
2020-07,alfin,Banco Azteca,B. Azteca Perú,Azteca,31/07/2020,Azteca,31/07/2020,0.0,2.8750407852168607,146.65,1.0,0.462688397344215,True
2020-08,alfin,Banco Azteca,B. Azteca Perú,Azteca,31/08/2020,Azteca,31/08/2020,0.0,2.955931922235986,148.9,1.0,-0.110238965197723,True
2020-09,alfin,Banco Azteca,B. Azteca Perú,Azteca,30/09/2020,Azteca,30/09/2020,0.0,3.054123326399974,150.32,1.0,0.136353971354613,True
2020-10,alfin,Banco Azteca,B. Azteca Perú,Azteca,30/10/2020,Azteca,30/10/2020,0.0,3.036592885805249,145.55,1.0,0.0167755516523417,True
2020-11,alfin,Banco Azteca,B. Azteca Perú,Azteca,30/11/2020,Azteca,30/11/2020,0.0,3.1079018354339536,143.79,1.0,0.520479581391504,True
2020-12,alfin,Banco Azteca,B. Azteca Perú,Azteca,31/12/2020,Azteca,31/12/2020,0.0,3.172966773026374,135.91,1.0,0.0487327395330378,True
2021-01,alfin,Banco Azteca,B. Azteca Perú,Azteca,29/01/2021,Azteca,29/01/2021,0.0,3.177815963852533,85.49,1.0,0.742901704166242,True
2021-02,alfin,Banco Azteca,B. Azteca Perú,Azteca,26/02/2021,Azteca,26/02/2021,0.0,3.1516409073139906,69.11,1.01,-0.125265562868538,True
2021-03,alfin,Banco Azteca,B. Azteca Perú,Azteca,31/03/2021,Azteca,31/03/2021,0.0,3.235019869853579,83.81,1.01,0.839468767410369,True
2021-04,alfin,Banco Azteca,B. Azteca Perú,Azteca,30/04/2021,Azteca,30/04/2021,0.0,5.140231459143703,88.84,1.0,-0.104691802721501,True
2021-05,alfin,Banco Azteca,B. Azteca Perú,Azteca,31/05/2021,Azteca,31/05/2021,0.0,3.093175230078389,83.0,1.0,0.266557522263624,True
2021-06,alfin,Banco Azteca,B. Azteca Perú,Azteca,30/06/2021,Azteca,30/06/2021,3.276505316383176e-07,2.7367158237866627,68.23,1.0,0.51967163414861,True
2021-07,alfin,Banco Azteca,B. Azteca Perú,Azteca,30/07/2021,Azteca,30/07/2021,3.231688287818888e-07,2.5504263531155846,72.42,1.0,1.00753906510749,True
2021-08,alfin,Banco Azteca,B. Azteca Perú,Azteca,31/08/2021,Azteca,31/08/2021,0.0,2.003931316996584,72.56,1.0,0.98493531236659,True
2021-09,alfin,Banco Azteca,B. Azteca Perú,Azteca,30/09/2021,Azteca,30/09/2021,0.0,1.882241325823976,72.25,1.0,0.40042251687241,True
2021-10,alfin,Banco Azteca,B. Azteca Perú,Azteca,29/10/2021,Azteca,29/10/2021,0.0,1.866917933470134,72.07,1.0,0.58366506925955,True
2021-11,alfin,Alfin Banco1/,Alfin Banco 1/,Alfin,30/11/2021,Alfin,30/11/2021,0.0,1.7869586252055938,66.97,1.01,0.358183580426998,True
2021-12,alfin,Alfin Banco1/,Alfin Banco 1/,Alfin,31/12/2021,Alfin,31/12/2021,0.0,1.5165235191321187,62.17,1.03,0.782835268325123,True
2022-01,alfin,Alfin Banco1/,Alfin Banco,Alfin,31/01/2022,Alfin,31/01/2022,2.456281495155107e-07,1.3222877309733592,64.6,1.14,0.0372679999999974,True
2022-02,alfin,Alfin Banco1/,Alfin Banco,Alfin,28/02/2022,Alfin,28/02/2022,0.0,1.3730800992621115,66.84,1.09,0.311455926605271,True
2022-03,alfin,Alfin Banco1/,Alfin Banco,Alfin,31/03/2022,Alfin,31/03/2022,2.398843058346243e-07,0.9740824308397852,67.74,1.42,1.48265988924236,True
2022-04,alfin,Alfin Banco1/,Alfin Banco,Alfin,29/04/2022,Alfin,29/04/2022,0.0,1.0248842689354536,65.01,1.54,0.961893177341858,True
2022-05,alfin,Alfin Banco1/,Alfin Banco,Alfin,31/05/2022,Alfin,31/05/2022,0.0,1.149663079073669,68.63,1.18,0.384024966018986,True
2022-06,alfin,Alfin Banco1/,Alfin Banco,Alfin,30/06/2022,Alfin,30/06/2022,0.0,1.0111223986872115,69.31,1.18,1.19062710636316,True
2022-07,alfin,Alfin Banco,Alfin Banco,Alfin,27/07/2022,Alfin,27/07/2022,0.0,1.6064077971204598,69.45,1.15,0.940891085039107,True
2022-08,alfin,Alfin Banco,Alfin Banco,Alfin,31/08/2022,Alfin,31/08/2022,0.0,2.388731659784245,69.0,0.72,0.666542107665968,True
2022-09,alfin,Alfin Banco,Alfin Banco,Alfin,30/09/2022,Alfin,30/09/2022,1.97566496248398e-07,2.1649549844455733,68.62,0.28,0.522557852684368,True
2022-10,alfin,Alfin Banco,Alfin Banco,Alfin,31/10/2022,Alfin,31/10/2022,0.0,2.2373505135954552,66.88,0.17,0.347652348101841,True
2022-11,alfin,Alfin Banco,Alfin Banco,Alfin,30/11/2022,Alfin,30/11/2022,0.0,4.699149523343111,67.67,0.31,0.517639656505263,True
2022-12,alfin,Alfin Banco,Alfin Banco,Alfin,30/12/2022,Alfin,30/12/2022,1.7394968645021717e-07,8.952810737424377,68.23,0.39,0.793924170395989,True
2023-01,alfin,Alfin Banco,Alfin Banco,Alfin,31/01/2023,Alfin,31/01/2023,1.6795644205367085e-07,7.886654596955206,67.16,0.38,0.226446521871514,True
2023-02,alfin,Alfin Banco,Alfin Banco,Alfin,28/02/2023,Alfin,28/02/2023,1.6067996395686726e-07,4.414852289924025,67.86,0.24,0.29452251053137,True
2023-03,alfin,Alfin Banco,Alfin Banco,Alfin,31/03/2023,Alfin,31/03/2023,0.0,8.314677025083732,67.23,0.26,1.25348677152025,True
2023-04,alfin,Alfin Banco,Alfin Banco,Alfin,28/04/2023,Alfin,28/04/2023,0.0,9.621489488971376,66.22,0.36,0.556251880069387,True
2023-05,alfin,Alfin Banco,Alfin Banco,Alfin,31/05/2023,Alfin,31/05/2023,0.0,8.544344894040691,65.26,0.78,0.31786146413237,True
2023-06,alfin,Alfin Banco,Alfin Banco,Alfin,30/06/2023,Alfin,30/06/2023,0.0,11.699433667918106,63.91,0.75,-0.152769746155551,True
2023-07,alfin,Alfin Banco,Alfin Banco,Alfin,31/07/2023,Alfin,31/07/2023,0.0,11.800637003720658,62.54,0.63,0.391066276983018,True
2023-08,alfin,Alfin Banco,Alfin Banco,Alfin,31/08/2023,Alfin,31/08/2023,0.0,10.63753783374176,62.48,1.03,0.376132603479856,True
2023-09,alfin,Alfin Banco,Alfin Banco,Alfin,29/09/2023,Alfin,29/09/2023,0.1998859910945893,9.908864340105175,63.58,0.79,0.0164026333286269,True
2023-10,alfin,Alfin Banco,Alfin Banco,Alfin,31/10/2023,Alfin,31/10/2023,0.464478531147675,10.140652269937984,61.59,0.62,-0.322447443370826,True
2023-11,alfin,Alfin Banco,Alfin Banco,Alfin,30/11/2023,Alfin,30/11/2023,0.8078803028837123,9.558460102680382,60.57,0.5,-0.163060842314584,True
2023-12,alfin,Alfin Banco,Alfin Banco,Alfin,29/12/2023,Alfin,29/12/2023,3.6752533323410574,9.427786347105933,61.04,0.7,0.405777961086682,True
2024-01,alfin,Alfin Banco,Alfin Banco,Alfin,31/01/2024,Alfin,31/01/2024,8.48676954453998,16.941999204942444,60.26,1.27,0.0192113272793558,True
2024-02,alfin,Alfin Banco,Alfin Banco,Alfin,29/02/2024,Alfin,29/02/2024,8.23000939134534,13.831013115783628,66.78,0.36,0.557510800936321,True
2024-03,alfin,Alfin Banco,Alfin Banco,Alfin,27/03/2024,Alfin,27/03/2024,7.647584517965682,14.604084621631111,70.78,0.34,1.00938516188575,True
2024-04,alfin,Alfin Banco,Alfin Banco,Alfin,30/04/2024,Alfin,30/04/2024,7.6255678018529744,12.62872766907024,73.05,0.37,-0.0516715997229469,True
2024-05,alfin,Alfin Banco,Alfin Banco,Alfin,31/05/2024,Alfin,31/05/2024,7.351569582410081,13.455288269135307,73.5,0.95,-0.0907064485030323,True
2024-06,alfin,Alfin Banco,Alfin Banco,Alfin,28/06/2024,Alfin,28/06/2024,7.831041953352747,14.314371961503142,70.3,1.13,0.121741927959431,True
2024-07,alfin,Alfin Banco,Alfin Banco,Alfin,31/07/2024,Alfin,31/07/2024,7.714978120910082,12.502799459832126,62.19,0.67,0.236268738691571,True
2024-08,alfin,Alfin Banco,Alfin Banco,Alfin,31/08/2024,Alfin,31/08/2024,8.325497166218799,15.53659883778824,58.29,0.94,0.284170528141876,True
2024-09,alfin,Alfin Banco,Alfin Banco,Alfin,30/09/2024,Alfin,30/09/2024,7.998964143822087,15.15939873633661,58.42,0.75,-0.237560474773851,True
2024-10,alfin,Alfin Banco,Alfin Banco,Alfin,31/10/2024,Alfin,31/10/2024,7.825928179117127,15.243621519459674,57.9,0.63,-0.0931035230159262,True
2024-11,alfin,Alfin Banco,Alfin Banco,Alfin,29/11/2024,Alfin,29/11/2024,7.491607314860446,13.783145391627787,57.04,0.73,0.0941530377317251,True
2024-12,alfin,Alfin Banco,Alfin Banco,Alfin,30/12/2024,Alfin,30/12/2024,6.9021379040316,15.68058661972576,56.19,0.87,0.105667996950954,True
2025-01,alfin,Alfin Banco,Alfin Banco,Alfin,31/01/2025,Alfin,31/01/2025,6.62883459101618,15.32250387791824,58.51,0.82,-0.0933179134509413,True
2025-02,alfin,Alfin Banco,Alfin Banco,Alfin,28/02/2025,Alfin,28/02/2025,6.86007615790775,18.1424265996074,59.06,1.02,0.188012094871704,True
2025-03,alfin,Alfin Banco,Alfin Banco,Alfin,31/03/2025,Alfin,31/03/2025,6.257639841452929,16.06815609344992,60.96,1.74,0.810159321766145,True
2025-04,alfin,Alfin Banco,Alfin Banco,Alfin,30/04/2025,Alfin,30/04/2025,5.1095233509690665,15.066764717705606,59.41,1.58,0.31806633832046,True
2025-05,alfin,Alfin Banco,Alfin Banco,Alfin,30/05/2025,Alfin,30/05/2025,4.973529140365683,16.103380582703526,56.02,1.66,-0.0564746187563057,True
2025-06,alfin,Alfin Banco,Alfin Banco,Alfin,30/06/2025,Alfin,30/06/2025,4.814384112449827,18.095731953433965,55.55,1.86,0.128679643778829,True
2025-07,alfin,Alfin Banco,Alfin Banco,Alfin,31/07/2025,Alfin,31/07/2025,4.7384219811678765,16.680685165198877,56.88,2.29,0.231431002364371,True
2025-08,alfin,Alfin Banco,Alfin Banco,Alfin,29/08/2025,Alfin,29/08/2025,4.421341813785926,17.17785599764724,57.07,1.91,-0.29025398690341,True
2025-09,alfin,Alfin Banco,Alfin Banco,Alfin,30/09/2025,Alfin,30/09/2025,5.295644949866891,20.624991247017217,55.0,0.52,0.0111517897177685,True
2025-10,alfin,Alfin Banco,Alfin Banco,Alfin,31/10/2025,Alfin,31/10/2025,4.8544764318291564,19.29364421872857,54.7,0.55,-0.0996274056654658,True
2025-11,alfin,Alfin Banco,Alfin Banco,Alfin,28/11/2025,Alfin,28/11/2025,4.731804225816151,19.07514871982612,54.69,0.9,0.110781919406383,True
2025-12,alfin,Alfin Banco,Alfin Banco,Alfin,31/12/2025,Alfin,31/12/2025,4.662759898020532,16.90065036556803,52.38,0.57,0.244108583947482,True
2015-11,bancom,Banco de Comercio,B. de Comercio,Comercio,30/11/2015,Comercio,30/11/2015,12.61673600404831,30.857172781647343,19.08,1.47,0.344071735952856,True
2015-12,bancom,Banco de Comercio,B. de Comercio,Comercio,31/12/2015,Comercio,31/12/2015,12.35422595421482,31.889440509514223,19.03,1.48,0.445721499061671,True
2016-01,bancom,Banco de Comercio,B. de Comercio,Comercio,29/01/2016,Comercio,29/01/2016,12.318840750460888,33.33614115592383,19.21,1.45,0.37252021115541,True
2016-02,bancom,Banco de Comercio,B. de Comercio,Comercio,29/02/2016,Comercio,29/02/2016,10.76269801752764,33.62502559623563,19.4,1.39,0.174091242706681,True
2016-03,bancom,Banco de Comercio,B. de Comercio,Comercio,31/03/2016,Comercio,31/03/2016,10.241638692363006,31.62244455153499,19.2,1.39,0.598118099213,True
2016-04,bancom,Banco de Comercio,B. de Comercio,Comercio,29/04/2016,Comercio,29/04/2016,9.282692272455872,29.85450627902275,19.25,1.36,0.0114065609758854,True
2016-05,bancom,Banco de Comercio,B. de Comercio,Comercio,31/05/2016,Comercio,31/05/2016,9.638381109184296,29.82062476141868,19.45,1.33,0.209563738332199,True
2016-06,bancom,Banco de Comercio,B. de Comercio,Comercio,30/06/2016,Comercio,30/06/2016,8.977053119420884,29.315365195732284,19.53,1.4,0.139508528737671,True
2016-07,bancom,Banco de Comercio,B. de Comercio,Comercio,27/07/2016,Comercio,27/07/2016,9.297287312273102,30.748553170658845,19.42,1.44,0.081747041914584,True
2016-08,bancom,Banco de Comercio,B. de Comercio,Comercio,31/08/2016,Comercio,31/08/2016,10.199444320985988,30.64015713239309,19.4,1.39,0.358285853821853,True
2016-09,bancom,Banco de Comercio,B. de Comercio,Comercio,30/09/2016,Comercio,30/09/2016,10.878328922477454,30.341667205608022,19.49,1.43,0.206464092392192,True
2016-10,bancom,Banco de Comercio,B. de Comercio,Comercio,31/10/2016,Comercio,31/10/2016,10.551576961834025,30.307263382307127,19.36,1.38,0.413354520523768,True
2016-11,bancom,Banco de Comercio,B. de Comercio,Comercio,30/11/2016,Comercio,30/11/2016,10.771278041692776,30.033842665844286,19.07,1.42,0.290064059118052,True
2016-12,bancom,Banco de Comercio,B. de Comercio,Comercio,30/12/2016,Comercio,30/12/2016,10.282783576742174,29.237612753388674,19.12,1.44,0.33419524609934,True
2017-01,bancom,Banco de Comercio,B. de Comercio,Comercio,31/01/2017,Comercio,31/01/2017,8.466092655042381,27.288505579485644,19.19,1.39,0.237843060107308,True
2017-02,bancom,Banco de Comercio,B. de Comercio,Comercio,28/02/2017,Comercio,28/02/2017,8.059043280123916,26.87178330325632,19.45,1.37,0.323171371975582,True
2017-03,bancom,Banco de Comercio,B. de Comercio,Comercio,31/03/2017,Comercio,31/03/2017,8.839995824281473,25.92954280342021,19.4,1.37,1.30455818519093,True
2017-04,bancom,Banco de Comercio,B. de Comercio,Comercio,28/04/2017,Comercio,28/04/2017,8.318765244168976,25.340073201289435,19.12,1.41,-0.258053478882145,True
2017-05,bancom,Banco de Comercio,B. de Comercio,Comercio,31/05/2017,Comercio,31/05/2017,8.627333250342234,25.33991031217945,19.06,1.37,-0.423337988013419,True
2017-06,bancom,Banco de Comercio,B. de Comercio,Comercio,28/06/2017,Comercio,28/06/2017,8.384795096212075,24.34392707840692,19.09,1.4,-0.159198769026384,True
2017-07,bancom,Banco de Comercio,B. de Comercio,Comercio,31/07/2017,Comercio,31/07/2017,8.407298531980054,23.962553437232145,19.2,1.38,0.198285823750627,True
2017-08,bancom,Banco de Comercio,B. de Comercio,Comercio,31/08/2017,Comercio,31/08/2017,8.117576758326944,21.89722010908948,19.16,1.34,0.672225629676554,True
2017-09,bancom,Banco de Comercio,B. de Comercio,Comercio,29/09/2017,Comercio,29/09/2017,8.046461100823734,22.275438579372796,18.1,1.41,-0.0157699757397503,True
2017-10,bancom,Banco de Comercio,B. de Comercio,Comercio,31/10/2017,Comercio,31/10/2017,7.076596749560634,23.03876558693295,17.46,1.4,-0.469245219484567,True
2017-11,bancom,Banco de Comercio,B. de Comercio,Comercio,30/11/2017,Comercio,30/11/2017,7.884917189586119,22.475955761095506,17.68,1.41,-0.197237337488294,True
2017-12,bancom,Banco de Comercio,B. de Comercio,Comercio,29/12/2017,Comercio,29/12/2017,9.016949757233377,22.31139343945354,17.48,1.44,0.156851858043552,True
2018-01,bancom,Banco de Comercio,B. de Comercio,Comercio,31/01/2018,Comercio,31/01/2018,10.255335853095994,22.096539778440498,17.66,1.44,0.127417107488591,True
2018-02,bancom,Banco de Comercio,B. de Comercio,Comercio,28/02/2018,Comercio,28/02/2018,10.017012119073293,23.034849325198223,18.04,1.4,0.250220520720826,True
2018-03,bancom,Banco de Comercio,B. de Comercio,Comercio,28/03/2018,Comercio,28/03/2018,10.849927712038092,23.35456102798648,17.89,1.43,0.487124356837782,True
2018-04,bancom,Banco de Comercio,B. de Comercio,Comercio,30/04/2018,Comercio,30/04/2018,10.394320853146263,23.239729527894383,17.35,1.47,-0.137073083858309,True
2018-05,bancom,Banco de Comercio,B. de Comercio,Comercio,31/05/2018,Comercio,31/05/2018,11.770876321770798,22.518405212471023,17.1,1.42,0.0184551804113629,True
2018-06,bancom,Banco de Comercio,B. de Comercio,Comercio,28/06/2018,Comercio,28/06/2018,12.413099563924344,22.597788158807592,16.85,1.48,0.334058214668909,True
2018-07,bancom,Banco de Comercio,B. de Comercio,Comercio,31/07/2018,Comercio,31/07/2018,12.53902451664469,22.403159453357365,16.38,1.42,0.382785985925354,True
2018-08,bancom,Banco de Comercio,B. de Comercio,Comercio,29/08/2018,Comercio,29/08/2018,12.608043851617504,23.13706553577533,16.17,1.42,0.131767259402052,True
2018-09,bancom,Banco de Comercio,B. de Comercio,Comercio,28/09/2018,Comercio,28/09/2018,12.525357085972374,22.11144211798055,16.06,1.46,0.191681610790045,True
2018-10,bancom,Banco de Comercio,B. de Comercio,Comercio,31/10/2018,Comercio,31/10/2018,12.341863494896865,22.72150178219237,16.13,1.41,0.0816835303769421,True
2018-11,bancom,Banco de Comercio,B. de Comercio,Comercio,30/11/2018,Comercio,30/11/2018,12.15151322666686,22.26796620850068,15.96,1.4,0.122438003210824,True
2018-12,bancom,Banco de Comercio,B. de Comercio,Comercio,31/12/2018,Comercio,31/12/2018,11.205529811525851,22.767840536096003,15.85,1.38,0.181777270585084,True
2019-01,bancom,Banco de Comercio,B. de Comercio,Comercio,31/01/2019,Comercio,31/01/2019,11.250377234203238,21.90503031028658,16.1,1.37,0.0653322898985492,True
2019-02,bancom,Banco de Comercio,B. de Comercio,Comercio,28/02/2019,Comercio,28/02/2019,11.139183562851889,21.31036154846664,16.73,1.43,0.126761453780625,True
2019-03,bancom,Banco de Comercio,B. de Comercio,Comercio,29/03/2019,Comercio,29/03/2019,11.526589399766642,23.409284526391648,16.56,1.38,0.727552259105356,True
2019-04,bancom,Banco de Comercio,B. de Comercio,Comercio,30/04/2019,Comercio,30/04/2019,11.912385552847496,22.200476502922157,16.56,1.43,0.200080537447719,True
2019-05,bancom,Banco de Comercio,B. de Comercio,Comercio,31/05/2019,Comercio,31/05/2019,12.445557329214264,23.62221093228576,16.7,1.42,0.14761382269664,True
2019-06,bancom,Banco de Comercio,B. de Comercio,Comercio,28/06/2019,Comercio,28/06/2019,11.49223441223029,22.616950814146392,16.65,1.33,-0.0862718704256484,True
2019-07,bancom,Banco de Comercio,B. de Comercio,Comercio,31/07/2019,Comercio,31/07/2019,11.931660876318558,21.037144948669734,16.52,1.32,0.203336703292959,True
2019-08,bancom,Banco de Comercio,B. de Comercio,Comercio,28/08/2019,Comercio,28/08/2019,12.227023903449965,20.55572540769573,16.92,1.4,0.0609772736582818,True
2019-09,bancom,Banco de Comercio,B. de Comercio,Comercio,30/09/2019,Comercio,30/09/2019,11.935852896000462,20.165032616663005,16.71,1.32,0.0063829985801787,True
2019-10,bancom,Banco de Comercio,B. de Comercio,Comercio,30/10/2019,Comercio,30/10/2019,11.558183801827512,19.731679423837257,16.95,1.34,0.110725430948253,True
2019-11,bancom,Banco de Comercio,B. de Comercio,Comercio,29/11/2019,Comercio,29/11/2019,11.464610408090907,18.611069279511465,17.09,1.36,0.108910232526761,True
2019-12,bancom,Banco de Comercio,B. de Comercio,Comercio,31/12/2019,Comercio,31/12/2019,10.52785076534298,17.353261295490544,16.71,1.31,0.214521161156722,True
2020-01,bancom,Banco de Comercio,B. de Comercio,Comercio,31/01/2020,Comercio,31/01/2020,10.268886195659436,16.615843243787136,16.72,1.23,0.0538080667322616,True
2020-02,bancom,Banco de Comercio,B. de Comercio,Comercio,28/02/2020,Comercio,28/02/2020,9.9711017301564,16.723134291534475,17.33,1.25,0.142172034360178,True
2020-03,bancom,Banco de Comercio,B. de Comercio,Comercio,31/03/2020,Comercio,31/03/2020,9.084932872586016,17.019769409350403,17.22,1.26,0.645999987966259,True
2020-04,bancom,Banco de Comercio,B. de Comercio,Comercio,30/04/2020,Comercio,30/04/2020,8.793895592202631,16.66925240837977,17.43,1.4,0.104582684852522,True
2020-05,bancom,Banco de Comercio,B. de Comercio,Comercio,29/05/2020,Comercio,29/05/2020,8.532658147344025,16.54397471311948,17.19,1.39,0.204153570879042,True
2020-06,bancom,Banco de Comercio,B. de Comercio,Comercio,30/06/2020,Comercio,30/06/2020,8.345198156899544,16.72241132642388,16.8,1.45,-0.266096854987984,True
2020-07,bancom,Banco de Comercio,B. de Comercio,Comercio,31/07/2020,Comercio,31/07/2020,6.106565760529917,16.50797088117524,17.45,1.49,0.462688397344215,True
2020-08,bancom,Banco de Comercio,B. de Comercio,Comercio,31/08/2020,Comercio,31/08/2020,5.445713566364533,17.01446407383728,17.67,1.38,-0.110238965197723,True
2020-09,bancom,Banco de Comercio,B. de Comercio,Comercio,30/09/2020,Comercio,30/09/2020,5.142424588673862,16.3529197975854,16.89,1.31,0.136353971354613,True
2020-10,bancom,Banco de Comercio,B. de Comercio,Comercio,30/10/2020,Comercio,30/10/2020,5.008628379791325,16.56872515946729,17.37,1.31,0.0167755516523417,True
2020-11,bancom,Banco de Comercio,B. de Comercio,Comercio,30/11/2020,Comercio,30/11/2020,4.520771471975938,16.776963080205682,17.2,1.26,0.520479581391504,True
2020-12,bancom,Banco de Comercio,B. de Comercio,Comercio,31/12/2020,Comercio,31/12/2020,4.635450185643162,16.842947195611288,16.87,1.34,0.0487327395330378,True
2021-01,bancom,Banco de Comercio,B. de Comercio,Comercio,29/01/2021,Comercio,29/01/2021,4.5965498950925205,16.63274497193072,17.53,1.36,0.742901704166242,True
2021-02,bancom,Banco de Comercio,B. de Comercio,Comercio,26/02/2021,Comercio,26/02/2021,4.640885369515865,16.432589868020994,16.59,1.34,-0.125265562868538,True
2021-03,bancom,Banco de Comercio,B. de Comercio,Comercio,31/03/2021,Comercio,31/03/2021,5.011379488301155,16.72336508331516,14.63,1.33,0.839468767410369,True
2021-04,bancom,Banco de Comercio,B. de Comercio,Comercio,30/04/2021,Comercio,30/04/2021,4.492537218512306,17.133292792848128,14.65,1.3,-0.104691802721501,True
2021-05,bancom,Banco de Comercio,B. de Comercio,Comercio,31/05/2021,Comercio,31/05/2021,4.615046072141021,17.745308505755194,14.55,1.17,0.266557522263624,True
2021-06,bancom,Banco de Comercio,B. de Comercio,Comercio,30/06/2021,Comercio,30/06/2021,5.659237827997794,17.70173941063062,14.38,1.17,0.51967163414861,True
2021-07,bancom,Banco de Comercio,B. de Comercio,Comercio,30/07/2021,Comercio,30/07/2021,6.857047977843646,17.723876963026456,15.01,1.22,1.00753906510749,True
2021-08,bancom,Banco de Comercio,B. de Comercio,Comercio,31/08/2021,Comercio,31/08/2021,7.343961977613708,17.742973452662618,15.31,1.24,0.98493531236659,True
2021-09,bancom,Banco de Comercio,B. de Comercio,Comercio,30/09/2021,Comercio,30/09/2021,7.7270260981324626,17.27676746093533,12.84,1.15,0.40042251687241,True
2021-10,bancom,Banco de Comercio,B. de Comercio,Comercio,29/10/2021,Comercio,29/10/2021,7.823583876161444,17.20368364188884,12.73,1.07,0.58366506925955,True
2021-11,bancom,Banco de Comercio,B. de Comercio,Comercio,30/11/2021,Comercio,30/11/2021,7.8927482000667775,17.625868513800146,13.65,1.06,0.358183580426998,True
2021-12,bancom,Banco de Comercio,B. de Comercio,Comercio,31/12/2021,Comercio,31/12/2021,6.700018630221118,17.579977497198215,13.02,1.11,0.782835268325123,True
2022-01,bancom,Banco de Comercio,B. de Comercio,Comercio,31/01/2022,Comercio,31/01/2022,5.757763575494197,16.408356457035207,14.44,1.08,0.0372679999999974,True
2022-02,bancom,Banco de Comercio,B. de Comercio,Comercio,28/02/2022,Comercio,28/02/2022,5.59217880782838,18.01227153752616,15.06,1.07,0.311455926605271,True
2022-03,bancom,Banco de Comercio,B. de Comercio,Comercio,31/03/2022,Comercio,31/03/2022,6.130823279937645,17.527191460919497,14.07,1.1,1.48265988924236,True
2022-04,bancom,Banco de Comercio,B. de Comercio,Comercio,29/04/2022,Comercio,29/04/2022,6.374169478725553,18.285409922030485,14.17,1.07,0.961893177341858,True
2022-05,bancom,Banco de Comercio,B. de Comercio,Comercio,31/05/2022,Comercio,31/05/2022,6.07653029567958,18.36906886535125,14.63,1.1,0.384024966018986,True
2022-06,bancom,Banco de Comercio,B. de Comercio,Comercio,30/06/2022,Comercio,30/06/2022,6.851685814937604,18.275172027384823,13.97,1.09,1.19062710636316,True
2022-07,bancom,Banco de Comercio,B. de Comercio,Comercio,27/07/2022,Comercio,27/07/2022,6.96191992001471,18.5718098572481,13.98,1.11,0.940891085039107,True
2022-08,bancom,Banco de Comercio,B. de Comercio,Comercio,31/08/2022,Comercio,31/08/2022,7.259672607435974,17.955259163941857,14.75,1.22,0.666542107665968,True
2022-09,bancom,Banco de Comercio,B. de Comercio,Comercio,30/09/2022,Comercio,30/09/2022,7.446219479537734,17.97853501993355,14.71,1.3,0.522557852684368,True
2022-10,bancom,Banco de Comercio,B. de Comercio,Comercio,31/10/2022,Comercio,31/10/2022,7.810718125478584,17.837482700691037,14.31,1.22,0.347652348101841,True
2022-11,bancom,Banco de Comercio,B. de Comercio,Comercio,30/11/2022,Comercio,30/11/2022,7.425848803591043,17.41885489987108,14.42,1.19,0.517639656505263,True
2022-12,bancom,Banco de Comercio,B. de Comercio,Comercio,30/12/2022,Comercio,30/12/2022,7.637636245590576,17.422169067702445,14.62,1.18,0.793924170395989,True
2023-01,bancom,Banco de Comercio,B. de Comercio,Comercio,31/01/2023,Comercio,31/01/2023,7.819459791008786,17.02004094954684,14.94,1.28,0.226446521871514,True
2023-02,bancom,Banco de Comercio,B. de Comercio,Comercio,28/02/2023,Comercio,28/02/2023,7.55651001139427,16.608529611915383,15.42,1.25,0.29452251053137,True
2023-03,bancom,Banco de Comercio,B. de Comercio,Comercio,31/03/2023,Comercio,31/03/2023,7.554968029410874,16.79247484681467,15.21,1.27,1.25348677152025,True
2023-04,bancom,Banco de Comercio,B. de Comercio,Comercio,28/04/2023,Comercio,28/04/2023,7.476256636652699,16.317724892676015,15.18,1.26,0.556251880069387,True
2023-05,bancom,Banco de Comercio,B. de Comercio,Comercio,31/05/2023,Comercio,31/05/2023,8.09212636281541,16.627768794588714,15.42,1.35,0.31786146413237,True
2023-06,bancom,Banco de Comercio,B. de Comercio,Comercio,30/06/2023,Comercio,30/06/2023,8.464111096922888,16.151365330532,15.59,1.34,-0.152769746155551,True
2023-07,bancom,Banco de Comercio,B. de Comercio,Comercio,31/07/2023,Comercio,31/07/2023,8.576803333822761,15.419947088297931,15.41,1.28,0.391066276983018,True
2023-08,bancom,Banco de Comercio,B. de Comercio,Comercio,31/08/2023,Comercio,31/08/2023,9.068033929074652,15.786329250823677,15.42,1.32,0.376132603479856,True
2023-09,bancom,Banco de Comercio,BANCOM,Comercio,29/09/2023,Comercio,29/09/2023,8.60560752254949,16.43108088334285,15.55,1.33,0.0164026333286269,True
2023-10,bancom,BANCOM,BANCOM,Bancom,31/10/2023,Bancom,31/10/2023,8.621280957357207,16.722379802132387,15.51,1.32,-0.322447443370826,True
2023-11,bancom,BANCOM,BANCOM,Bancom,30/11/2023,Bancom,30/11/2023,7.951985591199893,17.689245125646174,15.67,1.32,-0.163060842314584,True
2023-12,bancom,BANCOM,BANCOM,Bancom,29/12/2023,Bancom,29/12/2023,8.270672370287734,17.950797162697906,15.67,1.35,0.405777961086682,True
2024-01,bancom,BANCOM,BANCOM,Bancom,31/01/2024,Bancom,31/01/2024,7.846262199751128,17.777842306018794,15.36,1.35,0.0192113272793558,True
2024-02,bancom,BANCOM,BANCOM,Bancom,29/02/2024,Bancom,29/02/2024,8.111370334052594,18.16180531842086,15.68,1.42,0.557510800936321,True
2024-03,bancom,BANCOM,BANCOM,Bancom,27/03/2024,Bancom,27/03/2024,8.255718185648588,18.459627066223643,15.83,1.38,1.00938516188575,True
2024-04,bancom,BANCOM,BANCOM,Bancom,30/04/2024,Bancom,30/04/2024,7.882848729719708,18.762681132458304,15.63,1.4,-0.0516715997229469,True
2024-05,bancom,BANCOM,BANCOM,Bancom,31/05/2024,Bancom,31/05/2024,7.920545308463383,18.46907391750794,15.71,1.51,-0.0907064485030323,True
2024-06,bancom,BANCOM,BANCOM,Bancom,28/06/2024,Bancom,28/06/2024,7.716772675276765,18.86084921323717,15.95,1.45,0.121741927959431,True
2024-07,bancom,BANCOM,BANCOM,Bancom,31/07/2024,Bancom,31/07/2024,7.828615248705731,18.73464284044605,16.11,1.38,0.236268738691571,True
2024-08,bancom,BANCOM,BANCOM,Bancom,31/08/2024,Bancom,31/08/2024,8.439252379333585,18.782616429659903,15.9,1.36,0.284170528141876,True
2024-09,bancom,BANCOM,BANCOM,Bancom,30/09/2024,Bancom,30/09/2024,7.809466912183316,18.477366307622013,15.51,1.39,-0.237560474773851,True
2024-10,bancom,BANCOM,BANCOM,Bancom,31/10/2024,Bancom,31/10/2024,8.357243609910094,18.52613240383999,15.39,1.33,-0.0931035230159262,True
2024-11,bancom,BANCOM,BANCOM,Bancom,29/11/2024,Bancom,29/11/2024,8.693179887315965,19.33827782827157,15.62,1.27,0.0941530377317251,True
2024-12,bancom,BANCOM,BANCOM,Bancom,30/12/2024,Bancom,30/12/2024,8.25222435608978,19.75293046577018,15.3,1.26,0.105667996950954,True
2025-01,bancom,BANCOM,BANCOM,Bancom,31/01/2025,Bancom,31/01/2025,8.698652106890997,19.18683462353374,15.9,1.43,-0.0933179134509413,True
2025-02,bancom,BANCOM,BANCOM,Bancom,28/02/2025,Bancom,28/02/2025,8.287287348616188,18.937844302696607,15.49,1.26,0.188012094871704,True
2025-03,bancom,BANCOM,BANCOM,Bancom,31/03/2025,Bancom,31/03/2025,8.606299141145406,19.338555537781197,15.37,1.22,0.810159321766145,True
2025-04,bancom,BANCOM,BANCOM,Bancom,30/04/2025,Bancom,30/04/2025,9.19569431918818,19.678202612864272,15.06,1.27,0.31806633832046,True
2025-05,bancom,BANCOM,BANCOM,Bancom,30/05/2025,Bancom,30/05/2025,9.352130426717192,19.19800064618036,15.36,1.22,-0.0564746187563057,True
2025-06,bancom,BANCOM,BANCOM,Bancom,30/06/2025,Bancom,30/06/2025,9.198191707372532,19.607638144440465,15.42,1.47,0.128679643778829,True
2025-07,bancom,BANCOM,BANCOM,Bancom,31/07/2025,Bancom,31/07/2025,9.204341659827111,20.905023499901688,15.69,1.23,0.231431002364371,True
2025-08,bancom,BANCOM,BANCOM,Bancom,29/08/2025,Bancom,29/08/2025,9.28003319042884,20.6291982995938,15.71,1.22,-0.29025398690341,True
2025-09,bancom,BANCOM,BANCOM,Bancom,30/09/2025,Bancom,30/09/2025,8.638657255423004,20.10352487497933,14.94,1.23,0.0111517897177685,True
2025-10,bancom,BANCOM,BANCOM,Bancom,31/10/2025,Bancom,31/10/2025,6.83026325586493,19.60944962199401,15.04,1.26,-0.0996274056654658,True
2025-11,bancom,BANCOM,BANCOM,Bancom,28/11/2025,Bancom,28/11/2025,6.695332100900732,21.262674391386597,14.76,1.22,0.110781919406383,True
2025-12,bancom,BANCOM,BANCOM,Bancom,31/12/2025,Bancom,31/12/2025,6.65459133763289,21.26598062570406,14.96,1.23,0.244108583947482,True
2020-07,bank_of_china,Bank of China*,Bank of China*,Bank of China,31/07/2020,Bank of China,31/07/2020,,,,,0.462688397344215,False
2020-08,bank_of_china,Bank of China,Bank of China,Bank of China,31/08/2020,Bank of China,31/08/2020,,,,,-0.110238965197723,False
2020-09,bank_of_china,Bank of China,Bank of China,Bank of China,30/09/2020,Bank of China,30/09/2020,,100.0,,,0.136353971354613,False
2020-10,bank_of_china,Bank of China,Bank of China,Bank of China,30/10/2020,Bank of China,30/10/2020,,99.88551806233968,,,0.0167755516523417,False
2020-11,bank_of_china,Bank of China,Bank of China,Bank of China,30/11/2020,Bank of China,30/11/2020,,99.88532784960292,,,0.520479581391504,False
2020-12,bank_of_china,Bank of China,Bank of China,Bank of China,31/12/2020,Bank of China,31/12/2020,,99.98303575387769,,,0.0487327395330378,False
2021-01,bank_of_china,Bank of China,Bank of China,Bank of China,29/01/2021,Bank of China,29/01/2021,,99.99215853405732,,,0.742901704166242,False
2021-02,bank_of_china,Bank of China,Bank of China,Bank of China,26/02/2021,Bank of China,26/02/2021,,95.56716755605416,,,-0.125265562868538,False
2021-03,bank_of_china,Bank of China,Bank of China,Bank of China,31/03/2021,Bank of China,31/03/2021,,94.71754058505462,,,0.839468767410369,False
2021-04,bank_of_china,Bank of China,Bank of China,Bank of China,30/04/2021,Bank of China,30/04/2021,,92.11411377636789,,,-0.104691802721501,False
2021-05,bank_of_china,Bank of China,Bank of China,Bank of China,31/05/2021,Bank of China,31/05/2021,,96.87064469690488,,,0.266557522263624,False
2021-06,bank_of_china,Bank of China,Bank of China,Bank of China,30/06/2021,Bank of China,30/06/2021,,81.06669661887923,,,0.51967163414861,False
2021-07,bank_of_china,Bank of China,Bank of China,Bank of China,30/07/2021,Bank of China,30/07/2021,0.0,87.02653616046274,,,1.00753906510749,False
2021-08,bank_of_china,Bank of China,Bank of China,Bank of China,31/08/2021,Bank of China,31/08/2021,0.0,56.704061198620046,,,0.98493531236659,False
2021-09,bank_of_china,Bank of China,Bank of China,Bank of China,30/09/2021,Bank of China,30/09/2021,48.44152800562456,58.05508554116049,,,0.40042251687241,False
2021-10,bank_of_china,Bank of China,Bank of China,Bank of China,29/10/2021,Bank of China,29/10/2021,47.55036357134343,76.0851301234963,,,0.58366506925955,False
2021-11,bank_of_china,Bank of China,Bank of China,Bank of China,30/11/2021,Bank of China,30/11/2021,0.0,61.869453902830685,,,0.358183580426998,False
2021-12,bank_of_china,Bank of China,Bank of China,Bank of China,31/12/2021,Bank of China,31/12/2021,0.0,44.00379671716523,,,0.782835268325123,False
2022-01,bank_of_china,Bank of China,Bank of China,Bank of China,31/01/2022,Bank of China,31/01/2022,48.99910748438098,46.26635023235743,,,0.0372679999999974,False
2022-02,bank_of_china,Bank of China,Bank of China,Bank of China,28/02/2022,Bank of China,28/02/2022,31.94964273562436,50.67111339687306,,,0.311455926605271,False
2022-03,bank_of_china,Bank of China,Bank of China,Bank of China,31/03/2022,Bank of China,31/03/2022,31.612241408787828,63.07266079363829,,,1.48265988924236,False
2022-04,bank_of_china,Bank of China,Bank of China,Bank of China,29/04/2022,Bank of China,29/04/2022,32.39817475071827,69.2810164518614,,,0.961893177341858,False
2022-05,bank_of_china,Bank of China,Bank of China,Bank of China,31/05/2022,Bank of China,31/05/2022,31.629775232886075,82.83425686488485,,,0.384024966018986,False
2022-06,bank_of_china,Bank of China,Bank of China,Bank of China,30/06/2022,Bank of China,30/06/2022,65.66523605150213,86.33589813513326,,,1.19062710636316,False
2022-07,bank_of_china,Bank of China,Bank of China,Bank of China,27/07/2022,Bank of China,27/07/2022,48.87780548628429,82.74337864595647,,,0.940891085039107,False
2022-08,bank_of_china,Bank of China,Bank of China,Bank of China,31/08/2022,Bank of China,31/08/2022,48.38872104733132,90.224764923747,,,0.666542107665968,False
2022-09,bank_of_china,Bank of China,Bank of China,Bank of China,30/09/2022,Bank of China,30/09/2022,49.26370498700656,77.21515429155338,,,0.522557852684368,False
2022-10,bank_of_china,Bank of China,Bank of China,Bank of China,31/10/2022,Bank of China,31/10/2022,66.04836038423318,84.15404453280327,,,0.347652348101841,False
2022-11,bank_of_china,Bank of China,Bank of China,Bank of China,30/11/2022,Bank of China,30/11/2022,65.26601152151812,90.47548205860342,,,0.517639656505263,False
2022-12,bank_of_china,Bank of China,Bank of China,Bank of China,30/12/2022,Bank of China,30/12/2022,65.04092769440655,83.20583723852553,,,0.793924170395989,False
2023-01,bank_of_china,Bank of China,Bank of China,Bank of China,31/01/2023,Bank of China,31/01/2023,65.24245506951509,80.27762291466745,,,0.226446521871514,False
2023-02,bank_of_china,Bank of China,Bank of China,Bank of China,28/02/2023,Bank of China,28/02/2023,78.37726523887973,91.06887603200568,,,0.29452251053137,False
2023-03,bank_of_china,Bank of China,Bank of China,Bank of China,31/03/2023,Bank of China,31/03/2023,54.427083333333336,81.07044330676811,,,1.25348677152025,False
2023-04,bank_of_china,Bank of China,Bank of China,Bank of China,28/04/2023,Bank of China,28/04/2023,54.93433792205049,82.71234698515676,,,0.556251880069387,False
2023-05,bank_of_china,Bank of China,Bank of China,Bank of China,31/05/2023,Bank of China,31/05/2023,61.18881377341331,81.01288488106005,,,0.31786146413237,False
2023-06,bank_of_china,Bank of China,Bank of China,Bank of China,30/06/2023,Bank of China,30/06/2023,60.85679024752604,90.17645617008708,,,-0.152769746155551,False
2023-07,bank_of_china,Bank of China,Bank of China,Bank of China,31/07/2023,Bank of China,31/07/2023,60.72710951526032,90.40356742522926,,,0.391066276983018,False
2023-08,bank_of_china,Bank of China,Bank of China,Bank of China,31/08/2023,Bank of China,31/08/2023,61.29388996405861,96.90941349062514,,,0.376132603479856,False
2023-09,bank_of_china,Bank of China,Bank of China,Bank of China,29/09/2023,Bank of China,29/09/2023,61.91305294085642,95.1099249583964,,,0.0164026333286269,False
2023-10,bank_of_china,Bank of China,Bank of China,Bank of China,31/10/2023,Bank of China,31/10/2023,71.65101710619113,95.47623170268504,,,-0.322447443370826,False
2023-11,bank_of_china,Bank of China,Bank of China,Bank of China,30/11/2023,Bank of China,30/11/2023,61.18200786064341,97.3556611220864,,,-0.163060842314584,False
2023-12,bank_of_china,Bank of China,Bank of China,Bank of China,29/12/2023,Bank of China,29/12/2023,68.43771547328859,97.09217521406174,,,0.405777961086682,False
2024-01,bank_of_china,Bank of China,Bank of China,Bank of China,31/01/2024,Bank of China,31/01/2024,69.31220990448426,96.90122944308752,,,0.0192113272793558,False
2024-02,bank_of_china,Bank of China,Bank of China,Bank of China,29/02/2024,Bank of China,29/02/2024,77.79462738301561,94.720316622507,,,0.557510800936321,False
2024-03,bank_of_china,Bank of China,Bank of China,Bank of China,27/03/2024,Bank of China,27/03/2024,79.96011574255103,95.74940723807796,,,1.00938516188575,False
2024-04,bank_of_china,Bank of China,Bank of China,Bank of China,30/04/2024,Bank of China,30/04/2024,78.13221125335717,94.70284772016686,,,-0.0516715997229469,False
2024-05,bank_of_china,Bank of China,Bank of China,Bank of China,31/05/2024,Bank of China,31/05/2024,78.09037516112458,95.4686962872403,,,-0.0907064485030323,False
2024-06,bank_of_china,Bank of China,Bank of China,Bank of China,28/06/2024,Bank of China,28/06/2024,78.02527629195296,92.891048922719,,,0.121741927959431,False
2024-07,bank_of_china,Bank of China,Bank of China,Bank of China,31/07/2024,Bank of China,31/07/2024,77.50293559255073,93.2858539242747,,,0.236268738691571,False
2024-08,bank_of_china,Bank of China,Bank of China,Bank of China,31/08/2024,Bank of China,31/08/2024,73.99517350420238,91.12584644287064,,0.3,0.284170528141876,False
2024-09,bank_of_china,Bank of China,Bank of China,Bank of China,30/09/2024,Bank of China,30/09/2024,61.49291786302465,87.98486931680216,,0.3,-0.237560474773851,False
2024-10,bank_of_china,Bank of China,Bank of China,Bank of China,31/10/2024,Bank of China,31/10/2024,47.11157547560229,93.5729461806512,,,-0.0931035230159262,False
2024-11,bank_of_china,Bank of China,Bank of China,Bank of China,29/11/2024,Bank of China,29/11/2024,49.15311263057248,96.36163006456653,,,0.0941530377317251,False
2024-12,bank_of_china,Bank of China,Bank of China,Bank of China,30/12/2024,Bank of China,30/12/2024,49.388918047536926,89.76925980505992,,,0.105667996950954,False
2025-01,bank_of_china,Bank of China,Bank of China,Bank of China,31/01/2025,Bank of China,31/01/2025,43.12316993532894,90.06492379264563,,,-0.0933179134509413,False
2025-02,bank_of_china,Bank of China,Bank of China,Bank of China,28/02/2025,Bank of China,28/02/2025,44.37768600679012,89.56896672356042,,,0.188012094871704,False
2025-03,bank_of_china,Bank of China,Bank of China,Bank of China,31/03/2025,Bank of China,31/03/2025,51.95979404301446,94.06319366134868,,,0.810159321766145,False
2025-04,bank_of_china,Bank of China,Bank of China,Bank of China,30/04/2025,Bank of China,30/04/2025,46.4730776307646,93.29915997301838,,,0.31806633832046,False
2025-05,bank_of_china,Bank of China,Bank of China,Bank of China,30/05/2025,Bank of China,30/05/2025,50.57550728329028,91.31174805994117,,,-0.0564746187563057,False
2025-06,bank_of_china,Bank of China,Bank of China,Bank of China,30/06/2025,Bank of China,30/06/2025,55.26045299364928,89.89573999728853,,,0.128679643778829,False
2025-07,bank_of_china,Bank of China,Bank of China,Bank of China,31/07/2025,Bank of China,31/07/2025,52.59660100436258,92.80296465944356,,0.3,0.231431002364371,False
2025-08,bank_of_china,Bank of China,Bank of China,Bank of China,29/08/2025,Bank of China,29/08/2025,52.4364369729262,89.90395989526108,,0.3,-0.29025398690341,False
2025-09,bank_of_china,Bank of China,Bank of China,Bank of China,30/09/2025,Bank of China,30/09/2025,34.161949298547874,90.4186601451224,,,0.0111517897177685,False
2025-10,bank_of_china,Bank of China,Bank of China,Bank of China,31/10/2025,Bank of China,31/10/2025,37.47260774287801,93.35782949996528,,,-0.0996274056654658,False
2025-11,bank_of_china,Bank of China,Bank of China,Bank of China,28/11/2025,Bank of China,28/11/2025,43.8539977087894,95.80927526377565,,,0.110781919406383,False
2025-12,bank_of_china,Bank of China,Bank of China,Bank of China,31/12/2025,Bank of China,31/12/2025,50.47445472374651,94.31060678682591,,,0.244108583947482,False
2015-11,bbva,Banco Continental,B. Continental,Continental,30/11/2015,Continental,30/11/2015,34.32430270065647,54.96532281774902,45.62,0.45,0.344071735952856,True
2015-12,bbva,Banco Continental,B. Continental,Continental,31/12/2015,Continental,31/12/2015,34.06007247060812,53.90113780722577,45.49,0.41,0.445721499061671,True
2016-01,bbva,Banco Continental,B. Continental,Continental,29/01/2016,Continental,29/01/2016,33.91494126443778,56.70257522934045,46.58,0.47,0.37252021115541,True
2016-02,bbva,Banco Continental,B. Continental,Continental,29/02/2016,Continental,29/02/2016,33.029718738239715,55.05475776956331,45.66,2.21,0.174091242706681,True
2016-03,bbva,Banco Continental,B. Continental,Continental,31/03/2016,Continental,31/03/2016,32.013281866583874,54.4179220186436,45.85,2.05,0.598118099213,True
2016-04,bbva,Banco Continental,B. Continental,Continental,29/04/2016,Continental,29/04/2016,32.07883499572349,52.962070855001,46.12,1.01,0.0114065609758854,True
2016-05,bbva,Banco Continental,B. Continental,Continental,31/05/2016,Continental,31/05/2016,33.03867212652381,51.52475082146476,46.5,0.81,0.209563738332199,True
2016-06,bbva,Banco Continental,B. Continental,Continental,30/06/2016,Continental,30/06/2016,32.911642036691305,51.88550173273562,46.06,0.5,0.139508528737671,True
2016-07,bbva,Banco Continental,B. Continental,Continental,27/07/2016,Continental,27/07/2016,33.61447599479065,50.20716589019504,45.91,0.43,0.081747041914584,True
2016-08,bbva,Banco Continental,B. Continental,Continental,31/08/2016,Continental,31/08/2016,33.46567299008405,49.05054159847695,45.35,0.74,0.358285853821853,True
2016-09,bbva,Banco Continental,B. Continental,Continental,30/09/2016,Continental,30/09/2016,33.79304937852798,50.259982047589865,45.88,0.67,0.206464092392192,True
2016-10,bbva,Banco Continental,B. Continental,Continental,31/10/2016,Continental,31/10/2016,34.2527654603171,50.05526950736654,47.23,0.5,0.413354520523768,True
2016-11,bbva,Banco Continental,B. Continental,Continental,30/11/2016,Continental,30/11/2016,34.50979617312153,48.71622791177579,47.08,0.67,0.290064059118052,True
2016-12,bbva,Banco Continental,B. Continental,Continental,30/12/2016,Continental,30/12/2016,33.4775448449542,49.49411261722429,46.49,0.65,0.33419524609934,True
2017-01,bbva,Banco Continental,B. Continental,Continental,31/01/2017,Continental,31/01/2017,32.79483301303542,50.81827349586868,45.88,0.79,0.237843060107308,True
2017-02,bbva,Banco Continental,B. Continental,Continental,28/02/2017,Continental,28/02/2017,32.54707464057681,49.99451542692695,45.42,0.63,0.323171371975582,True
2017-03,bbva,Banco Continental,B. Continental,Continental,31/03/2017,Continental,31/03/2017,32.45876258245855,46.26147937092568,46.22,0.82,1.30455818519093,True
2017-04,bbva,Banco Continental,B. Continental,Continental,28/04/2017,Continental,28/04/2017,32.86039433435462,45.40616364126569,46.72,0.61,-0.258053478882145,True
2017-05,bbva,Banco Continental,B. Continental,Continental,31/05/2017,Continental,31/05/2017,32.76456311035521,46.0817522475465,46.64,0.65,-0.423337988013419,True
2017-06,bbva,Banco Continental,B. Continental,Continental,28/06/2017,Continental,28/06/2017,33.30982887704872,44.15083758755912,48.04,0.66,-0.159198769026384,True
2017-07,bbva,Banco Continental,B. Continental,Continental,31/07/2017,Continental,31/07/2017,33.888547143267886,44.4873757557716,48.69,0.64,0.198285823750627,True
2017-08,bbva,Banco Continental,B. Continental,Continental,31/08/2017,Continental,31/08/2017,34.15321052649644,43.00850385059023,47.28,0.5,0.672225629676554,True
2017-09,bbva,Banco Continental,B. Continental,Continental,29/09/2017,Continental,29/09/2017,34.85748461990219,41.22934741629656,46.08,0.54,-0.0157699757397503,True
2017-10,bbva,Banco Continental,B. Continental,Continental,31/10/2017,Continental,31/10/2017,34.596891278318616,40.82552822659923,42.51,0.66,-0.469245219484567,True
2017-11,bbva,Banco Continental,B. Continental,Continental,30/11/2017,Continental,30/11/2017,34.76020071919289,41.8848034201844,38.87,0.51,-0.197237337488294,True
2017-12,bbva,Banco Continental,B. Continental,Continental,29/12/2017,Continental,29/12/2017,34.781741357608205,39.8821727553537,38.94,0.32,0.156851858043552,True
2018-01,bbva,Banco Continental,B. Continental,Continental,31/01/2018,Continental,31/01/2018,34.19203858870768,41.82076695232857,38.79,0.47,0.127417107488591,True
2018-02,bbva,Banco Continental,B. Continental,Continental,28/02/2018,Continental,28/02/2018,34.122894452266635,40.832277691562815,36.32,0.34,0.250220520720826,True
2018-03,bbva,Banco Continental,B. Continental,Continental,28/03/2018,Continental,28/03/2018,34.36194953481586,40.476138547513365,37.39,0.22,0.487124356837782,True
2018-04,bbva,Banco Continental,B. Continental,Continental,30/04/2018,Continental,30/04/2018,33.54570524546198,41.55713191861313,38.29,0.23,-0.137073083858309,True
2018-05,bbva,Banco Continental,B. Continental,Continental,31/05/2018,Continental,31/05/2018,33.90927380357109,42.06181255090767,37.96,0.24,0.0184551804113629,True
2018-06,bbva,Banco Continental,B. Continental,Continental,28/06/2018,Continental,28/06/2018,33.73588797365537,42.21731924835053,37.16,0.24,0.334058214668909,True
2018-07,bbva,Banco Continental,B. Continental,Continental,31/07/2018,Continental,31/07/2018,34.17546969058702,41.64306786842763,37.6,0.25,0.382785985925354,True
2018-08,bbva,Banco Continental,B. Continental,Continental,29/08/2018,Continental,29/08/2018,34.62332060494145,42.123779607162845,38.59,0.26,0.131767259402052,True
2018-09,bbva,Banco Continental,B. Continental,Continental,28/09/2018,Continental,28/09/2018,34.90668488460793,41.03105865373572,40.55,0.26,0.191681610790045,True
2018-10,bbva,Banco Continental,B. Continental,Continental,31/10/2018,Continental,31/10/2018,34.26371762042225,41.79738284171714,40.54,0.36,0.0816835303769421,True
2018-11,bbva,Banco Continental,B. Continental,Continental,30/11/2018,Continental,30/11/2018,34.085492887901495,41.47678562778876,40.45,0.26,0.122438003210824,True
2018-12,bbva,Banco Continental,B. Continental,Continental,31/12/2018,Continental,31/12/2018,33.170850233985774,40.6314107674207,41.79,0.31,0.181777270585084,True
2019-01,bbva,Banco Continental,B. Continental,Continental,31/01/2019,Continental,31/01/2019,32.85094496398039,42.25938845688182,42.41,0.44,0.0653322898985492,True
2019-02,bbva,Banco Continental,B. Continental,Continental,28/02/2019,Continental,28/02/2019,32.65672234052421,42.25802328412132,39.93,0.33,0.126761453780625,True
2019-03,bbva,Banco Continental,B. Continental,Continental,29/03/2019,Continental,29/03/2019,33.236566773707125,40.821661844245874,38.86,0.32,0.727552259105356,True
2019-04,bbva,Banco Continental,B. Continental,Continental,30/04/2019,Continental,30/04/2019,34.28607073835352,41.43593906866786,41.15,0.48,0.200080537447719,True
2019-05,bbva,Banco Continental,B. Continental,Continental,31/05/2019,Continental,31/05/2019,34.57150659875834,45.023524263791096,39.8,0.41,0.14761382269664,True
2019-06,bbva,Banco BBVA Perú*,B. BBVA Perú*,BBVA,28/06/2019,BBVA,28/06/2019,33.36677179931557,43.02164194467319,39.52,0.34,-0.0862718704256484,True
2019-07,bbva,Banco BBVA Perú,B. BBVA Perú,BBVA,31/07/2019,BBVA,31/07/2019,32.880182912998066,45.58288235393071,38.71,0.54,0.203336703292959,True
2019-08,bbva,Banco BBVA Perú,B. BBVA Perú,BBVA,28/08/2019,BBVA,28/08/2019,33.816061085055246,44.50747449092815,37.81,0.39,0.0609772736582818,True
2019-09,bbva,Banco BBVA Perú,B. BBVA Perú,BBVA,30/09/2019,BBVA,30/09/2019,33.92455929543328,43.85042134173,36.67,0.51,0.0063829985801787,True
2019-10,bbva,Banco BBVA Perú,B. BBVA Perú,BBVA,30/10/2019,BBVA,30/10/2019,32.42260580751368,42.59649961325554,36.39,0.42,0.110725430948253,True
2019-11,bbva,Banco BBVA Perú,B. BBVA Perú,BBVA,29/11/2019,BBVA,29/11/2019,32.87426580554788,42.83202761269542,36.11,0.36,0.108910232526761,True
2019-12,bbva,Banco BBVA Perú,B. BBVA Perú,BBVA,31/12/2019,BBVA,31/12/2019,31.499465182664004,42.23987784716219,37.45,0.48,0.214521161156722,True
2020-01,bbva,Banco BBVA Perú,B. BBVA Perú,BBVA,31/01/2020,BBVA,31/01/2020,31.34797606970917,42.04538166227167,37.29,0.38,0.0538080667322616,True
2020-02,bbva,Banco BBVA Perú,B. BBVA Perú,BBVA,28/02/2020,BBVA,28/02/2020,32.0382864854406,41.156051070680114,34.79,0.28,0.142172034360178,True
2020-03,bbva,Banco BBVA Perú,B. BBVA Perú,BBVA,31/03/2020,BBVA,31/03/2020,31.749791576182535,41.99247865979398,35.86,0.46,0.645999987966259,True
2020-04,bbva,Banco BBVA Perú,B. BBVA Perú,BBVA,30/04/2020,BBVA,30/04/2020,31.906518518325797,41.88563137421142,37.19,0.4,0.104582684852522,True
2020-05,bbva,Banco BBVA Perú,B. BBVA Perú,BBVA,29/05/2020,BBVA,29/05/2020,29.783628002125983,39.36679779135824,38.8,0.28,0.204153570879042,True
2020-06,bbva,Banco BBVA Perú,B. BBVA Perú,BBVA,30/06/2020,BBVA,30/06/2020,28.47770454856557,37.65888866515682,38.7,0.32,-0.266096854987984,True
2020-07,bbva,Banco BBVA Perú,B. BBVA Perú,BBVA,31/07/2020,BBVA,31/07/2020,26.877470426134884,36.16726955328498,39.26,0.19,0.462688397344215,True
2020-08,bbva,Banco BBVA Perú,B. BBVA Perú,BBVA,31/08/2020,BBVA,31/08/2020,25.412741505791647,37.03854528137652,37.93,0.1,-0.110238965197723,True
2020-09,bbva,Banco BBVA Perú,B. BBVA Perú,BBVA,30/09/2020,BBVA,30/09/2020,25.10007257774029,37.844292833770375,35.99,0.06,0.136353971354613,True
2020-10,bbva,Banco BBVA Perú,B. BBVA Perú,BBVA,30/10/2020,BBVA,30/10/2020,25.297477618644777,38.07493168658293,35.37,0.05,0.0167755516523417,True
2020-11,bbva,Banco BBVA Perú,B. BBVA Perú,BBVA,30/11/2020,BBVA,30/11/2020,25.10602499370712,38.84711953220647,35.27,0.04,0.520479581391504,True
2020-12,bbva,Banco BBVA Perú,B. BBVA Perú,BBVA,31/12/2020,BBVA,31/12/2020,24.856824750286957,37.661919944081255,35.54,0.04,0.0487327395330378,True
2021-01,bbva,Banco BBVA Perú,B. BBVA Perú,BBVA,29/01/2021,BBVA,29/01/2021,24.52498520748084,40.742378835209855,35.92,0.04,0.742901704166242,True
2021-02,bbva,Banco BBVA Perú,B. BBVA Perú,BBVA,26/02/2021,BBVA,26/02/2021,24.543416013898742,39.365104532045336,35.0,0.03,-0.125265562868538,True
2021-03,bbva,Banco BBVA Perú,B. BBVA Perú,BBVA,31/03/2021,BBVA,31/03/2021,24.828832474240347,39.895072915923926,34.68,0.03,0.839468767410369,True
2021-04,bbva,Banco BBVA Perú,B. BBVA Perú,BBVA,30/04/2021,BBVA,30/04/2021,25.29102826495737,41.33281603552746,34.35,0.03,-0.104691802721501,True
2021-05,bbva,Banco BBVA Perú,B. BBVA Perú,BBVA,31/05/2021,BBVA,31/05/2021,26.320743673492085,42.02111601127517,31.89,0.02,0.266557522263624,True
2021-06,bbva,Banco BBVA Perú,B. BBVA Perú,BBVA,30/06/2021,BBVA,30/06/2021,26.417517089273097,41.55572615059578,31.27,0.01,0.51967163414861,True
2021-07,bbva,Banco BBVA Perú,B. BBVA Perú,BBVA,30/07/2021,BBVA,30/07/2021,27.135749155832062,39.70082054457468,33.24,0.01,1.00753906510749,True
2021-08,bbva,Banco BBVA Perú,B. BBVA Perú,BBVA,31/08/2021,BBVA,31/08/2021,26.497788531702987,41.3323504490535,33.78,0.02,0.98493531236659,True
2021-09,bbva,Banco BBVA Perú,B. BBVA Perú,BBVA,30/09/2021,BBVA,30/09/2021,25.66584116801367,40.436309864375865,32.7,0.01,0.40042251687241,True
2021-10,bbva,Banco BBVA Perú,B. BBVA Perú,BBVA,29/10/2021,BBVA,29/10/2021,24.96803581657118,41.38134777022551,34.12,0.01,0.58366506925955,True
2021-11,bbva,Banco BBVA Perú,B. BBVA Perú,BBVA,30/11/2021,BBVA,30/11/2021,24.940975896312285,41.689804440306375,35.35,0.01,0.358183580426998,True
2021-12,bbva,Banco BBVA Perú,B. BBVA Perú,BBVA,31/12/2021,BBVA,31/12/2021,25.15803333838127,41.37737550239306,35.91,0.01,0.782835268325123,True
2022-01,bbva,Banco BBVA Perú,B. BBVA Perú,BBVA,31/01/2022,BBVA,31/01/2022,24.901485323024325,40.26429028541264,36.38,0.03,0.0372679999999974,True
2022-02,bbva,Banco BBVA Perú,B. BBVA Perú,BBVA,28/02/2022,BBVA,28/02/2022,25.166534460345204,41.50708052120489,36.07,0.5,0.311455926605271,True
2022-03,bbva,Banco BBVA Perú,B. BBVA Perú,BBVA,31/03/2022,BBVA,31/03/2022,25.85481134050904,41.620566258147534,36.12,0.04,1.48265988924236,True
2022-04,bbva,Banco BBVA Perú,B. BBVA Perú,BBVA,29/04/2022,BBVA,29/04/2022,26.41754249807625,40.83153868153175,36.14,0.01,0.961893177341858,True
2022-05,bbva,Banco BBVA Perú,B. BBVA Perú,BBVA,31/05/2022,BBVA,31/05/2022,26.28242560146416,41.23021778279223,36.83,0.03,0.384024966018986,True
2022-06,bbva,Banco BBVA Perú,B. BBVA Perú,BBVA,30/06/2022,BBVA,30/06/2022,25.76854127157004,42.79169898285101,36.73,0.03,1.19062710636316,True
2022-07,bbva,Banco BBVA Perú,B. BBVA Perú,BBVA,27/07/2022,BBVA,27/07/2022,26.766856223200936,41.292073926386976,38.17,0.01,0.940891085039107,True
2022-08,bbva,Banco BBVA Perú,B. BBVA Perú,BBVA,31/08/2022,BBVA,31/08/2022,26.62603398796988,41.29823996911599,39.06,0.83,0.666542107665968,True
2022-09,bbva,Banco BBVA Perú,B. BBVA Perú,BBVA,30/09/2022,BBVA,30/09/2022,27.19052446504135,41.694865696034704,39.48,0.06,0.522557852684368,True
2022-10,bbva,Banco BBVA Perú,B. BBVA Perú,BBVA,31/10/2022,BBVA,31/10/2022,27.419951874408728,42.20120648072353,40.53,0.16,0.347652348101841,True
2022-11,bbva,Banco BBVA Perú,B. BBVA Perú,BBVA,30/11/2022,BBVA,30/11/2022,26.464955562555478,42.62235331133631,41.18,0.12,0.517639656505263,True
2022-12,bbva,Banco BBVA Perú,B. BBVA Perú,BBVA,30/12/2022,BBVA,30/12/2022,25.97130693681875,40.3944208317147,39.45,0.12,0.793924170395989,True
2023-01,bbva,Banco BBVA Perú,B. BBVA Perú,BBVA,31/01/2023,BBVA,31/01/2023,26.464270075881014,40.94683890448757,38.16,0.19,0.226446521871514,True
2023-02,bbva,Banco BBVA Perú,B. BBVA Perú,BBVA,28/02/2023,BBVA,28/02/2023,26.802914505257096,40.22744812604067,39.29,0.08,0.29452251053137,True
2023-03,bbva,Banco BBVA Perú,B. BBVA Perú,BBVA,31/03/2023,BBVA,31/03/2023,27.15633590469847,40.70699255960972,39.62,0.03,1.25348677152025,True
2023-04,bbva,Banco BBVA Perú,B. BBVA Perú,BBVA,28/04/2023,BBVA,28/04/2023,27.03318332897417,40.5705321506336,39.34,0.33,0.556251880069387,True
2023-05,bbva,Banco BBVA Perú,B. BBVA Perú,BBVA,31/05/2023,BBVA,31/05/2023,27.091767353982487,40.87871929807445,39.0,0.64,0.31786146413237,True
2023-06,bbva,Banco BBVA Perú,B. BBVA Perú,BBVA,30/06/2023,BBVA,30/06/2023,26.752355669447965,39.23432859202109,39.64,0.04,-0.152769746155551,True
2023-07,bbva,Banco BBVA Perú,B. BBVA Perú,BBVA,31/07/2023,BBVA,31/07/2023,26.20723406303261,38.90157400592232,39.47,0.14,0.391066276983018,True
2023-08,bbva,Banco BBVA Perú,B. BBVA Perú,BBVA,31/08/2023,BBVA,31/08/2023,27.013891877844408,39.84566894014522,40.31,1.95,0.376132603479856,True
2023-09,bbva,Banco BBVA Perú,B. BBVA Perú,BBVA,29/09/2023,BBVA,29/09/2023,27.40031301830868,39.398567241356304,42.57,0.27,0.0164026333286269,True
2023-10,bbva,Banco BBVA Perú,B. BBVA Perú,BBVA,31/10/2023,BBVA,31/10/2023,27.36453066265997,38.502283019782105,42.51,0.21,-0.322447443370826,True
2023-11,bbva,Banco BBVA Perú,B. BBVA Perú,BBVA,30/11/2023,BBVA,30/11/2023,26.79290468843102,37.438021774986574,43.31,0.13,-0.163060842314584,True
2023-12,bbva,Banco BBVA Perú,B. BBVA Perú,BBVA,29/12/2023,BBVA,29/12/2023,26.96202181277425,37.33123486242215,43.53,0.18,0.405777961086682,True
2024-01,bbva,Banco BBVA Perú,B. BBVA Perú,BBVA,31/01/2024,BBVA,31/01/2024,27.730618023351305,39.52178039255958,43.2,0.35,0.0192113272793558,True
2024-02,bbva,Banco BBVA Perú,B. BBVA Perú,BBVA,29/02/2024,BBVA,29/02/2024,27.431271104545317,39.14351485987847,42.49,1.72,0.557510800936321,True
2024-03,bbva,Banco BBVA Perú,B. BBVA Perú,BBVA,27/03/2024,BBVA,27/03/2024,28.60778227478945,44.25301077298817,,0.61,1.00938516188575,False
2024-04,bbva,Banco BBVA Perú,B. BBVA Perú,BBVA,30/04/2024,BBVA,30/04/2024,28.05559126404365,43.853142820852085,45.44,0.85,-0.0516715997229469,True
2024-05,bbva,Banco BBVA Perú,B. BBVA Perú,BBVA,31/05/2024,BBVA,31/05/2024,26.692563803624115,38.97099301694082,48.32,0.64,-0.0907064485030323,True
2024-06,bbva,Banco BBVA Perú,B. BBVA Perú,BBVA,28/06/2024,BBVA,28/06/2024,26.66879551271993,39.343557290366284,47.93,0.17,0.121741927959431,True
2024-07,bbva,Banco BBVA Perú,B. BBVA Perú,BBVA,31/07/2024,BBVA,31/07/2024,26.229082642903933,37.858935189553954,,1.11,0.236268738691571,False
2024-08,bbva,Banco BBVA Perú,B. BBVA Perú,BBVA,31/08/2024,BBVA,31/08/2024,26.14850226313156,37.83889128902344,46.3,1.49,0.284170528141876,True
2024-09,bbva,Banco BBVA Perú,B. BBVA Perú,BBVA,30/09/2024,BBVA,30/09/2024,26.57236270199195,38.36924055570089,43.71,0.46,-0.237560474773851,True
2024-10,bbva,Banco BBVA Perú,B. BBVA Perú,BBVA,31/10/2024,BBVA,31/10/2024,26.63628529835872,40.28956981461551,42.95,0.37,-0.0931035230159262,True
2024-11,bbva,Banco BBVA Perú,B. BBVA Perú,BBVA,29/11/2024,BBVA,29/11/2024,26.002455130693413,39.55229739004687,46.28,0.35,0.0941530377317251,True
2024-12,bbva,Banco BBVA Perú,B. BBVA Perú,BBVA,30/12/2024,BBVA,30/12/2024,26.084818843549037,39.7917076722692,48.71,0.24,0.105667996950954,True
2025-01,bbva,Banco BBVA Perú,B. BBVA Perú,BBVA,31/01/2025,BBVA,31/01/2025,25.93789296909846,40.34356472475611,47.46,0.24,-0.0933179134509413,True
2025-02,bbva,Banco BBVA Perú,B. BBVA Perú,BBVA,28/02/2025,BBVA,28/02/2025,25.452574316831843,40.394900776335405,46.01,1.12,0.188012094871704,True
2025-03,bbva,Banco BBVA Perú,B. BBVA Perú,BBVA,31/03/2025,BBVA,31/03/2025,25.461704655689672,40.78984396293775,45.46,0.21,0.810159321766145,True
2025-04,bbva,Banco BBVA Perú,B. BBVA Perú,BBVA,30/04/2025,BBVA,30/04/2025,25.487073629287558,40.35573718111954,49.55,0.33,0.31806633832046,True
2025-05,bbva,Banco BBVA Perú,B. BBVA Perú,BBVA,30/05/2025,BBVA,30/05/2025,25.738705328765803,38.56665798363236,52.68,0.41,-0.0564746187563057,True
2025-06,bbva,Banco BBVA Perú,B. BBVA Perú,BBVA,30/06/2025,BBVA,30/06/2025,25.54535760390445,39.049793073056975,50.01,0.59,0.128679643778829,True
2025-07,bbva,Banco BBVA Perú,B. BBVA Perú,BBVA,31/07/2025,BBVA,31/07/2025,25.43908268518332,39.026902650551285,51.62,0.49,0.231431002364371,True
2025-08,bbva,Banco BBVA Perú,B. BBVA Perú,BBVA,29/08/2025,BBVA,29/08/2025,25.263922799197065,38.334017107763536,51.24,1.0,-0.29025398690341,True
2025-09,bbva,Banco BBVA Perú,B. BBVA Perú,BBVA,30/09/2025,BBVA,30/09/2025,25.55110428020829,39.21246503546803,47.63,0.36,0.0111517897177685,True
2025-10,bbva,Banco BBVA Perú,B. BBVA Perú,BBVA,31/10/2025,BBVA,31/10/2025,25.467388782359457,37.84279327170992,50.01,0.36,-0.0996274056654658,True
2025-11,bbva,Banco BBVA Perú,B. BBVA Perú,BBVA,28/11/2025,BBVA,28/11/2025,25.557323919321533,36.97505421601521,50.78,0.21,0.110781919406383,True
2025-12,bbva,Banco BBVA Perú,B. BBVA Perú,BBVA,31/12/2025,BBVA,31/12/2025,25.928763272106025,35.728670141554595,53.6,0.2,0.244108583947482,True
2022-07,bci,Banco BCI Perú**,Banco BCI Perú*,,,,,100.0,99.65886124020032,,,0.940891085039107,False
2022-08,bci,Banco BCI Perú**,Banco BCI Perú*,BCI,31/08/2022,BCI,31/08/2022,66.34449430445288,81.0389410786999,,,0.666542107665968,False
2022-09,bci,Banco BCI Perú**,Banco BCI Perú*,BCI,30/09/2022,BCI,30/09/2022,75.38345010414695,43.92010474031663,,,0.522557852684368,False
2022-10,bci,Banco BCI Perú**,Banco BCI Perú*,BCI,31/10/2022,BCI,31/10/2022,71.8817591925018,61.7195971106088,,,0.347652348101841,False
2022-11,bci,Banco BCI Perú,Banco BCI Perú,BCI,30/11/2022,BCI,30/11/2022,76.24703087885986,76.52020300320594,,,0.517639656505263,False
2022-12,bci,Banco BCI Perú,Banco BCI Perú,BCI,30/12/2022,BCI,30/12/2022,62.87730630667152,68.03527650828805,,,0.793924170395989,False
2023-01,bci,Banco BCI Perú,Banco BCI Perú,BCI,31/01/2023,BCI,31/01/2023,55.38499062392904,72.32109419385604,,,0.226446521871514,False
2023-02,bci,Banco BCI Perú,Banco BCI Perú,BCI,28/02/2023,BCI,28/02/2023,54.12395611148556,82.43399993353113,,,0.29452251053137,False
2023-03,bci,Banco BCI Perú,Banco BCI Perú,BCI,31/03/2023,BCI,31/03/2023,49.94031681418517,76.52687068029259,,,1.25348677152025,False
2023-04,bci,Banco BCI Perú,Banco BCI Perú,BCI,28/04/2023,BCI,28/04/2023,51.65775621683266,87.78481878328925,,,0.556251880069387,False
2023-05,bci,Banco BCI Perú,Banco BCI Perú,BCI,31/05/2023,BCI,31/05/2023,52.924764593343575,80.41006914472878,,,0.31786146413237,False
2023-06,bci,Banco BCI Perú,Banco BCI Perú,BCI,30/06/2023,BCI,30/06/2023,49.891151174934926,81.29195950203388,,,-0.152769746155551,False
2023-07,bci,Banco BCI Perú,Banco BCI Perú,BCI,31/07/2023,BCI,31/07/2023,63.01184548487386,76.04069411575463,,,0.391066276983018,False
2023-08,bci,Banco BCI Perú,Banco BCI Perú,BCI,31/08/2023,BCI,31/08/2023,56.31696423039434,61.0794446568575,,,0.376132603479856,False
2023-09,bci,Banco BCI Perú,Banco BCI Perú,BCI,29/09/2023,BCI,29/09/2023,57.38497034653831,46.29084435279972,,,0.0164026333286269,False
2023-10,bci,Banco BCI Perú,Banco BCI Perú,BCI,31/10/2023,BCI,31/10/2023,60.82686628909389,50.074367073127135,,,-0.322447443370826,False
2023-11,bci,Banco BCI Perú,Banco BCI Perú,BCI,30/11/2023,BCI,30/11/2023,59.21651024844231,63.05582118679494,,,-0.163060842314584,False
2023-12,bci,Banco BCI Perú,Banco BCI Perú,BCI,29/12/2023,BCI,29/12/2023,57.05461597706537,53.283133346694015,,,0.405777961086682,False
2024-01,bci,Banco BCI Perú,Banco BCI Perú,BCI,31/01/2024,BCI,31/01/2024,57.717128443246814,54.43311791259714,,,0.0192113272793558,False
2024-02,bci,Banco BCI Perú,Banco BCI Perú,BCI,29/02/2024,BCI,29/02/2024,51.50186117008418,52.191903415101805,,,0.557510800936321,False
2024-03,bci,Banco BCI Perú,Banco BCI Perú,BCI,27/03/2024,BCI,27/03/2024,52.045189485318645,60.6409716905122,,,1.00938516188575,False
2024-04,bci,Banco BCI Perú,Banco BCI Perú,BCI,30/04/2024,BCI,30/04/2024,48.70156834863846,59.08760807206788,,,-0.0516715997229469,False
2024-05,bci,Banco BCI Perú,Banco BCI Perú,BCI,31/05/2024,BCI,31/05/2024,51.08493354711886,47.86410228979109,,,-0.0907064485030323,False
2024-06,bci,Banco BCI Perú,Banco BCI Perú,BCI,28/06/2024,BCI,28/06/2024,55.6225238659916,48.34213703789443,,,0.121741927959431,False
2024-07,bci,Banco BCI Perú,Banco BCI Perú,BCI,31/07/2024,BCI,31/07/2024,57.19297124090915,41.98119396658778,,,0.236268738691571,False
2024-08,bci,Banco BCI Perú,Banco BCI Perú,BCI,31/08/2024,BCI,31/08/2024,55.79566181505199,40.1256046500171,,,0.284170528141876,False
2024-09,bci,Banco BCI Perú,Banco BCI Perú,BCI,30/09/2024,BCI,30/09/2024,54.9199065793969,38.01399920851924,,,-0.237560474773851,False
2024-10,bci,Banco BCI Perú,Banco BCI Perú,BCI,31/10/2024,BCI,31/10/2024,55.86506457653682,38.182398360555936,,,-0.0931035230159262,False
2024-11,bci,Banco BCI Perú,Banco BCI Perú,BCI,29/11/2024,BCI,29/11/2024,55.02647262734809,46.38207935350868,,,0.0941530377317251,False
2024-12,bci,Banco BCI Perú,Banco BCI Perú,BCI,30/12/2024,BCI,30/12/2024,55.7592481912692,27.22448532371237,,,0.105667996950954,False
2025-01,bci,Banco BCI Perú,Banco BCI Perú,BCI,31/01/2025,BCI,31/01/2025,52.75715151152824,49.91035887042203,,,-0.0933179134509413,False
2025-02,bci,Banco BCI Perú,Banco BCI Perú,BCI,28/02/2025,BCI,28/02/2025,51.00348726038162,46.93386013490225,,,0.188012094871704,False
2025-03,bci,Banco BCI Perú,Banco BCI Perú,BCI,31/03/2025,BCI,31/03/2025,54.146491252168126,58.811390380458015,,,0.810159321766145,False
2025-04,bci,Banco BCI Perú,Banco BCI Perú,BCI,30/04/2025,BCI,30/04/2025,52.40149090544871,51.741748127808606,,,0.31806633832046,False
2025-05,bci,Banco BCI Perú,Banco BCI Perú,BCI,30/05/2025,BCI,30/05/2025,45.24163965275068,51.560666457179394,,,-0.0564746187563057,False
2025-06,bci,Banco BCI Perú,Banco BCI Perú,BCI,30/06/2025,BCI,30/06/2025,44.64003658626996,60.787001831239806,,,0.128679643778829,False
2025-07,bci,Banco BCI Perú,Banco BCI Perú,BCI,31/07/2025,BCI,31/07/2025,44.54415048740905,50.32004550192445,,,0.231431002364371,False
2025-08,bci,Banco BCI Perú,Banco BCI Perú,BCI,29/08/2025,BCI,29/08/2025,43.608400740860944,53.60024854891211,,,-0.29025398690341,False
2025-09,bci,Banco BCI Perú,Banco BCI Perú,BCI,30/09/2025,BCI,30/09/2025,42.96707204340125,52.33299979986128,,,0.0111517897177685,False
2025-10,bci,Banco BCI Perú,Banco BCI Perú,BCI,31/10/2025,BCI,31/10/2025,39.10619986916862,51.68509445224336,,,-0.0996274056654658,False
2025-11,bci,Banco BCI Perú,Banco BCI Perú,BCI,28/11/2025,BCI,28/11/2025,40.9737716785398,49.0887652531822,,,0.110781919406383,False
2025-12,bci,Banco BCI Perú,Banco BCI Perú,BCI,31/12/2025,BCI,31/12/2025,36.74887377120531,41.82010002458,,,0.244108583947482,False
2015-11,bcp,Banco de Crédito del Perú,B. de Crédito del Perú (con sucursales en el exterior),Crédito,30/11/2015,Crédito,30/11/2015,37.79558599102242,56.39891076160877,31.96,0.21,0.344071735952856,True
2015-12,bcp,Banco de Crédito del Perú,B. de Crédito del Perú (con sucursales en el exterior),Crédito,31/12/2015,Crédito,31/12/2015,36.812685767568745,55.94579596808588,32.19,0.2,0.445721499061671,True
2016-01,bcp,Banco de Crédito del Perú,B. de Crédito del Perú (con sucursales en el exterior),Crédito,29/01/2016,Crédito,29/01/2016,36.762999042003685,56.08317255525416,32.6,0.2,0.37252021115541,True
2016-02,bcp,Banco de Crédito del Perú,B. de Crédito del Perú (con sucursales en el exterior),Crédito,29/02/2016,Crédito,29/02/2016,36.997011826253264,57.517552560109344,32.36,0.19,0.174091242706681,True
2016-03,bcp,Banco de Crédito del Perú,B. de Crédito del Perú (con sucursales en el exterior),Crédito,31/03/2016,Crédito,31/03/2016,35.83033777606733,56.62728940685283,32.6,0.19,0.598118099213,True
2016-04,bcp,Banco de Crédito del Perú,B. de Crédito del Perú (con sucursales en el exterior),Crédito,29/04/2016,Crédito,29/04/2016,34.90224526359128,56.51551904705045,31.92,0.2,0.0114065609758854,True
2016-05,bcp,Banco de Crédito del Perú,B. de Crédito del Perú (con sucursales en el exterior),Crédito,31/05/2016,Crédito,31/05/2016,35.58460906020876,57.00419985981022,31.86,0.2,0.209563738332199,True
2016-06,bcp,Banco de Crédito del Perú,B. de Crédito del Perú (con sucursales en el exterior),Crédito,30/06/2016,Crédito,30/06/2016,35.4481622187523,55.37697871613784,32.6,0.2,0.139508528737671,True
2016-07,bcp,Banco de Crédito del Perú,B. de Crédito del Perú (con sucursales en el exterior),Crédito,27/07/2016,Crédito,27/07/2016,36.060624290290605,52.195630461983455,33.12,0.19,0.081747041914584,True
2016-08,bcp,Banco de Crédito del Perú,B. de Crédito del Perú (con sucursales en el exterior),Crédito,31/08/2016,Crédito,31/08/2016,37.32922726077841,51.38419747041769,33.26,0.2,0.358285853821853,True
2016-09,bcp,Banco de Crédito del Perú,B. de Crédito del Perú (con sucursales en el exterior),Crédito,30/09/2016,Crédito,30/09/2016,37.99238165221794,51.82756684358269,32.62,0.2,0.206464092392192,True
2016-10,bcp,Banco de Crédito del Perú,B. de Crédito del Perú (con sucursales en el exterior),Crédito,31/10/2016,Crédito,31/10/2016,36.92971251466518,53.37867669929727,32.73,0.2,0.413354520523768,True
2016-11,bcp,Banco de Crédito del Perú,B. de Crédito del Perú (con sucursales en el exterior),Crédito,30/11/2016,Crédito,30/11/2016,36.512940269371626,52.753394499918,33.3,0.2,0.290064059118052,True
2016-12,bcp,Banco de Crédito del Perú,B. de Crédito del Perú (con sucursales en el exterior),Crédito,30/12/2016,Crédito,30/12/2016,38.16469646779727,52.59401194681666,32.58,0.19,0.33419524609934,True
2017-01,bcp,Banco de Crédito del Perú,B. de Crédito del Perú (con sucursales en el exterior),Crédito,31/01/2017,Crédito,31/01/2017,38.49252997126339,52.8296802012628,32.56,0.2,0.237843060107308,True
2017-02,bcp,Banco de Crédito del Perú,B. de Crédito del Perú (con sucursales en el exterior),Crédito,28/02/2017,Crédito,28/02/2017,38.88062557401707,51.95488887048788,32.45,0.19,0.323171371975582,True
2017-03,bcp,Banco de Crédito del Perú,B. de Crédito del Perú (con sucursales en el exterior),Crédito,31/03/2017,Crédito,31/03/2017,38.79182757475612,52.35763593581929,32.69,0.19,1.30455818519093,True
2017-04,bcp,Banco de Crédito del Perú,B. de Crédito del Perú (con sucursales en el exterior),Crédito,28/04/2017,Crédito,28/04/2017,38.68502227937062,52.80071448832453,32.62,0.19,-0.258053478882145,True
2017-05,bcp,Banco de Crédito del Perú,B. de Crédito del Perú (con sucursales en el exterior),Crédito,31/05/2017,Crédito,31/05/2017,39.60763325767468,51.94811149938254,32.62,0.2,-0.423337988013419,True
2017-06,bcp,Banco de Crédito del Perú,B. de Crédito del Perú (con sucursales en el exterior),Crédito,28/06/2017,Crédito,28/06/2017,39.71225523117553,52.5253319645135,32.04,0.21,-0.159198769026384,True
2017-07,bcp,Banco de Crédito del Perú,B. de Crédito del Perú (con sucursales en el exterior),Crédito,31/07/2017,Crédito,31/07/2017,39.577120622788605,51.92815270631866,31.82,0.19,0.198285823750627,True
2017-08,bcp,Banco de Crédito del Perú,B. de Crédito del Perú (con sucursales en el exterior),Crédito,31/08/2017,Crédito,31/08/2017,38.81633479846978,51.194723471793566,32.39,0.2,0.672225629676554,True
2017-09,bcp,Banco de Crédito del Perú,B. de Crédito del Perú (con sucursales en el exterior),Crédito,29/09/2017,Crédito,29/09/2017,38.656653699722185,50.09818403250704,31.84,0.18,-0.0157699757397503,True
2017-10,bcp,Banco de Crédito del Perú,B. de Crédito del Perú (con sucursales en el exterior),Crédito,31/10/2017,Crédito,31/10/2017,38.23748751828787,50.058010379961445,32.09,0.18,-0.469245219484567,True
2017-11,bcp,Banco de Crédito del Perú,B. de Crédito del Perú (con sucursales en el exterior),Crédito,30/11/2017,Crédito,30/11/2017,38.275629460590906,51.1368803836144,31.5,0.19,-0.197237337488294,True
2017-12,bcp,Banco de Crédito del Perú,B. de Crédito del Perú (con sucursales en el exterior),Crédito,29/12/2017,Crédito,29/12/2017,38.397300520081,52.596618665646666,31.04,0.18,0.156851858043552,True
2018-01,bcp,Banco de Crédito del Perú,B. de Crédito del Perú (con sucursales en el exterior),Crédito,31/01/2018,Crédito,31/01/2018,38.145463045090096,51.484651110335534,31.24,0.19,0.127417107488591,True
2018-02,bcp,Banco de Crédito del Perú,B. de Crédito del Perú (con sucursales en el exterior),Crédito,28/02/2018,Crédito,28/02/2018,39.189119247557066,50.562895903238434,30.83,0.19,0.250220520720826,True
2018-03,bcp,Banco de Crédito del Perú,B. de Crédito del Perú (con sucursales en el exterior),Crédito,28/03/2018,Crédito,28/03/2018,38.615881259901,50.21214954328082,30.93,0.19,0.487124356837782,True
2018-04,bcp,Banco de Crédito del Perú,B. de Crédito del Perú (con sucursales en el exterior),Crédito,30/04/2018,Crédito,30/04/2018,39.12613686529974,49.71483523891306,30.79,0.19,-0.137073083858309,True
2018-05,bcp,Banco de Crédito del Perú,B. de Crédito del Perú (con sucursales en el exterior),Crédito,31/05/2018,Crédito,31/05/2018,39.3357141451642,50.22248923147128,31.23,0.18,0.0184551804113629,True
2018-06,bcp,Banco de Crédito del Perú,B. de Crédito del Perú (con sucursales en el exterior),Crédito,28/06/2018,Crédito,28/06/2018,39.03059981314016,49.06716335724794,31.53,0.19,0.334058214668909,True
2018-07,bcp,Banco de Crédito del Perú,B. de Crédito del Perú (con sucursales en el exterior),Crédito,31/07/2018,Crédito,31/07/2018,38.78157623151685,48.80239043901381,31.9,0.18,0.382785985925354,True
2018-08,bcp,Banco de Crédito del Perú,B. de Crédito del Perú (con sucursales en el exterior),Crédito,29/08/2018,Crédito,29/08/2018,37.71255962796053,47.89014121362143,31.65,0.18,0.131767259402052,True
2018-09,bcp,Banco de Crédito del Perú,B. de Crédito del Perú (con sucursales en el exterior),Crédito,28/09/2018,Crédito,28/09/2018,37.81044506767856,47.68153295077968,31.84,0.17,0.191681610790045,True
2018-10,bcp,Banco de Crédito del Perú,B. de Crédito del Perú (con sucursales en el exterior),Crédito,31/10/2018,Crédito,31/10/2018,37.90499058949523,48.87669999269794,32.27,0.17,0.0816835303769421,True
2018-11,bcp,Banco de Crédito del Perú,B. de Crédito del Perú (con sucursales en el exterior),Crédito,30/11/2018,Crédito,30/11/2018,38.298320619500245,47.30842600971274,32.19,0.16,0.122438003210824,True
2018-12,bcp,Banco de Crédito del Perú,B. de Crédito del Perú (con sucursales en el exterior),Crédito,31/12/2018,Crédito,31/12/2018,38.40538162330997,46.67069284048917,31.86,0.16,0.181777270585084,True
2019-01,bcp,Banco de Crédito del Perú,B. de Crédito del Perú (con sucursales en el exterior),Crédito,31/01/2019,Crédito,31/01/2019,37.57195861282464,46.66125434049824,31.97,0.15,0.0653322898985492,True
2019-02,bcp,Banco de Crédito del Perú,B. de Crédito del Perú (con sucursales en el exterior),Crédito,28/02/2019,Crédito,28/02/2019,36.96433303246798,45.753153446505735,31.62,0.16,0.126761453780625,True
2019-03,bcp,Banco de Crédito del Perú,B. de Crédito del Perú (con sucursales en el exterior),Crédito,29/03/2019,Crédito,29/03/2019,37.69658233478811,45.36327558848775,30.83,0.15,0.727552259105356,True
2019-04,bcp,Banco de Crédito del Perú,B. de Crédito del Perú (con sucursales en el exterior),Crédito,30/04/2019,Crédito,30/04/2019,37.04212081347109,46.26353545253593,30.6,0.14,0.200080537447719,True
2019-05,bcp,Banco de Crédito del Perú,B. de Crédito del Perú (con sucursales en el exterior),Crédito,31/05/2019,Crédito,31/05/2019,37.47858537829697,46.37241835583445,31.63,0.14,0.14761382269664,True
2019-06,bcp,Banco de Crédito del Perú,B. de Crédito del Perú (con sucursales en el exterior),Crédito,28/06/2019,Crédito,28/06/2019,37.09398002466321,46.531209923944914,31.91,0.13,-0.0862718704256484,True
2019-07,bcp,Banco de Crédito del Perú,B. de Crédito del Perú (con sucursales en el exterior),Crédito,31/07/2019,Crédito,31/07/2019,37.23979009678193,44.95261584326244,31.8,0.13,0.203336703292959,True
2019-08,bcp,Banco de Crédito del Perú,B. de Crédito del Perú (con sucursales en el exterior),Crédito,28/08/2019,Crédito,28/08/2019,37.238315282924354,46.20633387272754,31.73,0.14,0.0609772736582818,True
2019-09,bcp,Banco de Crédito del Perú,B. de Crédito del Perú (con sucursales en el exterior),Crédito,30/09/2019,Crédito,30/09/2019,35.7590778632478,46.60626677612266,31.48,0.13,0.0063829985801787,True
2019-10,bcp,Banco de Crédito del Perú,B. de Crédito del Perú (con sucursales en el exterior),Crédito,30/10/2019,Crédito,30/10/2019,35.64863239637033,46.11544219135422,31.62,0.13,0.110725430948253,True
2019-11,bcp,Banco de Crédito del Perú,B. de Crédito del Perú (con sucursales en el exterior),Crédito,29/11/2019,Crédito,29/11/2019,35.912271191858885,44.92550361510493,31.87,0.13,0.108910232526761,True
2019-12,bcp,Banco de Crédito del Perú,B. de Crédito del Perú (con sucursales en el exterior),Crédito,31/12/2019,Crédito,31/12/2019,35.39249061432105,44.45111584146565,32.59,0.14,0.214521161156722,True
2020-01,bcp,Banco de Crédito del Perú,B. de Crédito del Perú (con sucursales en el exterior),Crédito,31/01/2020,Crédito,31/01/2020,35.83315348350376,45.06438095512518,32.05,0.14,0.0538080667322616,True
2020-02,bcp,Banco de Crédito del Perú,B. de Crédito del Perú (con sucursales en el exterior),Crédito,28/02/2020,Crédito,28/02/2020,35.714462093969544,45.17531611940559,31.53,0.13,0.142172034360178,True
2020-03,bcp,Banco de Crédito del Perú,B. de Crédito del Perú (con sucursales en el exterior),Crédito,31/03/2020,Crédito,31/03/2020,36.94092528671635,45.09743655370194,31.83,0.13,0.645999987966259,True
2020-04,bcp,Banco de Crédito del Perú,B. de Crédito del Perú (con sucursales en el exterior),Crédito,30/04/2020,Crédito,30/04/2020,35.86120035011703,44.30955779409616,36.37,0.12,0.104582684852522,True
2020-05,bcp,Banco de Crédito del Perú,B. de Crédito del Perú (con sucursales en el exterior),Crédito,29/05/2020,Crédito,29/05/2020,31.53287675320288,40.59429298237213,34.43,0.09,0.204153570879042,True
2020-06,bcp,Banco de Crédito del Perú,B. de Crédito del Perú (con sucursales en el exterior),Crédito,30/06/2020,Crédito,30/06/2020,31.640375209546782,41.76525407029184,28.37,0.09,-0.266096854987984,True
2020-07,bcp,Banco de Crédito del Perú,B. de Crédito del Perú (con sucursales en el exterior),Crédito,31/07/2020,Crédito,31/07/2020,30.558873479802077,42.21011063403088,30.76,0.1,0.462688397344215,True
2020-08,bcp,Banco de Crédito del Perú,B. de Crédito del Perú (con sucursales en el exterior),Crédito,31/08/2020,Crédito,31/08/2020,29.280091311869764,42.33685216593562,32.85,0.1,-0.110238965197723,True
2020-09,bcp,Banco de Crédito del Perú,B. de Crédito del Perú (con sucursales en el exterior),Crédito,30/09/2020,Crédito,30/09/2020,28.620342229498974,42.28614987445394,31.72,0.1,0.136353971354613,True
2020-10,bcp,Banco de Crédito del Perú,B. de Crédito del Perú (con sucursales en el exterior),Crédito,30/10/2020,Crédito,30/10/2020,28.64600022531648,42.64643963681004,27.19,0.1,0.0167755516523417,True
2020-11,bcp,Banco de Crédito del Perú,B. de Crédito del Perú (con sucursales en el exterior),Crédito,30/11/2020,Crédito,30/11/2020,28.11850701592383,41.74036585536378,26.64,0.1,0.520479581391504,True
2020-12,bcp,Banco de Crédito del Perú,B. de Crédito del Perú (con sucursales en el exterior),Crédito,31/12/2020,Crédito,31/12/2020,28.55964400890503,42.17394479591373,28.85,0.11,0.0487327395330378,True
2021-01,bcp,Banco de Crédito del Perú,B. de Crédito del Perú (con sucursales en el exterior),Crédito,29/01/2021,Crédito,29/01/2021,28.513811022311813,42.50221506253408,29.09,0.1,0.742901704166242,True
2021-02,bcp,Banco de Crédito del Perú,B. de Crédito del Perú (con sucursales en el exterior),Crédito,26/02/2021,Crédito,26/02/2021,28.426999474454533,43.66407134728523,28.38,0.09,-0.125265562868538,True
2021-03,bcp,Banco de Crédito del Perú,B. de Crédito del Perú (con sucursales en el exterior),Crédito,31/03/2021,Crédito,31/03/2021,28.61914571743462,44.114088357302,29.71,0.1,0.839468767410369,True
2021-04,bcp,Banco de Crédito del Perú,B. de Crédito del Perú (con sucursales en el exterior),Crédito,30/04/2021,Crédito,30/04/2021,28.744435651520376,47.26988623756669,29.63,0.11,-0.104691802721501,True
2021-05,bcp,Banco de Crédito del Perú,B. de Crédito del Perú (con sucursales en el exterior),Crédito,31/05/2021,Crédito,31/05/2021,29.24509770567469,46.10530723401522,29.99,0.11,0.266557522263624,True
2021-06,bcp,Banco de Crédito del Perú,B. de Crédito del Perú (con sucursales en el exterior),Crédito,30/06/2021,Crédito,30/06/2021,30.73950850594529,45.83225754837623,29.54,0.12,0.51967163414861,True
2021-07,bcp,Banco de Crédito del Perú,B. de Crédito del Perú (con sucursales en el exterior),Crédito,30/07/2021,Crédito,30/07/2021,30.987628568099677,45.77860260811128,29.77,0.11,1.00753906510749,True
2021-08,bcp,Banco de Crédito del Perú,B. de Crédito del Perú (con sucursales en el exterior),Crédito,31/08/2021,Crédito,31/08/2021,30.281137511162697,45.594608517071606,29.48,0.11,0.98493531236659,True
2021-09,bcp,Banco de Crédito del Perú,B. de Crédito del Perú (con sucursales en el exterior),Crédito,30/09/2021,Crédito,30/09/2021,30.287706141322364,45.63031928828224,29.31,0.11,0.40042251687241,True
2021-10,bcp,Banco de Crédito del Perú,B. de Crédito del Perú (con sucursales en el exterior),Crédito,29/10/2021,Crédito,29/10/2021,29.43050241307368,47.508651474957006,30.1,0.1,0.58366506925955,True
2021-11,bcp,Banco de Crédito del Perú,B. de Crédito del Perú (con sucursales en el exterior),Crédito,30/11/2021,Crédito,30/11/2021,29.385341917072623,46.64105555007869,,,0.358183580426998,False
2021-12,bcp,Banco de Crédito del Perú,B. de Crédito del Perú (con sucursales en el exterior),Crédito,31/12/2021,Crédito,31/12/2021,29.69984413745257,47.87047393794869,31.1,0.12,0.782835268325123,True
2022-01,bcp,Banco de Crédito del Perú,B. de Crédito del Perú (con sucursales en el exterior),Crédito,31/01/2022,Crédito,31/01/2022,28.67974945421138,46.9666745097491,31.99,0.11,0.0372679999999974,True
2022-02,bcp,Banco de Crédito del Perú,B. de Crédito del Perú (con sucursales en el exterior),Crédito,28/02/2022,Crédito,28/02/2022,28.13270869352863,48.246145625297785,31.39,0.11,0.311455926605271,True
2022-03,bcp,Banco de Crédito del Perú,B. de Crédito del Perú (con sucursales en el exterior),Crédito,31/03/2022,Crédito,31/03/2022,27.945713861231592,47.60240549675835,32.82,0.11,1.48265988924236,True
2022-04,bcp,Banco de Crédito del Perú,B. de Crédito del Perú (con sucursales en el exterior),Crédito,29/04/2022,Crédito,29/04/2022,29.434342500115,48.47127495212616,33.72,0.07,0.961893177341858,True
2022-05,bcp,Banco de Crédito del Perú,B. de Crédito del Perú (con sucursales en el exterior),Crédito,31/05/2022,Crédito,31/05/2022,29.007200092107706,46.503684712988274,34.32,0.04,0.384024966018986,True
2022-06,bcp,Banco de Crédito del Perú,B. de Crédito del Perú (con sucursales en el exterior),Crédito,30/06/2022,Crédito,30/06/2022,31.169276681702385,47.50519035003076,34.94,0.03,1.19062710636316,True
2022-07,bcp,Banco de Crédito del Perú,B. de Crédito del Perú (con sucursales en el exterior),Crédito,27/07/2022,Crédito,27/07/2022,31.7554671842158,48.03401679796976,35.77,0.03,0.940891085039107,True
2022-08,bcp,Banco de Crédito del Perú,B. de Crédito del Perú (con sucursales en el exterior),Crédito,31/08/2022,Crédito,31/08/2022,31.0580382651929,47.09443817233058,38.31,0.03,0.666542107665968,True
2022-09,bcp,Banco de Crédito del Perú,B. de Crédito del Perú (con sucursales en el exterior),Crédito,30/09/2022,Crédito,30/09/2022,31.41693958473001,45.52257769618601,40.9,0.03,0.522557852684368,True
2022-10,bcp,Banco de Crédito del Perú,B. de Crédito del Perú (con sucursales en el exterior),Crédito,31/10/2022,Crédito,31/10/2022,31.576463828834804,46.63958376063502,42.1,0.03,0.347652348101841,True
2022-11,bcp,Banco de Crédito del Perú,B. de Crédito del Perú (con sucursales en el exterior),Crédito,30/11/2022,Crédito,30/11/2022,30.79718623525578,46.62544101165961,42.99,0.03,0.517639656505263,True
2022-12,bcp,Banco de Crédito del Perú,B. de Crédito del Perú (con sucursales en el exterior),Crédito,30/12/2022,Crédito,30/12/2022,31.58982896206019,45.49086227024004,44.33,0.03,0.793924170395989,True
2023-01,bcp,Banco de Crédito del Perú,B. de Crédito del Perú (con sucursales en el exterior),Crédito,31/01/2023,Crédito,31/01/2023,31.749225188159457,45.66427071384172,44.88,0.03,0.226446521871514,True
2023-02,bcp,Banco de Crédito del Perú,B. de Crédito del Perú (con sucursales en el exterior),Crédito,28/02/2023,Crédito,28/02/2023,31.71176111729951,45.725741856764415,44.23,0.03,0.29452251053137,True
2023-03,bcp,Banco de Crédito del Perú,B. de Crédito del Perú (con sucursales en el exterior),Crédito,31/03/2023,Crédito,31/03/2023,31.760018772928632,45.7225873388959,45.37,0.03,1.25348677152025,True
2023-04,bcp,Banco de Crédito del Perú,B. de Crédito del Perú (con sucursales en el exterior),Crédito,28/04/2023,Crédito,28/04/2023,31.73518138257063,45.79695690339469,47.55,0.03,0.556251880069387,True
2023-05,bcp,Banco de Crédito del Perú,B. de Crédito del Perú (con sucursales en el exterior),Crédito,31/05/2023,Crédito,31/05/2023,31.509106887827315,43.98422908193951,48.74,0.04,0.31786146413237,True
2023-06,bcp,Banco de Crédito del Perú,B. de Crédito del Perú (con sucursales en el exterior),Crédito,30/06/2023,Crédito,30/06/2023,31.59016985528142,45.26476510554399,48.3,0.03,-0.152769746155551,True
2023-07,bcp,Banco de Crédito del Perú,B. de Crédito del Perú (con sucursales en el exterior),Crédito,31/07/2023,Crédito,31/07/2023,31.165402087198167,44.25310576944634,49.09,0.03,0.391066276983018,True
2023-08,bcp,Banco de Crédito del Perú,B. de Crédito del Perú (con sucursales en el exterior),Crédito,31/08/2023,Crédito,31/08/2023,31.912597998095944,44.30123214470984,51.6,0.03,0.376132603479856,True
2023-09,bcp,Banco de Crédito del Perú,B. de Crédito del Perú (con sucursales en el exterior),Crédito,29/09/2023,Crédito,29/09/2023,32.795771935531185,45.22561376546665,54.61,0.03,0.0164026333286269,True
2023-10,bcp,Banco de Crédito del Perú,B. de Crédito del Perú (con sucursales en el exterior),Crédito,31/10/2023,Crédito,31/10/2023,32.56229539540556,46.42677084153613,54.85,0.03,-0.322447443370826,True
2023-11,bcp,Banco de Crédito del Perú,B. de Crédito del Perú (con sucursales en el exterior),Crédito,30/11/2023,Crédito,30/11/2023,32.34179511001231,45.99695076038783,55.23,0.03,-0.163060842314584,True
2023-12,bcp,Banco de Crédito del Perú,B. de Crédito del Perú (con sucursales en el exterior),Crédito,29/12/2023,Crédito,29/12/2023,32.62773722245743,45.36012626744766,56.99,0.03,0.405777961086682,True
2024-01,bcp,Banco de Crédito del Perú,B. de Crédito del Perú (con sucursales en el exterior),Crédito,31/01/2024,Crédito,31/01/2024,32.72895315176423,45.71857566678621,58.75,0.03,0.0192113272793558,True
2024-02,bcp,Banco de Crédito del Perú,B. de Crédito del Perú (con sucursales en el exterior),Crédito,29/02/2024,Crédito,29/02/2024,31.97419746165283,46.429870294630064,56.81,0.03,0.557510800936321,True
2024-03,bcp,Banco de Crédito del Perú,B. de Crédito del Perú (con sucursales en el exterior),Crédito,27/03/2024,Crédito,27/03/2024,31.74590312484504,46.2459493129416,57.92,0.03,1.00938516188575,True
2024-04,bcp,Banco de Crédito del Perú,B. de Crédito del Perú (con sucursales en el exterior),Crédito,30/04/2024,Crédito,30/04/2024,32.378567124022446,45.89746334598709,57.49,0.03,-0.0516715997229469,True
2024-05,bcp,Banco de Crédito del Perú,B. de Crédito del Perú (con sucursales en el exterior),Crédito,31/05/2024,Crédito,31/05/2024,32.760216067677064,43.1598659360697,56.65,0.03,-0.0907064485030323,True
2024-06,bcp,Banco de Crédito del Perú,B. de Crédito del Perú (con sucursales en el exterior),Crédito,28/06/2024,Crédito,28/06/2024,33.22807482744764,43.80041904183983,56.94,0.03,0.121741927959431,True
2024-07,bcp,Banco de Crédito del Perú,B. de Crédito del Perú (con sucursales en el exterior),Crédito,31/07/2024,Crédito,31/07/2024,32.71238268227303,43.10632847171087,58.43,0.03,0.236268738691571,True
2024-08,bcp,Banco de Crédito del Perú,B. de Crédito del Perú (con sucursales en el exterior),Crédito,31/08/2024,Crédito,31/08/2024,32.5230942785142,43.91333379256528,58.37,0.03,0.284170528141876,True
2024-09,bcp,Banco de Crédito del Perú,B. de Crédito del Perú (con sucursales en el exterior),Crédito,30/09/2024,Crédito,30/09/2024,32.04251603580603,44.31857472232733,55.93,0.03,-0.237560474773851,True
2024-10,bcp,Banco de Crédito del Perú,B. de Crédito del Perú (con sucursales en el exterior),Crédito,31/10/2024,Crédito,31/10/2024,32.0227916972468,43.82058789613709,55.98,0.03,-0.0931035230159262,True
2024-11,bcp,Banco de Crédito del Perú,B. de Crédito del Perú (con sucursales en el exterior),Crédito,29/11/2024,Crédito,29/11/2024,31.78676162095624,43.72506614574894,56.61,0.03,0.0941530377317251,True
2024-12,bcp,Banco de Crédito del Perú,B. de Crédito del Perú (con sucursales en el exterior),Crédito,30/12/2024,Crédito,30/12/2024,32.173556929789875,43.133586445249165,58.03,0.03,0.105667996950954,True
2025-01,bcp,Banco de Crédito del Perú,B. de Crédito del Perú (con sucursales en el exterior),Crédito,31/01/2025,Crédito,31/01/2025,32.51404029760342,42.77622530897459,58.33,0.03,-0.0933179134509413,True
2025-02,bcp,Banco de Crédito del Perú,B. de Crédito del Perú (con sucursales en el exterior),Crédito,28/02/2025,Crédito,28/02/2025,33.16822357018859,42.83426361889953,57.73,0.03,0.188012094871704,True
2025-03,bcp,Banco de Crédito del Perú,B. de Crédito del Perú (con sucursales en el exterior),Crédito,31/03/2025,Crédito,31/03/2025,33.19186527222962,42.45297342755441,58.38,0.03,0.810159321766145,True
2025-04,bcp,Banco de Crédito del Perú,B. de Crédito del Perú (con sucursales en el exterior),Crédito,30/04/2025,Crédito,30/04/2025,33.09454934108819,43.36629908843928,59.37,0.03,0.31806633832046,True
2025-05,bcp,Banco de Crédito del Perú,B. de Crédito del Perú (con sucursales en el exterior),Crédito,30/05/2025,Crédito,30/05/2025,32.997236166196515,42.46622076366068,59.98,0.03,-0.0564746187563057,True
2025-06,bcp,Banco de Crédito del Perú,B. de Crédito del Perú (con sucursales en el exterior),Crédito,30/06/2025,Crédito,30/06/2025,32.853352649587606,43.4451515943389,57.47,0.03,0.128679643778829,True
2025-07,bcp,Banco de Crédito del Perú,B. de Crédito del Perú (con sucursales en el exterior),Crédito,31/07/2025,Crédito,31/07/2025,33.062969110970045,43.1085514450206,59.96,0.03,0.231431002364371,True
2025-08,bcp,Banco de Crédito del Perú,B. de Crédito del Perú (con sucursales en el exterior),Crédito,29/08/2025,Crédito,29/08/2025,32.9227292321741,42.80896883179346,59.74,0.02,-0.29025398690341,True
2025-09,bcp,Banco de Crédito del Perú,B. de Crédito del Perú (con sucursales en el exterior),Crédito,30/09/2025,Crédito,30/09/2025,32.78315124123512,42.62408031745328,58.7,0.02,0.0111517897177685,True
2025-10,bcp,Banco de Crédito del Perú,B. de Crédito del Perú (con sucursales en el exterior),Crédito,31/10/2025,Crédito,31/10/2025,32.17185457415077,42.59035449928537,59.67,0.02,-0.0996274056654658,True
2025-11,bcp,Banco de Crédito del Perú,B. de Crédito del Perú (con sucursales en el exterior),Crédito,28/11/2025,Crédito,28/11/2025,31.394076026687618,41.57448262615144,60.41,0.02,0.110781919406383,True
2025-12,bcp,Banco de Crédito del Perú,B. de Crédito del Perú (con sucursales en el exterior),Crédito,31/12/2025,Crédito,31/12/2025,31.846337825161108,39.5756721680667,62.09,0.02,0.244108583947482,True
2015-11,bif,Banco Interamericano de Finanzas,B. Interamericano de Finanzas,BIF,30/11/2015,BIF,30/11/2015,35.768925911898734,49.31422480191381,17.46,0.84,0.344071735952856,True
2015-12,bif,Banco Interamericano de Finanzas,B. Interamericano de Finanzas,BIF,31/12/2015,BIF,31/12/2015,35.834875704680115,52.07796275759683,17.75,0.98,0.445721499061671,True
2016-01,bif,Banco Interamericano de Finanzas,B. Interamericano de Finanzas,BIF,29/01/2016,BIF,29/01/2016,36.06858279826699,55.42830351209628,17.7,0.98,0.37252021115541,True
2016-02,bif,Banco Interamericano de Finanzas,B. Interamericano de Finanzas,BIF,29/02/2016,BIF,29/02/2016,35.33425780061771,53.37582441565094,17.47,0.88,0.174091242706681,True
2016-03,bif,Banco Interamericano de Finanzas,B. Interamericano de Finanzas,BIF,31/03/2016,BIF,31/03/2016,33.44713527242564,55.1609842531818,17.73,0.88,0.598118099213,True
2016-04,bif,Banco Interamericano de Finanzas,B. Interamericano de Finanzas,BIF,29/04/2016,BIF,29/04/2016,33.078493121036026,52.54720382474336,17.56,0.82,0.0114065609758854,True
2016-05,bif,Banco Interamericano de Finanzas,B. Interamericano de Finanzas,BIF,31/05/2016,BIF,31/05/2016,33.33409084277677,53.914171561059696,17.23,0.8,0.209563738332199,True
2016-06,bif,Banco Interamericano de Finanzas,B. Interamericano de Finanzas,BIF,30/06/2016,BIF,30/06/2016,31.93657568221422,53.55598773158789,17.67,0.83,0.139508528737671,True
2016-07,bif,Banco Interamericano de Finanzas,B. Interamericano de Finanzas,BIF,27/07/2016,BIF,27/07/2016,32.498522331909605,54.46717477758624,17.96,0.98,0.081747041914584,True
2016-08,bif,Banco Interamericano de Finanzas,B. Interamericano de Finanzas,BIF,31/08/2016,BIF,31/08/2016,32.9241379623186,53.03882398996266,17.6,0.97,0.358285853821853,True
2016-09,bif,Banco Interamericano de Finanzas,B. Interamericano de Finanzas,BIF,30/09/2016,BIF,30/09/2016,32.7469776306418,53.54767792548047,17.81,0.83,0.206464092392192,True
2016-10,bif,Banco Interamericano de Finanzas,B. Interamericano de Finanzas,BIF,31/10/2016,BIF,31/10/2016,32.54896381503133,51.78744734353784,18.43,0.85,0.413354520523768,True
2016-11,bif,Banco Interamericano de Finanzas,B. Interamericano de Finanzas,BIF,30/11/2016,BIF,30/11/2016,32.514194586355295,51.28189192627659,18.53,0.88,0.290064059118052,True
2016-12,bif,Banco Interamericano de Finanzas,B. Interamericano de Finanzas,BIF,30/12/2016,BIF,30/12/2016,31.05498542001634,49.99735348859514,18.33,1.0,0.33419524609934,True
2017-01,bif,Banco Interamericano de Finanzas,B. Interamericano de Finanzas,BIF,31/01/2017,BIF,31/01/2017,31.042414893886477,48.45205787953305,17.84,1.1,0.237843060107308,True
2017-02,bif,Banco Interamericano de Finanzas,B. Interamericano de Finanzas,BIF,28/02/2017,BIF,28/02/2017,30.4743126106493,49.525627382940925,18.16,1.09,0.323171371975582,True
2017-03,bif,Banco Interamericano de Finanzas,B. Interamericano de Finanzas,BIF,31/03/2017,BIF,31/03/2017,30.97551864235198,48.19112876651055,18.29,1.24,1.30455818519093,True
2017-04,bif,Banco Interamericano de Finanzas,B. Interamericano de Finanzas,BIF,28/04/2017,BIF,28/04/2017,31.01250097337672,47.588583114721125,18.37,1.1,-0.258053478882145,True
2017-05,bif,Banco Interamericano de Finanzas,B. Interamericano de Finanzas,BIF,31/05/2017,BIF,31/05/2017,31.5967695875324,49.3327995138623,18.03,1.05,-0.423337988013419,True
2017-06,bif,Banco Interamericano de Finanzas,B. Interamericano de Finanzas,BIF,28/06/2017,BIF,28/06/2017,31.80130877934732,49.45168431479429,18.15,1.09,-0.159198769026384,True
2017-07,bif,Banco Interamericano de Finanzas,B. Interamericano de Finanzas,BIF,31/07/2017,BIF,31/07/2017,32.704370735216735,49.109237335147135,18.43,1.15,0.198285823750627,True
2017-08,bif,Banco Interamericano de Finanzas,B. Interamericano de Finanzas,BIF,31/08/2017,BIF,31/08/2017,33.01604197456921,49.46448663607176,18.0,0.93,0.672225629676554,True
2017-09,bif,Banco Interamericano de Finanzas,B. Interamericano de Finanzas,BIF,29/09/2017,BIF,29/09/2017,33.70105918732272,51.0613734993035,18.1,0.98,-0.0157699757397503,True
2017-10,bif,Banco Interamericano de Finanzas,B. Interamericano de Finanzas,BIF,31/10/2017,BIF,31/10/2017,33.70891173166529,44.99701346117685,18.47,1.14,-0.469245219484567,True
2017-11,bif,Banco Interamericano de Finanzas,B. Interamericano de Finanzas,BIF,30/11/2017,BIF,30/11/2017,33.44867824143554,46.314625197472296,18.5,1.31,-0.197237337488294,True
2017-12,bif,Banco Interamericano de Finanzas*,B. Interamericano de Finanzas,BIF,29/12/2017,BIF,29/12/2017,33.09334478886448,45.30108704884455,18.82,1.3,0.156851858043552,True
2018-01,bif,Banco Interamericano de Finanzas*,B. Interamericano de Finanzas,BIF,31/01/2018,BIF,31/01/2018,33.141007927914906,44.92912575684255,19.66,1.33,0.127417107488591,True
2018-02,bif,Banco Interamericano de Finanzas*,B. Interamericano de Finanzas,BIF,28/02/2018,BIF,28/02/2018,33.83981945170585,46.60542593617857,19.43,1.69,0.250220520720826,True
2018-03,bif,Banco Interamericano de Finanzas,B. Interamericano de Finanzas,BIF,28/03/2018,BIF,28/03/2018,34.00333981516392,47.17531268314667,19.12,1.44,0.487124356837782,True
2018-04,bif,Banco Interamericano de Finanzas,B. Interamericano de Finanzas,BIF,30/04/2018,BIF,30/04/2018,34.73421816901661,43.24471000468865,19.47,1.34,-0.137073083858309,True
2018-05,bif,Banco Interamericano de Finanzas,B. Interamericano de Finanzas,BIF,31/05/2018,BIF,31/05/2018,34.45038184427749,42.36026920876123,19.62,1.16,0.0184551804113629,True
2018-06,bif,Banco Interamericano de Finanzas,B. Interamericano de Finanzas,BIF,28/06/2018,BIF,28/06/2018,34.6393399425322,44.05117189421326,19.81,1.15,0.334058214668909,True
2018-07,bif,Banco Interamericano de Finanzas,B. Interamericano de Finanzas,BIF,31/07/2018,BIF,31/07/2018,34.70421833041636,43.920991268821,20.11,1.24,0.382785985925354,True
2018-08,bif,Banco Interamericano de Finanzas,B. Interamericano de Finanzas,BIF,29/08/2018,BIF,29/08/2018,35.11103355674511,45.08318766778276,20.2,1.32,0.131767259402052,True
2018-09,bif,Banco Interamericano de Finanzas,B. Interamericano de Finanzas,BIF,28/09/2018,BIF,28/09/2018,34.301707778685866,44.15745331565142,20.21,1.02,0.191681610790045,True
2018-10,bif,Banco Interamericano de Finanzas,B. Interamericano de Finanzas,BIF,31/10/2018,BIF,31/10/2018,34.6367765532998,43.04741762716076,20.56,0.99,0.0816835303769421,True
2018-11,bif,Banco Interamericano de Finanzas,B. Interamericano de Finanzas,BIF,30/11/2018,BIF,30/11/2018,33.92221811417099,42.062388791062034,20.64,1.09,0.122438003210824,True
2018-12,bif,Banco Interamericano de Finanzas,B. Interamericano de Finanzas,BIF,31/12/2018,BIF,31/12/2018,33.123857728067954,41.21254428436563,20.55,1.02,0.181777270585084,True
2019-01,bif,Banco Interamericano de Finanzas,B. Interamericano de Finanzas,BIF,31/01/2019,BIF,31/01/2019,33.01779408032184,40.947849827217,21.45,1.0,0.0653322898985492,True
2019-02,bif,Banco Interamericano de Finanzas,B. Interamericano de Finanzas,BIF,28/02/2019,BIF,28/02/2019,32.57579338974877,38.89695599336239,20.82,1.09,0.126761453780625,True
2019-03,bif,Banco Interamericano de Finanzas,B. Interamericano de Finanzas,BIF,29/03/2019,BIF,29/03/2019,32.88864709185852,43.559626085139655,20.41,1.07,0.727552259105356,True
2019-04,bif,Banco Interamericano de Finanzas,B. Interamericano de Finanzas,BIF,30/04/2019,BIF,30/04/2019,33.65958814098568,43.76704066251785,20.18,1.14,0.200080537447719,True
2019-05,bif,Banco Interamericano de Finanzas,B. Interamericano de Finanzas,BIF,31/05/2019,BIF,31/05/2019,33.222032323443685,43.09895485757917,20.6,1.17,0.14761382269664,True
2019-06,bif,Banco Interamericano de Finanzas,B. Interamericano de Finanzas,BIF,28/06/2019,BIF,28/06/2019,33.844126823166846,43.0723325120356,20.8,1.07,-0.0862718704256484,True
2019-07,bif,Banco Interamericano de Finanzas,B. Interamericano de Finanzas,BIF,31/07/2019,BIF,31/07/2019,33.77482049538605,41.29559454732671,20.24,1.08,0.203336703292959,True
2019-08,bif,Banco Interamericano de Finanzas,B. Interamericano de Finanzas,BIF,28/08/2019,BIF,28/08/2019,34.14345330485303,42.12431444091118,19.47,1.49,0.0609772736582818,True
2019-09,bif,Banco Interamericano de Finanzas,B. Interamericano de Finanzas,BIF,30/09/2019,BIF,30/09/2019,34.266355237203484,44.53654600653012,19.44,1.45,0.0063829985801787,True
2019-10,bif,Banco Interamericano de Finanzas,B. Interamericano de Finanzas,BIF,30/10/2019,BIF,30/10/2019,33.59286089279274,44.057900369530685,19.43,1.33,0.110725430948253,True
2019-11,bif,Banco Interamericano de Finanzas,B. Interamericano de Finanzas,BIF,29/11/2019,BIF,29/11/2019,34.061272506488955,43.229732696732285,18.86,1.31,0.108910232526761,True
2019-12,bif,Banco Interamericano de Finanzas,B. Interamericano de Finanzas,BIF,31/12/2019,BIF,31/12/2019,33.44971216035629,43.23170869019094,19.05,1.24,0.214521161156722,True
2020-01,bif,Banco Interamericano de Finanzas,B. Interamericano de Finanzas,BIF,31/01/2020,BIF,31/01/2020,33.575368506020794,43.75651440659319,19.09,1.25,0.0538080667322616,True
2020-02,bif,Banco Interamericano de Finanzas,B. Interamericano de Finanzas,BIF,28/02/2020,BIF,28/02/2020,33.65905029291809,43.18218893156337,18.76,1.12,0.142172034360178,True
2020-03,bif,Banco Interamericano de Finanzas,B. Interamericano de Finanzas,BIF,31/03/2020,BIF,31/03/2020,33.87724835436635,44.992077589430366,19.38,1.01,0.645999987966259,True
2020-04,bif,Banco Interamericano de Finanzas,B. Interamericano de Finanzas,BIF,30/04/2020,BIF,30/04/2020,34.0808969757753,45.723675586307536,25.32,1.02,0.104582684852522,True
2020-05,bif,Banco Interamericano de Finanzas,B. Interamericano de Finanzas,BIF,29/05/2020,BIF,29/05/2020,31.90234126799711,40.51837730112423,25.9,1.34,0.204153570879042,True
2020-06,bif,Banco Interamericano de Finanzas,B. Interamericano de Finanzas,BIF,30/06/2020,BIF,30/06/2020,32.42293691999557,42.19329236844492,24.61,1.61,-0.266096854987984,True
2020-07,bif,Banco Interamericano de Finanzas,B. Interamericano de Finanzas,BIF,31/07/2020,BIF,31/07/2020,32.432608131331605,43.48243895579304,22.1,1.68,0.462688397344215,True
2020-08,bif,Banco Interamericano de Finanzas,B. Interamericano de Finanzas,BIF,31/08/2020,BIF,31/08/2020,32.754689240114175,43.65624167149047,22.06,1.37,-0.110238965197723,True
2020-09,bif,Banco Interamericano de Finanzas,B. Interamericano de Finanzas,BIF,30/09/2020,BIF,30/09/2020,32.501014306981325,46.78029589813511,17.94,1.31,0.136353971354613,True
2020-10,bif,Banco Interamericano de Finanzas,B. Interamericano de Finanzas,BIF,30/10/2020,BIF,30/10/2020,31.34779004703909,46.47019461035081,17.04,1.21,0.0167755516523417,True
2020-11,bif,Banco Interamericano de Finanzas,B. Interamericano de Finanzas,BIF,30/11/2020,BIF,30/11/2020,32.23472904710092,47.36052087524247,16.77,1.11,0.520479581391504,True
2020-12,bif,Banco Interamericano de Finanzas,B. Interamericano de Finanzas,BIF,31/12/2020,BIF,31/12/2020,32.14824076815014,48.02141961119862,16.56,0.92,0.0487327395330378,True
2021-01,bif,Banco Interamericano de Finanzas,B. Interamericano de Finanzas,BIF,29/01/2021,BIF,29/01/2021,32.40431921282485,46.76074539658575,17.23,0.93,0.742901704166242,True
2021-02,bif,Banco Interamericano de Finanzas,B. Interamericano de Finanzas,BIF,26/02/2021,BIF,26/02/2021,31.42648154085334,45.46404200287015,16.23,1.02,-0.125265562868538,True
2021-03,bif,Banco Interamericano de Finanzas,B. Interamericano de Finanzas,BIF,31/03/2021,BIF,31/03/2021,32.11258295219921,45.96395162924275,15.47,0.88,0.839468767410369,True
2021-04,bif,Banco Interamericano de Finanzas,B. Interamericano de Finanzas,BIF,30/04/2021,BIF,30/04/2021,31.79282318471752,46.93048586750761,15.43,0.99,-0.104691802721501,True
2021-05,bif,Banco Interamericano de Finanzas,B. Interamericano de Finanzas,BIF,31/05/2021,BIF,31/05/2021,32.65354849438929,46.2203214588109,15.33,1.2,0.266557522263624,True
2021-06,bif,Banco Interamericano de Finanzas,B. Interamericano de Finanzas,BIF,30/06/2021,BIF,30/06/2021,33.66671588566858,43.864765990710296,15.06,1.16,0.51967163414861,True
2021-07,bif,Banco Interamericano de Finanzas,B. Interamericano de Finanzas,BIF,30/07/2021,BIF,30/07/2021,34.04164956141745,45.73701189945091,14.76,1.03,1.00753906510749,True
2021-08,bif,Banco Interamericano de Finanzas,B. Interamericano de Finanzas,BIF,31/08/2021,BIF,31/08/2021,33.54366865406327,44.77463171010281,14.47,1.0,0.98493531236659,True
2021-09,bif,Banco Interamericano de Finanzas,B. Interamericano de Finanzas,BIF,30/09/2021,BIF,30/09/2021,32.62911774610769,45.89648847034841,13.96,1.04,0.40042251687241,True
2021-10,bif,Banco Interamericano de Finanzas,B. Interamericano de Finanzas,BIF,29/10/2021,BIF,29/10/2021,32.412563122488336,42.80735557823902,13.61,1.1,0.58366506925955,True
2021-11,bif,Banco Interamericano de Finanzas,B. Interamericano de Finanzas,BIF,30/11/2021,BIF,30/11/2021,33.816049151551475,42.07135462314378,13.55,0.99,0.358183580426998,True
2021-12,bif,Banco Interamericano de Finanzas,B. Interamericano de Finanzas,BIF,31/12/2021,BIF,31/12/2021,33.77293667255352,43.131557559037965,14.38,1.02,0.782835268325123,True
2022-01,bif,Banco Interamericano de Finanzas,B. Interamericano de Finanzas,BIF,31/01/2022,BIF,31/01/2022,33.84927214328243,43.38351141134279,14.87,0.83,0.0372679999999974,True
2022-02,bif,Banco Interamericano de Finanzas,B. Interamericano de Finanzas,BIF,28/02/2022,BIF,28/02/2022,33.678477034079215,43.77734237142329,14.45,0.89,0.311455926605271,True
2022-03,bif,Banco Interamericano de Finanzas,B. Interamericano de Finanzas,BIF,31/03/2022,BIF,31/03/2022,34.49575639496479,43.784387818689694,14.06,0.77,1.48265988924236,True
2022-04,bif,Banco Interamericano de Finanzas,B. Interamericano de Finanzas,BIF,29/04/2022,BIF,29/04/2022,35.946835476281294,44.26448116396648,14.37,0.92,0.961893177341858,True
2022-05,bif,Banco Interamericano de Finanzas,B. Interamericano de Finanzas,BIF,31/05/2022,BIF,31/05/2022,34.95462642277441,42.88155135440309,15.15,1.12,0.384024966018986,True
2022-06,bif,Banco Interamericano de Finanzas,B. Interamericano de Finanzas,BIF,30/06/2022,BIF,30/06/2022,36.63822486958183,43.17556012519256,15.36,1.17,1.19062710636316,True
2022-07,bif,Banco Interamericano de Finanzas,B. Interamericano de Finanzas,BIF,27/07/2022,BIF,27/07/2022,37.35104724694382,44.18035577662607,17.34,0.92,0.940891085039107,True
2022-08,bif,Banco Interamericano de Finanzas,B. Interamericano de Finanzas,BIF,31/08/2022,BIF,31/08/2022,36.955173914108286,43.41719824407307,23.33,0.88,0.666542107665968,True
2022-09,bif,Banco Interamericano de Finanzas,B. Interamericano de Finanzas,BIF,30/09/2022,BIF,30/09/2022,37.530785946292326,41.75691437891166,23.0,0.73,0.522557852684368,True
2022-10,bif,Banco Interamericano de Finanzas,B. Interamericano de Finanzas,BIF,31/10/2022,BIF,31/10/2022,36.14761989792172,42.281390414291934,25.05,0.69,0.347652348101841,True
2022-11,bif,Banco Interamericano de Finanzas,B. Interamericano de Finanzas,BIF,30/11/2022,BIF,30/11/2022,35.075959682295526,40.30885674865924,27.46,0.83,0.517639656505263,True
2022-12,bif,Banco Interamericano de Finanzas,B. Interamericano de Finanzas,BIF,30/12/2022,BIF,30/12/2022,35.890258411403245,41.0042209700283,28.23,1.12,0.793924170395989,True
2023-01,bif,Banco Interamericano de Finanzas,B. Interamericano de Finanzas,BIF,31/01/2023,BIF,31/01/2023,36.670317902471645,42.930871577815,29.87,1.49,0.226446521871514,True
2023-02,bif,Banco Interamericano de Finanzas,B. Interamericano de Finanzas,BIF,28/02/2023,BIF,28/02/2023,35.951315620896565,43.86900444621031,28.35,1.4,0.29452251053137,True
2023-03,bif,Banco Interamericano de Finanzas,B. Interamericano de Finanzas,BIF,31/03/2023,BIF,31/03/2023,35.801521726814386,40.50358954537335,27.46,2.74,1.25348677152025,True
2023-04,bif,Banco Interamericano de Finanzas,B. Interamericano de Finanzas,BIF,28/04/2023,BIF,28/04/2023,35.755409449244254,40.08336178771145,28.4,2.94,0.556251880069387,True
2023-05,bif,Banco Interamericano de Finanzas,B. Interamericano de Finanzas,BIF,31/05/2023,BIF,31/05/2023,35.263023484506895,41.66476469587744,29.55,3.68,0.31786146413237,True
2023-06,bif,Banco Interamericano de Finanzas,B. Interamericano de Finanzas,BIF,30/06/2023,BIF,30/06/2023,35.21001050446167,40.44218370464973,29.9,3.57,-0.152769746155551,True
2023-07,bif,Banco Interamericano de Finanzas,B. Interamericano de Finanzas,BIF,31/07/2023,BIF,31/07/2023,34.97109552800061,37.55843217499761,31.31,3.63,0.391066276983018,True
2023-08,bif,Banco Interamericano de Finanzas,B. Interamericano de Finanzas,BIF,31/08/2023,BIF,31/08/2023,35.2444020399328,42.53875656314138,31.57,3.77,0.376132603479856,True
2023-09,bif,Banco Interamericano de Finanzas,B. Interamericano de Finanzas,BIF,29/09/2023,BIF,29/09/2023,35.24540251250427,40.39270136003733,29.98,3.46,0.0164026333286269,True
2023-10,bif,Banco Interamericano de Finanzas,B. Interamericano de Finanzas,BIF,31/10/2023,BIF,31/10/2023,35.47389993101604,40.84977023329952,29.96,3.02,-0.322447443370826,True
2023-11,bif,Banco Interamericano de Finanzas,B. Interamericano de Finanzas,BIF,30/11/2023,BIF,30/11/2023,34.87515938862323,41.17543944089447,31.47,2.19,-0.163060842314584,True
2023-12,bif,Banco Interamericano de Finanzas,B. Interamericano de Finanzas,BIF,29/12/2023,BIF,29/12/2023,35.609026949079954,40.70936317818211,34.27,2.64,0.405777961086682,True
2024-01,bif,Banco Interamericano de Finanzas,B. Interamericano de Finanzas,BIF,31/01/2024,BIF,31/01/2024,35.539176082363625,41.19771383186705,34.03,3.17,0.0192113272793558,True
2024-02,bif,Banco Interamericano de Finanzas,B. Interamericano de Finanzas,BIF,29/02/2024,BIF,29/02/2024,35.25561146540221,41.80278523358045,31.45,3.18,0.557510800936321,True
2024-03,bif,Banco Interamericano de Finanzas,B. Interamericano de Finanzas,BIF,27/03/2024,BIF,27/03/2024,34.23205248757246,41.23190991001307,31.43,2.88,1.00938516188575,True
2024-04,bif,Banco Interamericano de Finanzas,B. Interamericano de Finanzas,BIF,30/04/2024,BIF,30/04/2024,33.84530823308418,38.44600408572333,33.75,2.91,-0.0516715997229469,True
2024-05,bif,Banco Interamericano de Finanzas,B. Interamericano de Finanzas,BIF,31/05/2024,BIF,31/05/2024,34.60216310562964,41.57250035425021,36.12,3.07,-0.0907064485030323,True
2024-06,bif,Banco Interamericano de Finanzas,B. Interamericano de Finanzas,BIF,28/06/2024,BIF,28/06/2024,36.55943597386632,42.981412288916005,38.95,2.83,0.121741927959431,True
2024-07,bif,Banco Interamericano de Finanzas,B. Interamericano de Finanzas,BIF,31/07/2024,BIF,31/07/2024,36.46701363762113,40.59343265079087,38.46,2.57,0.236268738691571,True
2024-08,bif,Banco Interamericano de Finanzas,B. Interamericano de Finanzas,BIF,31/08/2024,BIF,31/08/2024,36.27404269219238,41.93320942531992,34.58,2.5,0.284170528141876,True
2024-09,bif,Banco Interamericano de Finanzas,B. Interamericano de Finanzas,BIF,30/09/2024,BIF,30/09/2024,35.56928108711534,39.6741438572649,32.66,2.81,-0.237560474773851,True
2024-10,bif,Banco Interamericano de Finanzas,B. Interamericano de Finanzas,BIF,31/10/2024,BIF,31/10/2024,35.776521575651,40.8810662249386,31.51,2.19,-0.0931035230159262,True
2024-11,bif,Banco Interamericano de Finanzas,B. Interamericano de Finanzas,BIF,29/11/2024,BIF,29/11/2024,34.59946389039317,40.280608312428015,31.69,2.13,0.0941530377317251,True
2024-12,bif,Banco Interamericano de Finanzas,B. Interamericano de Finanzas,BIF,30/12/2024,BIF,30/12/2024,34.53660460669582,39.635222194976734,33.91,1.8,0.105667996950954,True
2025-01,bif,Banco Interamericano de Finanzas,B. Interamericano de Finanzas,BIF,31/01/2025,BIF,31/01/2025,34.66169192139512,41.17837751878739,31.19,1.81,-0.0933179134509413,True
2025-02,bif,Banco Interamericano de Finanzas,B. Interamericano de Finanzas,BIF,28/02/2025,BIF,28/02/2025,33.40858935919656,38.82655359653854,31.9,1.5,0.188012094871704,True
2025-03,bif,Banco Interamericano de Finanzas,B. Interamericano de Finanzas,BIF,31/03/2025,BIF,31/03/2025,32.729529042696406,35.590219160778695,32.8,1.77,0.810159321766145,True
2025-04,bif,Banco Interamericano de Finanzas,B. Interamericano de Finanzas,BIF,30/04/2025,BIF,30/04/2025,32.003427766843124,40.67351750729289,32.59,1.74,0.31806633832046,True
2025-05,bif,Banco Interamericano de Finanzas,B. Interamericano de Finanzas,BIF,30/05/2025,BIF,30/05/2025,32.85471744740386,39.927705922813885,31.87,1.9,-0.0564746187563057,True
2025-06,bif,Banco Interamericano de Finanzas,B. Interamericano de Finanzas,BIF,30/06/2025,BIF,30/06/2025,32.966885169733494,42.42889473792864,29.54,1.69,0.128679643778829,True
2025-07,bif,Banco Interamericano de Finanzas,B. Interamericano de Finanzas,BIF,31/07/2025,BIF,31/07/2025,33.10080065521559,39.234851987438624,25.63,1.74,0.231431002364371,True
2025-08,bif,Banco Interamericano de Finanzas,B. Interamericano de Finanzas,BIF,29/08/2025,BIF,29/08/2025,32.80675691917337,42.72175523623778,25.28,1.58,-0.29025398690341,True
2025-09,bif,Banco Interamericano de Finanzas,B. Interamericano de Finanzas,BIF,30/09/2025,BIF,30/09/2025,32.27106494252821,38.43978709926776,25.34,1.64,0.0111517897177685,True
2025-10,bif,Banco Interamericano de Finanzas,B. Interamericano de Finanzas,BIF,31/10/2025,BIF,31/10/2025,31.29862307082179,39.50007949168916,25.97,1.81,-0.0996274056654658,True
2025-11,bif,Banco Interamericano de Finanzas,B. Interamericano de Finanzas,BIF,28/11/2025,BIF,28/11/2025,30.687201028941807,36.45081649972724,27.51,1.69,0.110781919406383,True
2025-12,bif,Banco Interamericano de Finanzas,B. Interamericano de Finanzas,BIF,31/12/2025,BIF,31/12/2025,30.44275650375766,34.031566290369334,29.46,1.42,0.244108583947482,True
2015-11,cencosud_cat,B. Cencosud,B. Cencosud,CAT,30/11/2015,CAT,30/11/2015,0.0,2.058464652077757,85.33,,0.344071735952856,False
2015-12,cencosud_cat,B. Cencosud,B. Cencosud,CAT,31/12/2015,CAT,31/12/2015,0.0,1.7258685674623642,83.54,,0.445721499061671,False
2016-01,cencosud_cat,B. Cencosud,B. Cencosud,CAT,29/01/2016,CAT,29/01/2016,0.0,1.6575757435365963,83.89,,0.37252021115541,False
2016-02,cencosud_cat,B. Cencosud,B. Cencosud,CAT,29/02/2016,CAT,29/02/2016,0.0,1.6438188838704324,81.65,,0.174091242706681,False
2016-03,cencosud_cat,B. Cencosud,B. Cencosud,CAT,31/03/2016,CAT,31/03/2016,0.0,1.3690959730461532,81.82,,0.598118099213,False
2016-04,cencosud_cat,B. Cencosud,B. Cencosud,CAT,29/04/2016,CAT,29/04/2016,0.0,1.2752425395625746,80.36,,0.0114065609758854,False
2016-05,cencosud_cat,B. Cencosud,B. Cencosud,CAT,31/05/2016,CAT,31/05/2016,0.0,1.136736897797953,77.8,,0.209563738332199,False
2016-06,cencosud_cat,B. Cencosud,B. Cencosud,CAT,30/06/2016,CAT,30/06/2016,0.0,0.9506070913226584,75.96,,0.139508528737671,False
2016-07,cencosud_cat,B. Cencosud,B. Cencosud,CAT,27/07/2016,CAT,27/07/2016,0.0,0.9731718103834636,81.78,,0.081747041914584,False
2016-08,cencosud_cat,B. Cencosud,B. Cencosud,CAT,31/08/2016,CAT,31/08/2016,0.0,0.8878371868317168,86.86,,0.358285853821853,False
2016-09,cencosud_cat,B. Cencosud,B. Cencosud,CAT,30/09/2016,CAT,30/09/2016,0.0,0.9011888841097913,85.75,,0.206464092392192,False
2016-10,cencosud_cat,B. Cencosud,B. Cencosud,CAT,31/10/2016,CAT,31/10/2016,0.0,0.9008819833707472,85.02,,0.413354520523768,False
2016-11,cencosud_cat,B. Cencosud,B. Cencosud,CAT,30/11/2016,CAT,30/11/2016,0.0,0.8635266869323539,83.63,,0.290064059118052,False
2016-12,cencosud_cat,B. Cencosud,B. Cencosud,CAT,30/12/2016,CAT,30/12/2016,0.0,0.8644506770761676,82.27,,0.33419524609934,False
2017-01,cencosud_cat,B. Cencosud,B. Cencosud,CAT,31/01/2017,CAT,31/01/2017,0.0,0.7888518701406784,81.86,,0.237843060107308,False
2017-02,cencosud_cat,B. Cencosud,B. Cencosud,CAT,28/02/2017,CAT,28/02/2017,0.0,0.737447979668275,79.78,,0.323171371975582,False
2017-03,cencosud_cat,B. Cencosud,B. Cencosud,CAT,31/03/2017,CAT,31/03/2017,0.0,0.6958426614708795,80.28,,1.30455818519093,False
2017-04,cencosud_cat,B. Cencosud,B. Cencosud,CAT,28/04/2017,CAT,28/04/2017,0.0,0.7087504765242464,80.27,,-0.258053478882145,False
2017-05,cencosud_cat,B. Cencosud,B. Cencosud,CAT,31/05/2017,CAT,31/05/2017,0.0,0.6574830544435623,78.24,,-0.423337988013419,False
2017-06,cencosud_cat,B. Cencosud,B. Cencosud,CAT,28/06/2017,CAT,28/06/2017,0.0,0.660967439251891,77.22,,-0.159198769026384,False
2017-07,cencosud_cat,B. Cencosud,B. Cencosud,CAT,31/07/2017,CAT,31/07/2017,0.0,0.6685572243413795,75.48,,0.198285823750627,False
2017-08,cencosud_cat,B. Cencosud,B. Cencosud,CAT,31/08/2017,CAT,31/08/2017,0.0,0.6751809613444358,78.06,,0.672225629676554,False
2017-09,cencosud_cat,B. Cencosud,B. Cencosud,CAT,29/09/2017,CAT,29/09/2017,0.0,0.6500651687026052,81.55,,-0.0157699757397503,False
2017-10,cencosud_cat,B. Cencosud,B. Cencosud,CAT,31/10/2017,CAT,31/10/2017,0.0,0.5682391928820874,81.37,,-0.469245219484567,False
2017-11,cencosud_cat,B. Cencosud,B. Cencosud,CAT,30/11/2017,CAT,30/11/2017,0.0,0.5066434376359601,82.11,2.0,-0.197237337488294,True
2017-12,cencosud_cat,B. Cencosud,B. Cencosud,CAT,29/12/2017,CAT,29/12/2017,0.0,0.4916150371688131,81.71,2.0,0.156851858043552,True
2018-01,cencosud_cat,B. Cencosud,B. Cencosud,CAT,31/01/2018,CAT,31/01/2018,0.0,0.4028787442665424,82.15,,0.127417107488591,False
2018-02,cencosud_cat,B. Cencosud,B. Cencosud,CAT,28/02/2018,CAT,28/02/2018,0.0,0.3964094277833505,81.62,,0.250220520720826,False
2018-03,cencosud_cat,B. Cencosud,B. Cencosud,CAT,28/03/2018,CAT,28/03/2018,0.0,0.3821309268176929,82.95,,0.487124356837782,False
2018-04,cencosud_cat,B. Cencosud,B. Cencosud,CAT,30/04/2018,CAT,30/04/2018,0.0,0.3597662286003789,83.16,,-0.137073083858309,False
2018-05,cencosud_cat,B. Cencosud,B. Cencosud,CAT,31/05/2018,CAT,31/05/2018,0.0,0.3314738460128857,84.38,,0.0184551804113629,False
2018-06,cencosud_cat,B. Cencosud,B. Cencosud,CAT,28/06/2018,CAT,28/06/2018,0.0,0.3345172229297369,85.94,,0.334058214668909,False
2018-07,cencosud_cat,B. Cencosud,B. Cencosud,CAT,31/07/2018,CAT,31/07/2018,0.0,0.3212643256916334,82.33,,0.382785985925354,False
2018-08,cencosud_cat,B. Cencosud,B. Cencosud,CAT,29/08/2018,CAT,29/08/2018,0.0,0.2872371164814343,87.4,,0.131767259402052,False
2018-09,cencosud_cat,B. Cencosud,B. Cencosud,CAT,28/09/2018,CAT,28/09/2018,0.0,0.2806497037169513,85.14,,0.191681610790045,False
2018-10,cencosud_cat,B. Cencosud,B. Cencosud,CAT,31/10/2018,CAT,31/10/2018,0.0,0.2651892987311415,84.82,,0.0816835303769421,False
2018-11,cencosud_cat,B. Cencosud,B. Cencosud,CAT,30/11/2018,CAT,30/11/2018,0.0,0.2382104450678464,84.33,,0.122438003210824,False
2018-12,cencosud_cat,B. Cencosud,B. Cencosud,CAT,31/12/2018,CAT,31/12/2018,0.0,0.2489875665595469,84.88,,0.181777270585084,False
2019-01,cencosud_cat,B. Cencosud,B. Cencosud,CAT,31/01/2019,CAT,31/01/2019,0.0,0.2468474162301807,84.48,,0.0653322898985492,False
2019-02,cencosud_cat,B. Cencosud,B. Cencosud,CAT,28/02/2019,CAT,28/02/2019,0.0,0.2598256396768715,,,0.126761453780625,False
2015-11,citibank,Citibank,Citibank,Citibank,30/11/2015,Citibank,30/11/2015,30.95727635650036,61.49404029358112,,0.63,0.344071735952856,False
2015-12,citibank,Citibank,Citibank,Citibank,31/12/2015,Citibank,31/12/2015,31.896644259046443,57.98704928247693,,0.91,0.445721499061671,False
2016-01,citibank,Citibank,Citibank,Citibank,29/01/2016,Citibank,29/01/2016,32.533071546818235,63.221423550641695,,0.7,0.37252021115541,False
2016-02,citibank,Citibank,Citibank,Citibank,29/02/2016,Citibank,29/02/2016,34.221792135981,60.20609262095723,,0.37,0.174091242706681,False
2016-03,citibank,Citibank,Citibank,Citibank,31/03/2016,Citibank,31/03/2016,29.28380132235625,59.90545787659822,,0.84,0.598118099213,False
2016-04,citibank,Citibank,Citibank,Citibank,29/04/2016,Citibank,29/04/2016,28.16666333799509,60.12455992960937,,0.31,0.0114065609758854,False
2016-05,citibank,Citibank,Citibank,Citibank,31/05/2016,Citibank,31/05/2016,35.05817314568808,63.480902745490006,,0.37,0.209563738332199,False
2016-06,citibank,Citibank,Citibank,Citibank,30/06/2016,Citibank,30/06/2016,33.21645611297553,61.05722099705684,,0.49,0.139508528737671,False
2016-07,citibank,Citibank,Citibank,Citibank,27/07/2016,Citibank,27/07/2016,32.72838421820967,60.653059190815526,,0.98,0.081747041914584,False
2016-08,citibank,Citibank,Citibank,Citibank,31/08/2016,Citibank,31/08/2016,33.28758059800926,61.731986758965405,,0.4,0.358285853821853,False
2016-09,citibank,Citibank,Citibank,Citibank,30/09/2016,Citibank,30/09/2016,34.079606936665186,64.33784561418993,,1.11,0.206464092392192,False
2016-10,citibank,Citibank,Citibank,Citibank,31/10/2016,Citibank,31/10/2016,35.486001831392464,57.48200020144242,,1.11,0.413354520523768,False
2016-11,citibank,Citibank,Citibank,Citibank,30/11/2016,Citibank,30/11/2016,34.18273178255337,58.20100427514247,,0.84,0.290064059118052,False
2016-12,citibank,Citibank,Citibank,Citibank,30/12/2016,Citibank,30/12/2016,33.66525683071568,57.50559201182495,,0.45,0.33419524609934,False
2017-01,citibank,Citibank,Citibank,Citibank,31/01/2017,Citibank,31/01/2017,33.117364160620646,62.04884510202767,,0.51,0.237843060107308,False
2017-02,citibank,Citibank,Citibank,Citibank,28/02/2017,Citibank,28/02/2017,31.40808099122172,58.06235002720887,,0.94,0.323171371975582,False
2017-03,citibank,Citibank,Citibank,Citibank,31/03/2017,Citibank,31/03/2017,30.61367003356328,56.1568123801309,,0.42,1.30455818519093,False
2017-04,citibank,Citibank,Citibank,Citibank,28/04/2017,Citibank,28/04/2017,29.003269293211478,54.48028777499347,,0.4,-0.258053478882145,False
2017-05,citibank,Citibank,Citibank,Citibank,31/05/2017,Citibank,31/05/2017,28.19409620114718,56.10948019406003,,0.89,-0.423337988013419,False
2017-06,citibank,Citibank,Citibank,Citibank,28/06/2017,Citibank,28/06/2017,27.16738668640038,52.06790788365735,,1.01,-0.159198769026384,False
2017-07,citibank,Citibank,Citibank,Citibank,31/07/2017,Citibank,31/07/2017,24.07029274685957,47.253747177043486,,0.64,0.198285823750627,False
2017-08,citibank,Citibank,Citibank,Citibank,31/08/2017,Citibank,31/08/2017,25.94275274823472,47.78895618976802,,0.64,0.672225629676554,False
2017-09,citibank,Citibank,Citibank,Citibank,29/09/2017,Citibank,29/09/2017,28.254078307932268,40.48775828342929,,0.84,-0.0157699757397503,False
2017-10,citibank,Citibank,Citibank,Citibank,31/10/2017,Citibank,31/10/2017,31.192956371090467,37.82752505504901,,0.84,-0.469245219484567,False
2017-11,citibank,Citibank,Citibank,Citibank,30/11/2017,Citibank,30/11/2017,45.050388284310536,45.33405097511577,,0.33,-0.197237337488294,False
2017-12,citibank,Citibank,Citibank,Citibank,29/12/2017,Citibank,29/12/2017,46.99676228024303,47.21177735032257,,0.54,0.156851858043552,False
2018-01,citibank,Citibank,Citibank,Citibank,31/01/2018,Citibank,31/01/2018,47.369802287870826,37.18809607870474,,0.67,0.127417107488591,False
2018-02,citibank,Citibank,Citibank,Citibank,28/02/2018,Citibank,28/02/2018,43.60043208104876,30.14208630152216,,0.93,0.250220520720826,False
2018-03,citibank,Citibank,Citibank,Citibank,28/03/2018,Citibank,28/03/2018,43.995118986352985,32.4793176168074,,0.65,0.487124356837782,False
2018-04,citibank,Citibank,Citibank,Citibank,30/04/2018,Citibank,30/04/2018,41.98785027094548,34.80323620594184,,0.66,-0.137073083858309,False
2018-05,citibank,Citibank,Citibank,Citibank,31/05/2018,Citibank,31/05/2018,31.316820515625157,32.42607746168019,,0.59,0.0184551804113629,False
2018-06,citibank,Citibank,Citibank,Citibank,28/06/2018,Citibank,28/06/2018,27.422627640995128,28.00532699322141,,0.43,0.334058214668909,False
2018-07,citibank,Citibank,Citibank,Citibank,31/07/2018,Citibank,31/07/2018,22.36110678853369,29.44450610406532,,0.69,0.382785985925354,False
2018-08,citibank,Citibank,Citibank,Citibank,29/08/2018,Citibank,29/08/2018,21.237621257832448,27.04735083498828,,0.56,0.131767259402052,False
2018-09,citibank,Citibank,Citibank,Citibank,28/09/2018,Citibank,28/09/2018,22.082317147447263,30.527950235839903,,0.57,0.191681610790045,False
2018-10,citibank,Citibank,Citibank,Citibank,31/10/2018,Citibank,31/10/2018,19.97819667250336,27.4021059101132,,0.63,0.0816835303769421,False
2018-11,citibank,Citibank,Citibank,Citibank,30/11/2018,Citibank,30/11/2018,17.980648054554486,28.96692840919325,,0.6,0.122438003210824,False
2018-12,citibank,Citibank,Citibank,Citibank,31/12/2018,Citibank,31/12/2018,17.30334811934649,29.914794405254124,,0.99,0.181777270585084,False
2019-01,citibank,Citibank,Citibank,Citibank,31/01/2019,Citibank,31/01/2019,15.48518651882186,33.309503623135456,,1.13,0.0653322898985492,False
2019-02,citibank,Citibank,Citibank,Citibank,28/02/2019,Citibank,28/02/2019,12.361345199934146,32.303815485026085,,0.89,0.126761453780625,False
2019-03,citibank,Citibank,Citibank,Citibank,29/03/2019,Citibank,29/03/2019,11.028762825571954,29.59303017818945,,1.62,0.727552259105356,False
2019-04,citibank,Citibank,Citibank,Citibank,30/04/2019,Citibank,30/04/2019,10.125202166400005,34.24559154960446,,1.08,0.200080537447719,False
2019-05,citibank,Citibank,Citibank,Citibank,31/05/2019,Citibank,31/05/2019,8.886805283224765,32.573638119491605,,1.22,0.14761382269664,False
2019-06,citibank,Citibank,Citibank,Citibank,28/06/2019,Citibank,28/06/2019,9.146853174926456,32.322402311765146,,1.05,-0.0862718704256484,False
2019-07,citibank,Citibank,Citibank,Citibank,31/07/2019,Citibank,31/07/2019,9.339937894852907,36.55614451471947,,0.87,0.203336703292959,False
2019-08,citibank,Citibank,Citibank,Citibank,28/08/2019,Citibank,28/08/2019,11.370092534526211,30.057365947979548,,0.55,0.0609772736582818,False
2019-09,citibank,Citibank,Citibank,Citibank,30/09/2019,Citibank,30/09/2019,12.934316424034115,36.11244327758807,,1.11,0.0063829985801787,False
2019-10,citibank,Citibank,Citibank,Citibank,30/10/2019,Citibank,30/10/2019,13.431764414519684,35.706202934874966,,0.13,0.110725430948253,False
2019-11,citibank,Citibank,Citibank,Citibank,29/11/2019,Citibank,29/11/2019,15.584842861581617,33.45393710726919,,0.47,0.108910232526761,False
2019-12,citibank,Citibank,Citibank,Citibank,31/12/2019,Citibank,31/12/2019,16.243226864174908,31.54912243937596,,1.14,0.214521161156722,False
2020-01,citibank,Citibank,Citibank,Citibank,31/01/2020,Citibank,31/01/2020,14.251539708488991,32.195178198033915,,0.34,0.0538080667322616,False
2020-02,citibank,Citibank,Citibank,Citibank,28/02/2020,Citibank,28/02/2020,12.785542817438856,31.378695138667236,,0.72,0.142172034360178,False
2020-03,citibank,Citibank,Citibank,Citibank,31/03/2020,Citibank,31/03/2020,13.966728601745556,32.86732305638355,,0.34,0.645999987966259,False
2020-04,citibank,Citibank,Citibank,Citibank,30/04/2020,Citibank,30/04/2020,9.917041646850592,25.72206130059277,,0.26,0.104582684852522,False
2020-05,citibank,Citibank,Citibank,Citibank,29/05/2020,Citibank,29/05/2020,8.874934928002652,37.82757870708782,,0.01,0.204153570879042,False
2020-06,citibank,Citibank,Citibank,Citibank,30/06/2020,Citibank,30/06/2020,9.430975933999058,38.15879930646806,,0.01,-0.266096854987984,False
2020-07,citibank,Citibank,Citibank,Citibank,31/07/2020,Citibank,31/07/2020,12.927355451961713,36.39392906679308,,0.01,0.462688397344215,False
2020-08,citibank,Citibank,Citibank,Citibank,31/08/2020,Citibank,31/08/2020,15.82570202330219,32.584464309516086,,0.01,-0.110238965197723,False
2020-09,citibank,Citibank,Citibank,Citibank,30/09/2020,Citibank,30/09/2020,20.31107280382373,38.53771273855912,,0.01,0.136353971354613,False
2020-10,citibank,Citibank,Citibank,Citibank,30/10/2020,Citibank,30/10/2020,24.37468520412756,38.26170365972983,,0.01,0.0167755516523417,False
2020-11,citibank,Citibank,Citibank,Citibank,30/11/2020,Citibank,30/11/2020,23.90067406916157,39.95831843179165,,0.01,0.520479581391504,False
2020-12,citibank,Citibank,Citibank,Citibank,31/12/2020,Citibank,31/12/2020,32.570047953469135,33.651827124683074,,0.01,0.0487327395330378,False
2021-01,citibank,Citibank,Citibank,Citibank,29/01/2021,Citibank,29/01/2021,29.075881337355614,34.44126072262431,,0.01,0.742901704166242,False
2021-02,citibank,Citibank,Citibank,Citibank,26/02/2021,Citibank,26/02/2021,28.751815025545707,31.86340330169404,,0.01,-0.125265562868538,False
2021-03,citibank,Citibank,Citibank,Citibank,31/03/2021,Citibank,31/03/2021,32.734247238343016,32.35787269217306,,0.01,0.839468767410369,False
2021-04,citibank,Citibank,Citibank,Citibank,30/04/2021,Citibank,30/04/2021,34.23564780411946,29.230092379960865,,0.01,-0.104691802721501,False
2021-05,citibank,Citibank,Citibank,Citibank,31/05/2021,Citibank,31/05/2021,40.912425019869815,31.545333748903957,,0.01,0.266557522263624,False
2021-06,citibank,Citibank,Citibank,Citibank,30/06/2021,Citibank,30/06/2021,39.49460630493044,32.694802295296114,,0.01,0.51967163414861,False
2021-07,citibank,Citibank,Citibank,Citibank,30/07/2021,Citibank,30/07/2021,39.2042103201245,35.38562570395582,,0.01,1.00753906510749,False
2021-08,citibank,Citibank,Citibank,Citibank,31/08/2021,Citibank,31/08/2021,34.69016471221125,37.10583255936404,,0.01,0.98493531236659,False
2021-09,citibank,Citibank,Citibank,Citibank,30/09/2021,Citibank,30/09/2021,36.90188102944015,34.92639852285838,,0.01,0.40042251687241,False
2021-10,citibank,Citibank,Citibank,Citibank,29/10/2021,Citibank,29/10/2021,33.9523862017693,36.64442130095593,,0.01,0.58366506925955,False
2021-11,citibank,Citibank,Citibank,Citibank,30/11/2021,Citibank,30/11/2021,33.87205689307098,41.01688905999487,,0.01,0.358183580426998,False
2021-12,citibank,Citibank,Citibank,Citibank,31/12/2021,Citibank,31/12/2021,36.92715081615543,37.59073215818208,,0.01,0.782835268325123,False
2022-01,citibank,Citibank,Citibank,Citibank,31/01/2022,Citibank,31/01/2022,35.93621282712438,49.17822369980325,,0.01,0.0372679999999974,False
2022-02,citibank,Citibank,Citibank,Citibank,28/02/2022,Citibank,28/02/2022,31.71238525736169,34.45094598273121,,0.01,0.311455926605271,False
2022-03,citibank,Citibank,Citibank,Citibank,31/03/2022,Citibank,31/03/2022,35.106446284921894,32.830090791217735,,0.01,1.48265988924236,False
2022-04,citibank,Citibank,Citibank,Citibank,29/04/2022,Citibank,29/04/2022,33.627778220256246,39.6303093877362,,0.01,0.961893177341858,False
2022-05,citibank,Citibank,Citibank,Citibank,31/05/2022,Citibank,31/05/2022,31.265700294420483,45.34999634419378,,0.01,0.384024966018986,False
2022-06,citibank,Citibank,Citibank,Citibank,30/06/2022,Citibank,30/06/2022,32.046597643551195,41.85734643748352,,0.01,1.19062710636316,False
2022-07,citibank,Citibank,Citibank,Citibank,27/07/2022,Citibank,27/07/2022,33.070483291051566,37.875420606938334,,0.01,0.940891085039107,False
2022-08,citibank,Citibank,Citibank,Citibank,31/08/2022,Citibank,31/08/2022,38.42321272261176,31.37906938054501,,0.01,0.666542107665968,False
2022-09,citibank,Citibank,Citibank,Citibank,30/09/2022,Citibank,30/09/2022,37.60543271399596,37.80883113376813,,0.01,0.522557852684368,False
2022-10,citibank,Citibank,Citibank,Citibank,31/10/2022,Citibank,31/10/2022,35.58740986140887,36.65789782557367,,0.01,0.347652348101841,False
2022-11,citibank,Citibank,Citibank,Citibank,30/11/2022,Citibank,30/11/2022,36.5216262136693,36.23906756848904,,0.11,0.517639656505263,False
2022-12,citibank,Citibank,Citibank,Citibank,30/12/2022,Citibank,30/12/2022,38.203447960380096,34.74014251418125,,0.01,0.793924170395989,False
2023-01,citibank,Citibank,Citibank,Citibank,31/01/2023,Citibank,31/01/2023,30.55296532724716,28.40151643059558,,0.01,0.226446521871514,False
2023-02,citibank,Citibank,Citibank,Citibank,28/02/2023,Citibank,28/02/2023,31.99077478529772,37.60292618164471,,0.01,0.29452251053137,False
2023-03,citibank,Citibank,Citibank,Citibank,31/03/2023,Citibank,31/03/2023,35.5483171242079,34.75055200095822,,0.12,1.25348677152025,False
2023-04,citibank,Citibank,Citibank,Citibank,28/04/2023,Citibank,28/04/2023,32.11906595513996,37.61540841766233,,0.01,0.556251880069387,False
2023-05,citibank,Citibank,Citibank,Citibank,31/05/2023,Citibank,31/05/2023,28.945196125980782,42.82874729271416,,0.03,0.31786146413237,False
2023-06,citibank,Citibank,Citibank,Citibank,30/06/2023,Citibank,30/06/2023,29.514016368904084,42.59549197697346,,0.02,-0.152769746155551,False
2023-07,citibank,Citibank,Citibank,Citibank,31/07/2023,Citibank,31/07/2023,24.50888357184132,38.30711410348229,,0.01,0.391066276983018,False
2023-08,citibank,Citibank,Citibank,Citibank,31/08/2023,Citibank,31/08/2023,25.46843478104222,37.3769297216528,,0.01,0.376132603479856,False
2023-09,citibank,Citibank,Citibank,Citibank,29/09/2023,Citibank,29/09/2023,23.7686834394881,37.0860245236781,,0.01,0.0164026333286269,False
2023-10,citibank,Citibank,Citibank,Citibank,31/10/2023,Citibank,31/10/2023,24.277387594272103,33.827582960843586,,0.01,-0.322447443370826,False
2023-11,citibank,Citibank,Citibank,Citibank,30/11/2023,Citibank,30/11/2023,23.97159147439142,34.15657244661113,,0.01,-0.163060842314584,False
2023-12,citibank,Citibank,Citibank,Citibank,29/12/2023,Citibank,29/12/2023,27.082620219803204,33.53137814253721,,0.11,0.405777961086682,False
2024-01,citibank,Citibank,Citibank,Citibank,31/01/2024,Citibank,31/01/2024,27.12598071725721,36.39592948519401,,0.01,0.0192113272793558,False
2024-02,citibank,Citibank,Citibank,Citibank,29/02/2024,Citibank,29/02/2024,24.05517835091596,35.00537213000632,,0.01,0.557510800936321,False
2024-03,citibank,Citibank,Citibank,Citibank,27/03/2024,Citibank,27/03/2024,33.48771292297949,36.51728803835421,,0.22,1.00938516188575,False
2024-04,citibank,Citibank,Citibank,Citibank,30/04/2024,Citibank,30/04/2024,29.066285502880724,31.608763549070822,,0.01,-0.0516715997229469,False
2024-05,citibank,Citibank,Citibank,Citibank,31/05/2024,Citibank,31/05/2024,32.27294549596836,32.69946234727571,,0.01,-0.0907064485030323,False
2024-06,citibank,Citibank,Citibank,Citibank,28/06/2024,Citibank,28/06/2024,31.911654789681304,35.26269434511827,,0.03,0.121741927959431,False
2024-07,citibank,Citibank,Citibank,Citibank,31/07/2024,Citibank,31/07/2024,26.680878963635838,38.006398861243895,,0.01,0.236268738691571,False
2024-08,citibank,Citibank,Citibank,Citibank,31/08/2024,Citibank,31/08/2024,32.40258427868,40.08122948684075,,0.02,0.284170528141876,False
2024-09,citibank,Citibank,Citibank,Citibank,30/09/2024,Citibank,30/09/2024,31.470497384066583,35.54242885036738,,0.02,-0.237560474773851,False
2024-10,citibank,Citibank,Citibank,Citibank,31/10/2024,Citibank,31/10/2024,36.26829230393926,34.38067623924962,,0.02,-0.0931035230159262,False
2024-11,citibank,Citibank,Citibank,Citibank,29/11/2024,Citibank,29/11/2024,41.86948072696349,40.518268575075474,,0.02,0.0941530377317251,False
2024-12,citibank,Citibank,Citibank,Citibank,30/12/2024,Citibank,30/12/2024,44.013793638162426,35.88204977544152,,0.09,0.105667996950954,False
2025-01,citibank,Citibank,Citibank,Citibank,31/01/2025,Citibank,31/01/2025,41.129553009037245,41.98669197372361,,0.1,-0.0933179134509413,False
2025-02,citibank,Citibank,Citibank,Citibank,28/02/2025,Citibank,28/02/2025,40.085071285658245,37.14449689009107,,0.07,0.188012094871704,False
2025-03,citibank,Citibank,Citibank,Citibank,31/03/2025,Citibank,31/03/2025,38.18220603334349,39.84241218627586,,0.09,0.810159321766145,False
2025-04,citibank,Citibank,Citibank,Citibank,30/04/2025,Citibank,30/04/2025,39.498459288647055,42.87029613496831,,0.05,0.31806633832046,False
2025-05,citibank,Citibank,Citibank,Citibank,30/05/2025,Citibank,30/05/2025,35.755062365775494,39.89767792183537,,0.07,-0.0564746187563057,False
2025-06,citibank,Citibank,Citibank,Citibank,30/06/2025,Citibank,30/06/2025,36.34551746008053,37.57395551118335,,0.05,0.128679643778829,False
2025-07,citibank,Citibank,Citibank,Citibank,31/07/2025,Citibank,31/07/2025,33.77599202533486,40.17591997814404,,0.04,0.231431002364371,False
2025-08,citibank,Citibank,Citibank,Citibank,29/08/2025,Citibank,29/08/2025,31.523027287421503,37.99836478844102,,0.06,-0.29025398690341,False
2025-09,citibank,Citibank,Citibank,Citibank,30/09/2025,Citibank,30/09/2025,30.63933163435357,40.2495763807807,,0.04,0.0111517897177685,False
2025-10,citibank,Citibank,Citibank,Citibank,31/10/2025,Citibank,31/10/2025,27.72158411716468,38.079804398400405,,0.05,-0.0996274056654658,False
2025-11,citibank,Citibank,Citibank,Citibank,28/11/2025,Citibank,28/11/2025,29.45949378840457,39.76529260375582,,0.04,0.110781919406383,False
2025-12,citibank,Citibank,Citibank,Citibank,31/12/2025,Citibank,31/12/2025,38.85542072468983,34.98921443652115,,0.03,0.244108583947482,False
2025-01,compartamos,Compartamos Banco*,Compartamos Banco,Compartamos,31/01/2025,Compartamos,31/01/2025,0.0,1.1009067738956324,36.36,1.98,-0.0933179134509413,True
2025-02,compartamos,Compartamos Banco*,Compartamos Banco,Compartamos,28/02/2025,Compartamos,28/02/2025,0.0,1.133213628496748,36.62,1.96,0.188012094871704,True
2025-03,compartamos,Compartamos Banco*,Compartamos Banco,Compartamos,31/03/2025,Compartamos,31/03/2025,0.0,1.159055045611036,36.32,1.72,0.810159321766145,True
2025-04,compartamos,Compartamos Banco,Compartamos Banco,Compartamos,30/04/2025,Compartamos,30/04/2025,0.0,1.1469516919894132,35.3,1.45,0.31806633832046,True
2025-05,compartamos,Compartamos Banco,Compartamos Banco,Compartamos,30/05/2025,Compartamos,30/05/2025,0.0,1.2223424582837006,35.57,1.43,-0.0564746187563057,True
2025-06,compartamos,Compartamos Banco,Compartamos Banco,Compartamos,30/06/2025,Compartamos,30/06/2025,0.0,1.2081236880358943,36.15,1.55,0.128679643778829,True
2025-07,compartamos,Compartamos Banco,Compartamos Banco,Compartamos,31/07/2025,Compartamos,31/07/2025,0.0,1.2093324080350265,36.57,1.63,0.231431002364371,True
2025-08,compartamos,Compartamos Banco,Compartamos Banco,Compartamos,29/08/2025,Compartamos,29/08/2025,0.0,1.1701778558759877,36.29,1.79,-0.29025398690341,True
2025-09,compartamos,Compartamos Banco,Compartamos Banco,Compartamos,30/09/2025,Compartamos,30/09/2025,0.0,1.1417165195432228,36.62,2.09,0.0111517897177685,True
2025-10,compartamos,Compartamos Banco,Compartamos Banco,Compartamos,31/10/2025,Compartamos,31/10/2025,0.0,1.0975703360673066,36.39,2.16,-0.0996274056654658,True
2025-11,compartamos,Compartamos Banco,Compartamos Banco,Compartamos,28/11/2025,Compartamos,28/11/2025,0.0,1.0162498442502943,36.79,2.01,0.110781919406383,True
2025-12,compartamos,Compartamos Banco,Compartamos Banco,Compartamos,31/12/2025,Compartamos,31/12/2025,0.0,1.0091161241415008,36.92,1.74,0.244108583947482,True
2015-11,deutsche,Deutsche Bank,Deutsche Bank Perú,Deutsche,30/11/2015,Deutsche,30/11/2015,,99.81556317120084,,,0.344071735952856,False
2015-12,deutsche,Deutsche Bank,Deutsche Bank Perú,Deutsche,31/12/2015,Deutsche,31/12/2015,,26.05439887770916,,,0.445721499061671,False
2016-01,deutsche,Deutsche Bank,Deutsche Bank Perú,Deutsche,29/01/2016,Deutsche,29/01/2016,,26.386189065242423,,,0.37252021115541,False
2016-02,deutsche,Deutsche Bank,Deutsche Bank Perú,Deutsche,29/02/2016,Deutsche,29/02/2016,,26.687122329878115,,,0.174091242706681,False
2016-03,deutsche,Deutsche Bank,Deutsche Bank Perú,Deutsche,31/03/2016,Deutsche,31/03/2016,,25.5711334894837,,,0.598118099213,False
2016-04,deutsche,Deutsche Bank,Deutsche Bank Perú,Deutsche,29/04/2016,Deutsche,29/04/2016,,25.26667720442778,,,0.0114065609758854,False
2016-05,deutsche,Deutsche Bank,Deutsche Bank Perú,Deutsche,31/05/2016,Deutsche,31/05/2016,,,,,0.209563738332199,False
2016-06,deutsche,Deutsche Bank,Deutsche Bank Perú,Deutsche,30/06/2016,Deutsche,30/06/2016,,,,,0.139508528737671,False
2015-11,falabella,Banco Falabella Perú,B. Falabella Perú .,Falabella,30/11/2015,Falabella,30/11/2015,2.5640017358567646,14.15703396856973,53.94,2.5,0.344071735952856,True
2015-12,falabella,Banco Falabella Perú,B. Falabella Perú .,Falabella,31/12/2015,Falabella,31/12/2015,2.3650583267232026,14.173425138477793,55.64,2.5,0.445721499061671,True
2016-01,falabella,Banco Falabella Perú,B. Falabella Perú .,Falabella,29/01/2016,Falabella,29/01/2016,2.253537998342832,14.070292675744357,55.77,2.5,0.37252021115541,True
2016-02,falabella,Banco Falabella Perú,B. Falabella Perú .,Falabella,29/02/2016,Falabella,29/02/2016,2.180621118402629,13.966566349295132,54.1,2.5,0.174091242706681,True
2016-03,falabella,Banco Falabella Perú,B. Falabella Perú .,Falabella,31/03/2016,Falabella,31/03/2016,1.935874374717935,12.421869281671558,54.58,2.5,0.598118099213,True
2016-04,falabella,Banco Falabella Perú,B. Falabella Perú .,Falabella,29/04/2016,Falabella,29/04/2016,1.818158709883457,12.707768884765343,54.88,2.5,0.0114065609758854,True
2016-05,falabella,Banco Falabella Perú,B. Falabella Perú .,Falabella,31/05/2016,Falabella,31/05/2016,1.7556044832421032,12.94501568685608,56.07,2.5,0.209563738332199,True
2016-06,falabella,Banco Falabella Perú,B. Falabella Perú .,Falabella,30/06/2016,Falabella,30/06/2016,1.63192387380235,12.126555786333258,57.64,2.5,0.139508528737671,True
2016-07,falabella,Banco Falabella Perú,B. Falabella Perú .,Falabella,27/07/2016,Falabella,27/07/2016,1.5985162846995322,12.288277970986805,58.71,2.5,0.081747041914584,True
2016-08,falabella,Banco Falabella Perú,B. Falabella Perú .,Falabella,31/08/2016,Falabella,31/08/2016,1.533426464833371,12.470987067184575,58.21,2.5,0.358285853821853,True
2016-09,falabella,Banco Falabella Perú,B. Falabella Perú .,Falabella,30/09/2016,Falabella,30/09/2016,1.4565019835910982,12.77368445895167,59.5,2.5,0.206464092392192,True
2016-10,falabella,Banco Falabella Perú,B. Falabella Perú .,Falabella,31/10/2016,Falabella,31/10/2016,1.375421135412991,13.594040957608838,62.04,2.5,0.413354520523768,True
2016-11,falabella,Banco Falabella Perú,B. Falabella Perú .,Falabella,30/11/2016,Falabella,30/11/2016,1.3073582625873454,13.63510556112891,59.55,2.5,0.290064059118052,True
2016-12,falabella,Banco Falabella Perú,B. Falabella Perú .,Falabella,30/12/2016,Falabella,30/12/2016,1.1864298248944034,12.86356160990289,59.4,2.5,0.33419524609934,True
2017-01,falabella,Banco Falabella Perú,B. Falabella Perú .,Falabella,31/01/2017,Falabella,31/01/2017,1.1204827829556074,12.63632114230004,61.03,2.5,0.237843060107308,True
2017-02,falabella,Banco Falabella Perú,B. Falabella Perú .,Falabella,28/02/2017,Falabella,28/02/2017,1.0583546253303986,12.460466892128288,61.81,2.5,0.323171371975582,True
2017-03,falabella,Banco Falabella Perú,B. Falabella Perú .,Falabella,31/03/2017,Falabella,31/03/2017,1.0084796229487751,12.216333648416883,60.84,2.46,1.30455818519093,True
2017-04,falabella,Banco Falabella Perú,B. Falabella Perú .,Falabella,28/04/2017,Falabella,28/04/2017,0.9542853235353598,12.196603491275724,59.76,2.5,-0.258053478882145,True
2017-05,falabella,Banco Falabella Perú,B. Falabella Perú .,Falabella,31/05/2017,Falabella,31/05/2017,0.8940136639040114,11.781682622305553,60.67,2.5,-0.423337988013419,True
2017-06,falabella,Banco Falabella Perú,B. Falabella Perú .,Falabella,28/06/2017,Falabella,28/06/2017,0.8540008440450596,11.73406444050602,60.44,2.5,-0.159198769026384,True
2017-07,falabella,Banco Falabella Perú,B. Falabella Perú .,Falabella,31/07/2017,Falabella,31/07/2017,0.8309771653861082,12.130067232447526,64.5,2.5,0.198285823750627,True
2017-08,falabella,Banco Falabella Perú,B. Falabella Perú .,Falabella,31/08/2017,Falabella,31/08/2017,0.8092923745104424,11.477290998935436,68.88,2.5,0.672225629676554,True
2017-09,falabella,Banco Falabella Perú,B. Falabella Perú .,Falabella,29/09/2017,Falabella,29/09/2017,0.7913513570278821,11.560078488176291,70.65,2.5,-0.0157699757397503,True
2017-10,falabella,Banco Falabella Perú,B. Falabella Perú .,Falabella,31/10/2017,Falabella,31/10/2017,0.750023307907658,11.484750395466412,71.5,2.5,-0.469245219484567,True
2017-11,falabella,Banco Falabella Perú,B. Falabella Perú .,Falabella,30/11/2017,Falabella,30/11/2017,0.7033534495863424,11.33323523627943,71.81,2.5,-0.197237337488294,True
2017-12,falabella,Banco Falabella Perú,B. Falabella Perú .,Falabella,29/12/2017,Falabella,29/12/2017,0.6553164015165291,10.006113575504092,71.25,2.5,0.156851858043552,True
2018-01,falabella,Banco Falabella Perú,B. Falabella Perú .,Falabella,31/01/2018,Falabella,31/01/2018,0.6331351989095094,9.486981572485329,72.51,2.5,0.127417107488591,True
2018-02,falabella,Banco Falabella Perú,B. Falabella Perú .,Falabella,28/02/2018,Falabella,28/02/2018,0.6289436194007477,9.35078006719132,71.11,2.5,0.250220520720826,True
2018-03,falabella,Banco Falabella Perú,B. Falabella Perú .,Falabella,28/03/2018,Falabella,28/03/2018,0.5854095881315108,9.112691772895127,65.22,2.5,0.487124356837782,True
2018-04,falabella,Banco Falabella Perú,B. Falabella Perú .,Falabella,30/04/2018,Falabella,30/04/2018,0.5557951660399837,8.932553415349648,54.26,2.5,-0.137073083858309,True
2018-05,falabella,Banco Falabella Perú,B. Falabella Perú .,Falabella,31/05/2018,Falabella,31/05/2018,0.5228169020053495,8.936910729389359,52.84,2.5,0.0184551804113629,True
2018-06,falabella,Banco Falabella Perú,B. Falabella Perú .,Falabella,28/06/2018,Falabella,28/06/2018,0.4828079807340142,8.872884449694993,53.42,2.5,0.334058214668909,True
2018-07,falabella,Banco Falabella Perú,B. Falabella Perú .,Falabella,31/07/2018,Falabella,31/07/2018,0.4729094405855736,8.791560505818609,53.48,2.5,0.382785985925354,True
2018-08,falabella,Banco Falabella Perú,B. Falabella Perú .,Falabella,29/08/2018,Falabella,29/08/2018,0.4488409106913537,9.066126849536433,52.65,2.5,0.131767259402052,True
2018-09,falabella,Banco Falabella Perú,B. Falabella Perú .,Falabella,28/09/2018,Falabella,28/09/2018,0.4547992343808663,8.98373315017527,50.84,2.5,0.191681610790045,True
2018-10,falabella,Banco Falabella Perú,B. Falabella Perú .,Falabella,31/10/2018,Falabella,31/10/2018,0.2703576196845463,9.433405685439643,52.4,2.5,0.0816835303769421,True
2018-11,falabella,Banco Falabella Perú,B. Falabella Perú .,Falabella,30/11/2018,Falabella,30/11/2018,0.2514388745512867,9.40055509319431,55.33,2.5,0.122438003210824,True
2018-12,falabella,Banco Falabella Perú,B. Falabella Perú .,Falabella,31/12/2018,Falabella,31/12/2018,0.2311638636236671,8.948806482125114,59.03,2.5,0.181777270585084,True
2019-01,falabella,Banco Falabella Perú,B. Falabella Perú .,Falabella,31/01/2019,Falabella,31/01/2019,0.2128686933694468,9.123616164720575,53.99,2.5,0.0653322898985492,True
2019-02,falabella,Banco Falabella Perú,B. Falabella Perú .,Falabella,28/02/2019,Falabella,28/02/2019,0.1984735968155545,8.725820531686683,51.3,2.5,0.126761453780625,True
2019-03,falabella,Banco Falabella Perú,B. Falabella Perú .,Falabella,29/03/2019,Falabella,29/03/2019,0.1849073113083582,8.614482926683577,51.7,2.5,0.727552259105356,True
2019-04,falabella,Banco Falabella Perú,B. Falabella Perú .,Falabella,30/04/2019,Falabella,30/04/2019,0.1716264206659769,8.34560321667905,52.1,2.5,0.200080537447719,True
2019-05,falabella,Banco Falabella Perú,B. Falabella Perú .,Falabella,31/05/2019,Falabella,31/05/2019,0.1621096133539595,8.674402099529773,53.29,2.5,0.14761382269664,True
2019-06,falabella,Banco Falabella Perú,B. Falabella Perú .,Falabella,28/06/2019,Falabella,28/06/2019,0.1472455115657899,8.11477397479737,54.39,2.5,-0.0862718704256484,True
2019-07,falabella,Banco Falabella Perú,B. Falabella Perú .,Falabella,31/07/2019,Falabella,31/07/2019,0.1366260240690066,7.622010436365989,50.77,2.5,0.203336703292959,True
2019-08,falabella,Banco Falabella Perú,B. Falabella Perú .,Falabella,28/08/2019,Falabella,28/08/2019,0.1311269549264919,7.686777044012776,51.24,2.5,0.0609772736582818,True
2019-09,falabella,Banco Falabella Perú,B. Falabella Perú .,Falabella,30/09/2019,Falabella,30/09/2019,0.1244594333845919,7.406324758909381,50.15,2.5,0.0063829985801787,True
2019-10,falabella,Banco Falabella Perú,B. Falabella Perú .,Falabella,30/10/2019,Falabella,30/10/2019,0.1152290310354512,7.235969914051058,45.83,2.5,0.110725430948253,True
2019-11,falabella,Banco Falabella Perú,B. Falabella Perú .,Falabella,29/11/2019,Falabella,29/11/2019,0.1094646309020036,6.703229519269703,48.28,2.5,0.108910232526761,True
2019-12,falabella,Banco Falabella Perú,B. Falabella Perú .,Falabella,31/12/2019,Falabella,31/12/2019,0.0999323905684581,7.272308154383975,52.19,2.5,0.214521161156722,True
2020-01,falabella,Banco Falabella Perú,B. Falabella Perú .,Falabella,31/01/2020,Falabella,31/01/2020,0.0966712932354016,6.845411563077371,47.28,2.5,0.0538080667322616,True
2020-02,falabella,Banco Falabella Perú,B. Falabella Perú .,Falabella,28/02/2020,Falabella,28/02/2020,0.0952421823727311,6.835916039843895,41.71,2.5,0.142172034360178,True
2020-03,falabella,Banco Falabella Perú,B. Falabella Perú .,Falabella,31/03/2020,Falabella,31/03/2020,0.0944311251399607,6.462636037427649,45.27,2.5,0.645999987966259,True
2020-04,falabella,Banco Falabella Perú,B. Falabella Perú .,Falabella,30/04/2020,Falabella,30/04/2020,0.0993084130555773,6.893438305135636,54.75,2.5,0.104582684852522,True
2020-05,falabella,Banco Falabella Perú,B. Falabella Perú .,Falabella,29/05/2020,Falabella,29/05/2020,0.1032462870131372,7.461949256870653,46.23,2.5,0.204153570879042,True
2020-06,falabella,Banco Falabella Perú,B. Falabella Perú .,Falabella,30/06/2020,Falabella,30/06/2020,0.1083644501820908,7.173611343360882,50.37,2.5,-0.266096854987984,True
2020-07,falabella,Banco Falabella Perú,B. Falabella Perú .,Falabella,31/07/2020,Falabella,31/07/2020,0.107814505085565,7.12721219961049,49.73,2.5,0.462688397344215,True
2020-08,falabella,Banco Falabella Perú,B. Falabella Perú .,Falabella,31/08/2020,Falabella,31/08/2020,0.1064625257316235,6.630236384430884,47.64,2.0,-0.110238965197723,True
2020-09,falabella,Banco Falabella Perú,B. Falabella Perú .,Falabella,30/09/2020,Falabella,30/09/2020,0.1071072663504331,6.652480249695667,46.32,1.5,0.136353971354613,True
2020-10,falabella,Banco Falabella Perú,B. Falabella Perú .,Falabella,30/10/2020,Falabella,30/10/2020,0.1054209594795316,6.544017635621205,49.4,1.38,0.0167755516523417,True
2020-11,falabella,Banco Falabella Perú,B. Falabella Perú .,Falabella,30/11/2020,Falabella,30/11/2020,0.0998287873525196,6.594385226017173,46.43,1.41,0.520479581391504,True
2020-12,falabella,Banco Falabella Perú,B. Falabella Perú .,Falabella,31/12/2020,Falabella,31/12/2020,0.0806026577167803,6.710245305117396,56.04,1.45,0.0487327395330378,True
2021-01,falabella,Banco Falabella Perú,B. Falabella Perú .,Falabella,29/01/2021,Falabella,29/01/2021,0.0724736626266543,7.043577698655211,57.53,1.46,0.742901704166242,True
2021-02,falabella,Banco Falabella Perú,B. Falabella Perú .,Falabella,26/02/2021,Falabella,26/02/2021,0.074619440764738,6.783625846953398,53.46,1.33,-0.125265562868538,True
2021-03,falabella,Banco Falabella Perú,B. Falabella Perú .,Falabella,31/03/2021,Falabella,31/03/2021,0.0724233382331324,6.719764625124632,56.21,1.2,0.839468767410369,True
2021-04,falabella,Banco Falabella Perú,B. Falabella Perú .,Falabella,30/04/2021,Falabella,30/04/2021,0.0643955613708887,6.676834639799309,55.29,1.19,-0.104691802721501,True
2021-05,falabella,Banco Falabella Perú,B. Falabella Perú .,Falabella,31/05/2021,Falabella,31/05/2021,0.0619331010527127,7.226560709725032,56.32,0.92,0.266557522263624,True
2021-06,falabella,Banco Falabella Perú,B. Falabella Perú .,Falabella,30/06/2021,Falabella,30/06/2021,0.0610670534967728,6.888565539074815,59.19,0.79,0.51967163414861,True
2021-07,falabella,Banco Falabella Perú,B. Falabella Perú .,Falabella,30/07/2021,Falabella,30/07/2021,0.0257797434423453,6.680388914743471,57.42,0.77,1.00753906510749,True
2021-08,falabella,Banco Falabella Perú,B. Falabella Perú .,Falabella,31/08/2021,Falabella,31/08/2021,0.0251066546050874,6.167675638281357,60.78,0.82,0.98493531236659,True
2021-09,falabella,Banco Falabella Perú,B. Falabella Perú .,Falabella,30/09/2021,Falabella,30/09/2021,0.0246531564766745,6.193700775992383,61.93,0.91,0.40042251687241,True
2021-10,falabella,Banco Falabella Perú,B. Falabella Perú .,Falabella,29/10/2021,Falabella,29/10/2021,0.021860833946869,5.861647530288677,59.92,0.91,0.58366506925955,True
2021-11,falabella,Banco Falabella Perú,B. Falabella Perú .,Falabella,30/11/2021,Falabella,30/11/2021,0.0208867146047729,5.581775312420848,62.14,0.91,0.358183580426998,True
2021-12,falabella,Banco Falabella Perú,B. Falabella Perú .,Falabella,31/12/2021,Falabella,31/12/2021,0.0190726662733338,5.808146122884012,64.78,0.91,0.782835268325123,True
2022-01,falabella,Banco Falabella Perú,B. Falabella Perú .,Falabella,31/01/2022,Falabella,31/01/2022,0.0167489203555594,6.043644866028549,63.79,0.91,0.0372679999999974,True
2022-02,falabella,Banco Falabella Perú,B. Falabella Perú .,Falabella,28/02/2022,Falabella,28/02/2022,0.015438336778286,8.147493562469638,61.99,0.91,0.311455926605271,True
2022-03,falabella,Banco Falabella Perú,B. Falabella Perú .,Falabella,31/03/2022,Falabella,31/03/2022,0.0135233513073396,8.705872841571027,64.07,0.91,1.48265988924236,True
2022-04,falabella,Banco Falabella Perú,B. Falabella Perú .,Falabella,29/04/2022,Falabella,29/04/2022,0.0119472318712315,11.714731284407067,67.37,0.91,0.961893177341858,True
2022-05,falabella,Banco Falabella Perú,B. Falabella Perú .,Falabella,31/05/2022,Falabella,31/05/2022,0.0101177656824763,11.738023634190707,68.74,0.91,0.384024966018986,True
2022-06,falabella,Banco Falabella Perú,B. Falabella Perú .,Falabella,30/06/2022,Falabella,30/06/2022,0.0096348141011554,12.528170550496204,70.66,0.91,1.19062710636316,True
2022-07,falabella,Banco Falabella Perú,B. Falabella Perú .,Falabella,27/07/2022,Falabella,27/07/2022,0.0094065791054036,13.64869522181236,72.64,0.91,0.940891085039107,True
2022-08,falabella,Banco Falabella Perú,B. Falabella Perú .,Falabella,31/08/2022,Falabella,31/08/2022,0.0088583120349486,14.445132411312947,71.25,0.98,0.666542107665968,True
2022-09,falabella,Banco Falabella Perú,B. Falabella Perú .,Falabella,30/09/2022,Falabella,30/09/2022,0.0089419162287068,15.096600850208214,70.05,2.11,0.522557852684368,True
2022-10,falabella,Banco Falabella Perú,B. Falabella Perú .,Falabella,31/10/2022,Falabella,31/10/2022,0.008570512452113,15.256348295064951,69.48,2.67,0.347652348101841,True
2022-11,falabella,Banco Falabella Perú,B. Falabella Perú .,Falabella,30/11/2022,Falabella,30/11/2022,0.0079135089045739,14.43089942172138,68.83,2.74,0.517639656505263,True
2022-12,falabella,Banco Falabella Perú,B. Falabella Perú .,Falabella,30/12/2022,Falabella,30/12/2022,0.0074543674578725,13.706029161315476,72.97,2.74,0.793924170395989,True
2023-01,falabella,Banco Falabella Perú,B. Falabella Perú .,Falabella,31/01/2023,Falabella,31/01/2023,0.0074005377999865,14.646582172042264,75.68,2.74,0.226446521871514,True
2023-02,falabella,Banco Falabella Perú,B. Falabella Perú .,Falabella,28/02/2023,Falabella,28/02/2023,0.0071493760705432,14.990896361440756,73.88,2.74,0.29452251053137,True
2023-03,falabella,Banco Falabella Perú,B. Falabella Perú .,Falabella,31/03/2023,Falabella,31/03/2023,0.0067380548432551,15.112645844049457,74.12,2.74,1.25348677152025,True
2023-04,falabella,Banco Falabella Perú,B. Falabella Perú .,Falabella,28/04/2023,Falabella,28/04/2023,0.0064218423323897,14.905235187606996,73.91,2.74,0.556251880069387,True
2023-05,falabella,Banco Falabella Perú,B. Falabella Perú .,Falabella,31/05/2023,Falabella,31/05/2023,0.0061927603514331,14.147133574154196,75.39,2.74,0.31786146413237,True
2023-06,falabella,Banco Falabella Perú,B. Falabella Perú .,Falabella,30/06/2023,Falabella,30/06/2023,0.0060178253734904,13.599985006465252,78.25,2.74,-0.152769746155551,True
2023-07,falabella,Banco Falabella Perú,B. Falabella Perú .,Falabella,31/07/2023,Falabella,31/07/2023,0.0058606235297965,13.72699566148688,83.28,2.74,0.391066276983018,True
2023-08,falabella,Banco Falabella Perú,B. Falabella Perú .,Falabella,31/08/2023,Falabella,31/08/2023,0.0059268530897553,14.080632207526016,82.33,2.74,0.376132603479856,True
2023-09,falabella,Banco Falabella Perú,B. Falabella Perú .,Falabella,29/09/2023,Falabella,29/09/2023,0.0060738659264686,13.160666157995117,80.47,2.74,0.0164026333286269,True
2023-10,falabella,Banco Falabella Perú,B. Falabella Perú .,Falabella,31/10/2023,Falabella,31/10/2023,0.0059497135007151,13.974062994891725,80.33,2.74,-0.322447443370826,True
2023-11,falabella,Banco Falabella Perú,B. Falabella Perú .,Falabella,30/11/2023,Falabella,30/11/2023,0.0056615791858569,13.88962903851222,77.23,2.74,-0.163060842314584,True
2023-12,falabella,Banco Falabella Perú,B. Falabella Perú .,Falabella,29/12/2023,Falabella,29/12/2023,0.0053414857428714,14.52982746571872,82.72,2.74,0.405777961086682,True
2024-01,falabella,Banco Falabella Perú,B. Falabella Perú .,Falabella,31/01/2024,Falabella,31/01/2024,0.0055717249954832,14.262917387523286,85.99,2.74,0.0192113272793558,True
2024-02,falabella,Banco Falabella Perú,B. Falabella Perú .,Falabella,29/02/2024,Falabella,29/02/2024,0.0054677386522319,15.095281166739714,83.81,2.74,0.557510800936321,True
2024-03,falabella,Banco Falabella Perú,B. Falabella Perú .,Falabella,27/03/2024,Falabella,27/03/2024,0.0052824988418196,14.307064096347649,84.49,2.74,1.00938516188575,True
2024-04,falabella,Banco Falabella Perú,B. Falabella Perú .,Falabella,30/04/2024,Falabella,30/04/2024,0.0052047300293186,14.750437111414003,86.01,2.74,-0.0516715997229469,True
2024-05,falabella,Banco Falabella Perú,B. Falabella Perú .,Falabella,31/05/2024,Falabella,31/05/2024,0.0050980046883209,16.517669302214877,86.62,2.74,-0.0907064485030323,True
2024-06,falabella,Banco Falabella Perú,B. Falabella Perú .,Falabella,28/06/2024,Falabella,28/06/2024,0.0051710954836537,16.075652693950097,90.1,2.74,0.121741927959431,True
2024-07,falabella,Banco Falabella Perú,B. Falabella Perú .,Falabella,31/07/2024,Falabella,31/07/2024,0.0048883502928395,15.118479596360816,92.15,2.74,0.236268738691571,True
2024-08,falabella,Banco Falabella Perú,B. Falabella Perú .,Falabella,31/08/2024,Falabella,31/08/2024,0.0049242538820452,27.799641805216517,90.73,2.74,0.284170528141876,True
2024-09,falabella,Banco Falabella Perú,B. Falabella Perú .,Falabella,30/09/2024,Falabella,30/09/2024,0.0047687689236817,13.33193432354491,87.41,2.74,-0.237560474773851,True
2024-10,falabella,Banco Falabella Perú,B. Falabella Perú .,Falabella,31/10/2024,Falabella,31/10/2024,0.0047164169089191,13.271462628313396,86.53,2.74,-0.0931035230159262,True
2024-11,falabella,Banco Falabella Perú,B. Falabella Perú .,Falabella,29/11/2024,Falabella,29/11/2024,0.0043920815287115,11.62953151880464,87.43,2.74,0.0941530377317251,True
2024-12,falabella,Banco Falabella Perú,B. Falabella Perú .,Falabella,30/12/2024,Falabella,30/12/2024,0.0032576899829279,10.450570460620469,90.99,2.74,0.105667996950954,True
2025-01,falabella,Banco Falabella Perú,B. Falabella Perú .,Falabella,31/01/2025,Falabella,31/01/2025,0.0026612546392435,10.244052455593804,88.67,2.74,-0.0933179134509413,True
2025-02,falabella,Banco Falabella Perú,B. Falabella Perú .,Falabella,28/02/2025,Falabella,28/02/2025,0.0026408008969998,10.28553983701406,85.23,2.74,0.188012094871704,True
2025-03,falabella,Banco Falabella Perú,B. Falabella Perú .,Falabella,31/03/2025,Falabella,31/03/2025,0.0026269954924603,10.4478319699574,85.77,2.74,0.810159321766145,True
2025-04,falabella,Banco Falabella Perú,B. Falabella Perú .,Falabella,30/04/2025,Falabella,30/04/2025,0.002600964079514,10.080908887699454,87.12,2.74,0.31806633832046,True
2025-05,falabella,Banco Falabella Perú,B. Falabella Perú .,Falabella,30/05/2025,Falabella,30/05/2025,0.0025335240172165,10.74271899023494,83.67,2.74,-0.0564746187563057,True
2025-06,falabella,Banco Falabella Perú,B. Falabella Perú .,Falabella,30/06/2025,Falabella,30/06/2025,0.0024465641370924,10.30657359032876,85.08,2.74,0.128679643778829,True
2025-07,falabella,Banco Falabella Perú,B. Falabella Perú .,Falabella,31/07/2025,Falabella,31/07/2025,1.6526489921624866e-05,10.321857364195628,86.33,2.74,0.231431002364371,True
2025-08,falabella,Banco Falabella Perú,B. Falabella Perú .,Falabella,29/08/2025,Falabella,29/08/2025,1.6321374857390183e-05,9.49330259965701,85.17,2.74,-0.29025398690341,True
2025-09,falabella,Banco Falabella Perú,B. Falabella Perú .,Falabella,30/09/2025,Falabella,30/09/2025,1.6025213832309108e-05,11.665005272998862,81.02,2.74,0.0111517897177685,True
2025-10,falabella,Banco Falabella Perú,B. Falabella Perú .,Falabella,31/10/2025,Falabella,31/10/2025,1.5437787362737022e-05,11.532720352884466,82.55,2.74,-0.0996274056654658,True
2025-11,falabella,Banco Falabella Perú,B. Falabella Perú .,Falabella,28/11/2025,Falabella,28/11/2025,0.0,10.890247660786985,84.54,2.74,0.110781919406383,True
2025-12,falabella,Banco Falabella Perú,B. Falabella Perú .,Falabella,31/12/2025,Falabella,31/12/2025,0.0,8.75912363898426,86.03,2.74,0.244108583947482,True
2015-11,gnb,Banco GNB,B. GNB,GNB,30/11/2015,GNB,30/11/2015,28.91467009147901,39.81924136053367,35.65,2.34,0.344071735952856,True
2015-12,gnb,Banco GNB,B. GNB,GNB,31/12/2015,GNB,31/12/2015,29.03839706214388,40.28706116482399,34.27,1.51,0.445721499061671,True
2016-01,gnb,Banco GNB,B. GNB,GNB,29/01/2016,GNB,29/01/2016,29.39975852897821,41.04043869449404,36.19,2.26,0.37252021115541,True
2016-02,gnb,Banco GNB,B. GNB,GNB,29/02/2016,GNB,29/02/2016,28.79465877055969,39.80492897313003,36.23,3.61,0.174091242706681,True
2016-03,gnb,Banco GNB,B. GNB,GNB,31/03/2016,GNB,31/03/2016,27.82008711968717,38.01945838438503,35.94,3.8,0.598118099213,True
2016-04,gnb,Banco GNB,B. GNB,GNB,29/04/2016,GNB,29/04/2016,26.482429379590457,37.98767885103499,35.58,3.7,0.0114065609758854,True
2016-05,gnb,Banco GNB,B. GNB,GNB,31/05/2016,GNB,31/05/2016,26.927360016208933,39.69915109781353,33.77,4.07,0.209563738332199,True
2016-06,gnb,Banco GNB,B. GNB,GNB,30/06/2016,GNB,30/06/2016,27.354652988470303,38.855175376369374,37.14,3.87,0.139508528737671,True
2016-07,gnb,Banco GNB,B. GNB,GNB,27/07/2016,GNB,27/07/2016,28.397711220513955,42.04265184985104,36.58,3.96,0.081747041914584,True
2016-08,gnb,Banco GNB,B. GNB,GNB,31/08/2016,GNB,31/08/2016,28.854885989117214,41.47362716446889,35.3,4.25,0.358285853821853,True
2016-09,gnb,Banco GNB,B. GNB,GNB,30/09/2016,GNB,30/09/2016,27.886021188190465,40.79432831233628,21.02,4.13,0.206464092392192,True
2016-10,gnb,Banco GNB,B. GNB,GNB,31/10/2016,GNB,31/10/2016,28.14230977373024,40.18838228313395,32.87,4.05,0.413354520523768,True
2016-11,gnb,Banco GNB,B. GNB,GNB,30/11/2016,GNB,30/11/2016,27.61578558911573,39.20623223497789,32.39,4.1,0.290064059118052,True
2016-12,gnb,Banco GNB,B. GNB,GNB,30/12/2016,GNB,30/12/2016,25.61959326110784,37.63929406098064,35.97,4.23,0.33419524609934,True
2017-01,gnb,Banco GNB,B. GNB,GNB,31/01/2017,GNB,31/01/2017,24.403625219620352,33.99739061542854,39.23,4.16,0.237843060107308,True
2017-02,gnb,Banco GNB,B. GNB,GNB,28/02/2017,GNB,28/02/2017,24.574719437499933,33.09056648221688,35.78,4.0,0.323171371975582,True
2017-03,gnb,Banco GNB,B. GNB,GNB,31/03/2017,GNB,31/03/2017,24.431198843148238,31.614449349769973,32.64,3.89,1.30455818519093,True
2017-04,gnb,Banco GNB,B. GNB,GNB,28/04/2017,GNB,28/04/2017,23.75640394016609,31.495767549233577,30.2,4.16,-0.258053478882145,True
2017-05,gnb,Banco GNB,B. GNB,GNB,31/05/2017,GNB,31/05/2017,24.020269488922573,32.597033903074696,33.18,4.12,-0.423337988013419,True
2017-06,gnb,Banco GNB,B. GNB,GNB,28/06/2017,GNB,28/06/2017,24.59609751273779,32.59010146429506,30.57,4.14,-0.159198769026384,True
2017-07,gnb,Banco GNB,B. GNB,GNB,31/07/2017,GNB,31/07/2017,24.595172199583946,31.35082034585356,31.71,4.11,0.198285823750627,True
2017-08,gnb,Banco GNB,B. GNB,GNB,31/08/2017,GNB,31/08/2017,24.258543153536984,29.675640761959706,29.41,3.87,0.672225629676554,True
2017-09,gnb,Banco GNB,B. GNB,GNB,29/09/2017,GNB,29/09/2017,24.753628745847003,29.721464309426,23.92,3.94,-0.0157699757397503,True
2017-10,gnb,Banco GNB,B. GNB,GNB,31/10/2017,GNB,31/10/2017,26.44855682103645,29.22203638850456,24.28,3.8,-0.469245219484567,True
2017-11,gnb,Banco GNB,B. GNB,GNB,30/11/2017,GNB,30/11/2017,25.42693987976544,29.247558731966784,19.31,3.79,-0.197237337488294,True
2017-12,gnb,Banco GNB,B. GNB,GNB,29/12/2017,GNB,29/12/2017,25.191187481463,30.540398735615888,20.33,3.79,0.156851858043552,True
2018-01,gnb,Banco GNB,B. GNB,GNB,31/01/2018,GNB,31/01/2018,25.286995292109253,29.28985666699639,25.01,3.74,0.127417107488591,True
2018-02,gnb,Banco GNB,B. GNB,GNB,28/02/2018,GNB,28/02/2018,25.927701387972128,29.44056651086222,26.43,3.94,0.250220520720826,True
2018-03,gnb,Banco GNB,B. GNB,GNB,28/03/2018,GNB,28/03/2018,25.23790238286909,28.40053439412956,30.12,3.87,0.487124356837782,True
2018-04,gnb,Banco GNB,B. GNB,GNB,30/04/2018,GNB,30/04/2018,24.63494172410593,26.663139700004564,27.64,3.86,-0.137073083858309,True
2018-05,gnb,Banco GNB,B. GNB,GNB,31/05/2018,GNB,31/05/2018,23.83014262136501,26.85660077761092,27.94,3.71,0.0184551804113629,True
2018-06,gnb,Banco GNB,B. GNB,GNB,28/06/2018,GNB,28/06/2018,23.973535502034515,25.767334767096628,32.48,4.06,0.334058214668909,True
2018-07,gnb,Banco GNB,B. GNB,GNB,31/07/2018,GNB,31/07/2018,23.76617279893185,26.4756546084988,32.01,3.81,0.382785985925354,True
2018-08,gnb,Banco GNB,B. GNB,GNB,29/08/2018,GNB,29/08/2018,23.197041831263046,26.93886920808829,33.96,3.74,0.131767259402052,True
2018-09,gnb,Banco GNB,B. GNB,GNB,28/09/2018,GNB,28/09/2018,22.714076810193525,27.209991218327502,36.83,3.37,0.191681610790045,True
2018-10,gnb,Banco GNB,B. GNB,GNB,31/10/2018,GNB,31/10/2018,22.52196474054964,27.439921903867308,37.34,3.47,0.0816835303769421,True
2018-11,gnb,Banco GNB,B. GNB,GNB,30/11/2018,GNB,30/11/2018,22.62108853765115,27.43753604320724,40.94,3.12,0.122438003210824,True
2018-12,gnb,Banco GNB,B. GNB,GNB,31/12/2018,GNB,31/12/2018,23.26483720646153,25.38842422846893,40.9,3.54,0.181777270585084,True
2019-01,gnb,Banco GNB,B. GNB,GNB,31/01/2019,GNB,31/01/2019,24.05343740961308,24.96452984252628,40.84,4.05,0.0653322898985492,True
2019-02,gnb,Banco GNB,B. GNB,GNB,28/02/2019,GNB,28/02/2019,23.815243291589084,25.41786540986306,39.61,3.64,0.126761453780625,True
2019-03,gnb,Banco GNB,B. GNB,GNB,29/03/2019,GNB,29/03/2019,23.294527676224508,26.27142112789048,40.4,3.46,0.727552259105356,True
2019-04,gnb,Banco GNB,B. GNB,GNB,30/04/2019,GNB,30/04/2019,23.011330009696245,26.373653073912863,38.24,3.87,0.200080537447719,True
2019-05,gnb,Banco GNB,B. GNB,GNB,31/05/2019,GNB,31/05/2019,23.518496640283765,27.05278900785924,37.99,4.01,0.14761382269664,True
2019-06,gnb,Banco GNB,B. GNB,GNB,28/06/2019,GNB,28/06/2019,23.0810541259002,25.80366019427173,36.93,3.57,-0.0862718704256484,True
2019-07,gnb,Banco GNB,B. GNB,GNB,31/07/2019,GNB,31/07/2019,22.59438258044498,26.645158388125477,31.15,3.63,0.203336703292959,True
2019-08,gnb,Banco GNB,B. GNB,GNB,28/08/2019,GNB,28/08/2019,22.304099533202844,28.921822622340365,37.74,4.46,0.0609772736582818,True
2019-09,gnb,Banco GNB,B. GNB,GNB,30/09/2019,GNB,30/09/2019,20.99751307408437,28.423864466707776,39.6,4.33,0.0063829985801787,True
2019-10,gnb,Banco GNB,B. GNB,GNB,30/10/2019,GNB,30/10/2019,20.387463481614184,30.270594465658856,35.62,3.98,0.110725430948253,True
2019-11,gnb,Banco GNB,B. GNB,GNB,29/11/2019,GNB,29/11/2019,20.873372664804503,29.9970870142708,36.88,4.29,0.108910232526761,True
2019-12,gnb,Banco GNB,B. GNB,GNB,31/12/2019,GNB,31/12/2019,20.95077833294549,27.983603482537056,40.62,4.42,0.214521161156722,True
2020-01,gnb,Banco GNB,B. GNB,GNB,31/01/2020,GNB,31/01/2020,21.087344497045297,27.74530439205487,40.47,4.3,0.0538080667322616,True
2020-02,gnb,Banco GNB,B. GNB,GNB,28/02/2020,GNB,28/02/2020,21.108841369567,26.68775253179163,37.38,4.49,0.142172034360178,True
2020-03,gnb,Banco GNB,B. GNB,GNB,31/03/2020,GNB,31/03/2020,21.01012425238941,24.79807790821477,35.69,4.48,0.645999987966259,True
2020-04,gnb,Banco GNB,B. GNB,GNB,30/04/2020,GNB,30/04/2020,21.12462749784119,24.10324314278133,37.48,4.48,0.104582684852522,True
2020-05,gnb,Banco GNB,B. GNB,GNB,29/05/2020,GNB,29/05/2020,21.51611352748445,25.07399935814838,31.7,4.48,0.204153570879042,True
2020-06,gnb,Banco GNB,B. GNB,GNB,30/06/2020,GNB,30/06/2020,21.959854499579272,25.858497022494365,36.32,4.12,-0.266096854987984,True
2020-07,gnb,Banco GNB,B. GNB,GNB,31/07/2020,GNB,31/07/2020,21.263660387458323,27.218872548543764,49.23,4.14,0.462688397344215,True
2020-08,gnb,Banco GNB,B. GNB,GNB,31/08/2020,GNB,31/08/2020,21.16713634762372,28.22045008955415,46.46,4.26,-0.110238965197723,True
2020-09,gnb,Banco GNB,B. GNB,GNB,30/09/2020,GNB,30/09/2020,20.48903182572162,27.527149797533507,45.22,4.42,0.136353971354613,True
2020-10,gnb,Banco GNB,B. GNB,GNB,30/10/2020,GNB,30/10/2020,19.755032949189093,27.11668322406458,47.91,4.38,0.0167755516523417,True
2020-11,gnb,Banco GNB,B. GNB,GNB,30/11/2020,GNB,30/11/2020,19.046821686452187,26.609244418517108,45.96,3.99,0.520479581391504,True
2020-12,gnb,Banco GNB,B. GNB,GNB,31/12/2020,GNB,31/12/2020,18.77550481955457,26.71728346875245,44.36,3.89,0.0487327395330378,True
2021-01,gnb,Banco GNB,B. GNB,GNB,29/01/2021,GNB,29/01/2021,19.480107032145604,26.458470375558534,44.83,3.93,0.742901704166242,True
2021-02,gnb,Banco GNB,B. GNB,GNB,26/02/2021,GNB,26/02/2021,19.84000670095706,25.977135973750485,34.27,3.74,-0.125265562868538,True
2021-03,gnb,Banco GNB,B. GNB,GNB,31/03/2021,GNB,31/03/2021,20.625583764680165,26.529023321471367,32.9,2.81,0.839468767410369,True
2021-04,gnb,Banco GNB,B. GNB,GNB,30/04/2021,GNB,30/04/2021,20.023240997485185,26.093638424137595,33.85,4.0,-0.104691802721501,True
2021-05,gnb,Banco GNB,B. GNB,GNB,31/05/2021,GNB,31/05/2021,19.7104511681486,25.09667593625616,29.53,3.79,0.266557522263624,True
2021-06,gnb,Banco GNB,B. GNB,GNB,30/06/2021,GNB,30/06/2021,20.597848083412117,24.454453484981663,26.89,3.73,0.51967163414861,True
2021-07,gnb,Banco GNB,B. GNB,GNB,30/07/2021,GNB,30/07/2021,20.828897958039647,23.84282657403856,26.29,3.71,1.00753906510749,True
2021-08,gnb,Banco GNB,B. GNB,GNB,31/08/2021,GNB,31/08/2021,20.5430595490141,24.988207135021813,31.12,3.73,0.98493531236659,True
2021-09,gnb,Banco GNB,B. GNB,GNB,30/09/2021,GNB,30/09/2021,20.2702867780884,25.193088088447457,26.96,3.75,0.40042251687241,True
2021-10,gnb,Banco GNB,B. GNB,GNB,29/10/2021,GNB,29/10/2021,19.33093864378708,26.674009478096,29.3,3.73,0.58366506925955,True
2021-11,gnb,Banco GNB,B. GNB,GNB,30/11/2021,GNB,30/11/2021,19.359242675539782,28.06345383112797,33.88,3.72,0.358183580426998,True
2021-12,gnb,Banco GNB,B. GNB,GNB,31/12/2021,GNB,31/12/2021,20.732732731417045,27.751243683284,33.86,3.75,0.782835268325123,True
2022-01,gnb,Banco GNB,B. GNB,GNB,31/01/2022,GNB,31/01/2022,20.632652277569196,26.01823747849793,37.46,3.72,0.0372679999999974,True
2022-02,gnb,Banco GNB,B. GNB,GNB,28/02/2022,GNB,28/02/2022,19.66707770874967,25.564129167067872,31.59,3.74,0.311455926605271,True
2022-03,gnb,Banco GNB,B. GNB,GNB,31/03/2022,GNB,31/03/2022,19.488931420510458,25.10346990175534,28.82,3.66,1.48265988924236,True
2022-04,gnb,Banco GNB,B. GNB,GNB,29/04/2022,GNB,29/04/2022,18.136393513864093,25.849867228904944,26.94,3.78,0.961893177341858,True
2022-05,gnb,Banco GNB,B. GNB,GNB,31/05/2022,GNB,31/05/2022,17.33323540977441,24.684881163036195,30.04,4.22,0.384024966018986,True
2022-06,gnb,Banco GNB,B. GNB,GNB,30/06/2022,GNB,30/06/2022,20.332130340897105,25.085758113535817,30.93,4.25,1.19062710636316,True
2022-07,gnb,Banco GNB,B. GNB,GNB,27/07/2022,GNB,27/07/2022,21.12389105327575,25.05636926057656,29.77,4.15,0.940891085039107,True
2022-08,gnb,Banco GNB,B. GNB,GNB,31/08/2022,GNB,31/08/2022,20.911567105496555,24.72737751724917,29.33,3.19,0.666542107665968,True
2022-09,gnb,Banco GNB,B. GNB,GNB,30/09/2022,GNB,30/09/2022,21.82544024158554,24.565418129050485,29.34,4.2,0.522557852684368,True
2022-10,gnb,Banco GNB,B. GNB,GNB,31/10/2022,GNB,31/10/2022,19.84613410556672,24.1394311537076,30.85,4.14,0.347652348101841,True
2022-11,gnb,Banco GNB,B. GNB,GNB,30/11/2022,GNB,30/11/2022,19.80321549168522,24.625882053984665,28.52,4.12,0.517639656505263,True
2022-12,gnb,Banco GNB,B. GNB,GNB,30/12/2022,GNB,30/12/2022,19.427321776950297,23.519843809770347,26.31,4.2,0.793924170395989,True
2023-01,gnb,Banco GNB,B. GNB,GNB,31/01/2023,GNB,31/01/2023,22.701858961386048,23.63752666332768,19.24,4.15,0.226446521871514,True
2023-02,gnb,Banco GNB,B. GNB,GNB,28/02/2023,GNB,28/02/2023,22.655893062883543,23.187990734086704,18.06,4.16,0.29452251053137,True
2023-03,gnb,Banco GNB,B. GNB,GNB,31/03/2023,GNB,31/03/2023,22.737965429994976,22.248838411773527,17.89,4.11,1.25348677152025,True
2023-04,gnb,Banco GNB,B. GNB,GNB,28/04/2023,GNB,28/04/2023,20.55703676894244,21.202632117292016,23.55,4.03,0.556251880069387,True
2023-05,gnb,Banco GNB,B. GNB,GNB,31/05/2023,GNB,31/05/2023,22.892045059088776,20.52579580671967,31.37,4.17,0.31786146413237,True
2023-06,gnb,Banco GNB,B. GNB,GNB,30/06/2023,GNB,30/06/2023,23.447066739847084,21.130336964834907,28.28,4.05,-0.152769746155551,True
2023-07,gnb,Banco GNB,B. GNB,GNB,31/07/2023,GNB,31/07/2023,23.64306840631693,20.26649331006057,24.5,4.05,0.391066276983018,True
2023-08,gnb,Banco GNB,B. GNB,GNB,31/08/2023,GNB,31/08/2023,23.71103682311811,20.61262131785917,28.98,3.91,0.376132603479856,True
2023-09,gnb,Banco GNB,B. GNB,GNB,29/09/2023,GNB,29/09/2023,24.60371970766025,20.71754198770205,36.06,3.92,0.0164026333286269,True
2023-10,gnb,Banco GNB,B. GNB,GNB,31/10/2023,GNB,31/10/2023,24.458453818415684,19.90668818168949,32.13,4.17,-0.322447443370826,True
2023-11,gnb,Banco GNB,B. GNB,GNB,30/11/2023,GNB,30/11/2023,24.4125032869974,20.016377568067348,33.46,4.0,-0.163060842314584,True
2023-12,gnb,Banco GNB,B. GNB,GNB,29/12/2023,GNB,29/12/2023,20.52450851177649,18.24557226142996,30.35,3.92,0.405777961086682,True
2024-01,gnb,Banco GNB,B. GNB,GNB,31/01/2024,GNB,31/01/2024,21.07664155845607,17.783714034553498,28.54,3.7,0.0192113272793558,True
2024-02,gnb,Banco GNB,B. GNB,GNB,29/02/2024,GNB,29/02/2024,19.867209327681312,20.421077727223,28.32,3.81,0.557510800936321,True
2024-03,gnb,Banco GNB,B. GNB,GNB,27/03/2024,GNB,27/03/2024,19.3214880497718,19.768789080445227,29.68,3.51,1.00938516188575,True
2024-04,gnb,Banco GNB,B. GNB,GNB,30/04/2024,GNB,30/04/2024,19.800769112318083,19.19145528563684,29.25,3.4,-0.0516715997229469,True
2024-05,gnb,Banco GNB,B. GNB,GNB,31/05/2024,GNB,31/05/2024,20.4469747964036,19.08232497656495,26.61,3.59,-0.0907064485030323,True
2024-06,gnb,Banco GNB,B. GNB,GNB,28/06/2024,GNB,28/06/2024,21.21924250734852,18.66321659900177,29.12,3.4,0.121741927959431,True
2024-07,gnb,Banco GNB,B. GNB,GNB,31/07/2024,GNB,31/07/2024,20.92434490088033,18.28026419501685,27.45,3.44,0.236268738691571,True
2024-08,gnb,Banco GNB,B. GNB,GNB,31/08/2024,GNB,31/08/2024,21.984229843697506,18.533729950539808,27.73,3.68,0.284170528141876,True
2024-09,gnb,Banco GNB,B. GNB,GNB,30/09/2024,GNB,30/09/2024,21.641594467907897,18.642408244620903,26.06,3.99,-0.237560474773851,True
2024-10,gnb,Banco GNB,B. GNB,GNB,31/10/2024,GNB,31/10/2024,21.09175555097746,19.380793409711288,32.3,4.07,-0.0931035230159262,True
2024-11,gnb,Banco GNB,B. GNB,GNB,29/11/2024,GNB,29/11/2024,20.977316746721183,19.381491827564425,29.65,3.6,0.0941530377317251,True
2024-12,gnb,Banco GNB,B. GNB,GNB,30/12/2024,GNB,30/12/2024,19.809535030699152,20.35563860047713,29.41,3.52,0.105667996950954,True
2025-01,gnb,Banco GNB,B. GNB,GNB,31/01/2025,GNB,31/01/2025,19.12454276853534,18.539901083029765,30.26,3.12,-0.0933179134509413,True
2025-02,gnb,Banco GNB,B. GNB,GNB,28/02/2025,GNB,28/02/2025,20.866034647419905,18.816453996645837,24.55,3.58,0.188012094871704,True
2025-03,gnb,Banco GNB,B. GNB,GNB,31/03/2025,GNB,31/03/2025,20.7437665171526,18.635172483715724,27.26,3.52,0.810159321766145,True
2025-04,gnb,Banco GNB,B. GNB,GNB,30/04/2025,GNB,30/04/2025,22.18778465263714,19.464153137270188,29.33,3.52,0.31806633832046,True
2025-05,gnb,Banco GNB,B. GNB,GNB,30/05/2025,GNB,30/05/2025,23.303407033731467,19.21079287379395,24.2,3.85,-0.0564746187563057,True
2025-06,gnb,Banco GNB,B. GNB,GNB,30/06/2025,GNB,30/06/2025,23.72321413535609,19.303202821768263,19.06,3.65,0.128679643778829,True
2025-07,gnb,Banco GNB,B. GNB,GNB,31/07/2025,GNB,31/07/2025,25.94830291066653,20.8090632398284,21.03,3.98,0.231431002364371,True
2025-08,gnb,Banco GNB,B. GNB,GNB,29/08/2025,GNB,29/08/2025,23.616499525124883,20.533016745521778,28.53,3.84,-0.29025398690341,True
2025-09,gnb,Banco GNB,B. GNB,GNB,30/09/2025,GNB,30/09/2025,23.422942566831768,20.14757699432512,24.12,3.46,0.0111517897177685,True
2025-10,gnb,Banco GNB,B. GNB,GNB,31/10/2025,GNB,31/10/2025,21.173005109658856,18.823314959671105,22.23,3.94,-0.0996274056654658,True
2025-11,gnb,Banco GNB,B. GNB,GNB,28/11/2025,GNB,28/11/2025,22.033479524559183,19.243062730342185,19.88,4.34,0.110781919406383,True
2025-12,gnb,Banco GNB,B. GNB,GNB,31/12/2025,GNB,31/12/2025,20.21300957275069,19.03521150688415,20.14,4.39,0.244108583947482,True
2015-11,icbc,B. ICBC,B. ICBC,ICBC,30/11/2015,ICBC,30/11/2015,96.25322180008908,91.82981899305756,,,0.344071735952856,False
2015-12,icbc,B. ICBC,B. ICBC,ICBC,31/12/2015,ICBC,31/12/2015,96.51662234586456,92.78969654908668,,,0.445721499061671,False
2016-01,icbc,B. ICBC,B. ICBC,ICBC,29/01/2016,ICBC,29/01/2016,93.3312735913145,91.1440269625418,,,0.37252021115541,False
2016-02,icbc,B. ICBC,B. ICBC,ICBC,29/02/2016,ICBC,29/02/2016,92.08455969585172,93.8479306108878,,,0.174091242706681,False
2016-03,icbc,B. ICBC,B. ICBC,ICBC,31/03/2016,ICBC,31/03/2016,80.31081148640494,97.46214675062484,,,0.598118099213,False
2016-04,icbc,B. ICBC,B. ICBC,ICBC,29/04/2016,ICBC,29/04/2016,70.78523449564216,87.25403603181414,,,0.0114065609758854,False
2016-05,icbc,B. ICBC,B. ICBC,ICBC,31/05/2016,ICBC,31/05/2016,72.48787251912943,92.99710835570436,,,0.209563738332199,False
2016-06,icbc,B. ICBC,B. ICBC,ICBC,30/06/2016,ICBC,30/06/2016,69.58021419417592,93.20713164890324,,,0.139508528737671,False
2016-07,icbc,B. ICBC,B. ICBC,ICBC,27/07/2016,ICBC,27/07/2016,74.16463146792648,89.26215845254139,,,0.081747041914584,False
2016-08,icbc,B. ICBC,B. ICBC,ICBC,31/08/2016,ICBC,31/08/2016,76.45480324982712,69.04341114824794,,,0.358285853821853,False
2016-09,icbc,B. ICBC,B. ICBC,ICBC,30/09/2016,ICBC,30/09/2016,75.48769633252836,72.90843427318899,,,0.206464092392192,False
2016-10,icbc,B. ICBC,B. ICBC,ICBC,31/10/2016,ICBC,31/10/2016,76.19136046122289,67.70675222816939,,,0.413354520523768,False
2016-11,icbc,B. ICBC,B. ICBC,ICBC,30/11/2016,ICBC,30/11/2016,80.13431173385635,68.17829267264551,,,0.290064059118052,False
2016-12,icbc,B. ICBC,B. ICBC,ICBC,30/12/2016,ICBC,30/12/2016,78.96177058271543,60.71554424638778,,,0.33419524609934,False
2017-01,icbc,B. ICBC,B. ICBC,ICBC,31/01/2017,ICBC,31/01/2017,83.29012632030093,70.28950813461168,,,0.237843060107308,False
2017-02,icbc,B. ICBC,B. ICBC,ICBC,28/02/2017,ICBC,28/02/2017,83.70855152095999,62.76333163729281,,,0.323171371975582,False
2017-03,icbc,B. ICBC,B. ICBC,ICBC,31/03/2017,ICBC,31/03/2017,79.38195613620296,69.89120414875093,,,1.30455818519093,False
2017-04,icbc,B. ICBC,B. ICBC,ICBC,28/04/2017,ICBC,28/04/2017,73.53026072812722,64.05985225918212,,,-0.258053478882145,False
2017-05,icbc,B. ICBC,B. ICBC,ICBC,31/05/2017,ICBC,31/05/2017,71.38716435945514,76.47967340032542,,,-0.423337988013419,False
2017-06,icbc,B. ICBC,B. ICBC,ICBC,28/06/2017,ICBC,28/06/2017,64.90459390146475,74.73588842664421,,,-0.159198769026384,False
2017-07,icbc,B. ICBC,B. ICBC,ICBC,31/07/2017,ICBC,31/07/2017,64.24642419019936,85.45249959521286,,,0.198285823750627,False
2017-08,icbc,B. ICBC,B. ICBC,ICBC,31/08/2017,ICBC,31/08/2017,62.877666062725865,63.83224969570922,,,0.672225629676554,False
2017-09,icbc,B. ICBC,B. ICBC,ICBC,29/09/2017,ICBC,29/09/2017,63.19294136010848,94.41930054854656,,,-0.0157699757397503,False
2017-10,icbc,B. ICBC,B. ICBC,ICBC,31/10/2017,ICBC,31/10/2017,68.74490295707892,77.43776362939496,,,-0.469245219484567,False
2017-11,icbc,B. ICBC,B. ICBC,ICBC,30/11/2017,ICBC,30/11/2017,72.54204790031235,75.3894456607591,,,-0.197237337488294,False
2017-12,icbc,B. ICBC,B. ICBC,ICBC,29/12/2017,ICBC,29/12/2017,73.77482020998849,79.09143054729262,,,0.156851858043552,False
2018-01,icbc,B. ICBC,B. ICBC,ICBC,31/01/2018,ICBC,31/01/2018,75.43302490844088,92.1466102041162,,,0.127417107488591,False
2018-02,icbc,B. ICBC,B. ICBC,ICBC,28/02/2018,ICBC,28/02/2018,76.73039832315229,80.94589786320223,,,0.250220520720826,False
2018-03,icbc,B. ICBC,B. ICBC,ICBC,28/03/2018,ICBC,28/03/2018,85.00738452456056,64.12599969159511,,,0.487124356837782,False
2018-04,icbc,B. ICBC,B. ICBC,ICBC,30/04/2018,ICBC,30/04/2018,88.16464393040846,61.11754190839133,,,-0.137073083858309,False
2018-05,icbc,B. ICBC,B. ICBC,ICBC,31/05/2018,ICBC,31/05/2018,90.79523134306208,69.91288498482061,,,0.0184551804113629,False
2018-06,icbc,B. ICBC,B. ICBC,ICBC,28/06/2018,ICBC,28/06/2018,74.15696183028642,69.17612550199398,,,0.334058214668909,False
2018-07,icbc,B. ICBC,B. ICBC,ICBC,31/07/2018,ICBC,31/07/2018,71.26823495154107,64.96952648376711,,,0.382785985925354,False
2018-08,icbc,B. ICBC,B. ICBC,ICBC,29/08/2018,ICBC,29/08/2018,72.26014281509447,58.01561599322736,,,0.131767259402052,False
2018-09,icbc,B. ICBC,B. ICBC,ICBC,28/09/2018,ICBC,28/09/2018,70.18038017033112,62.47454200905496,,,0.191681610790045,False
2018-10,icbc,B. ICBC,B. ICBC,ICBC,31/10/2018,ICBC,31/10/2018,74.05281088818494,74.1000301513642,,,0.0816835303769421,False
2018-11,icbc,B. ICBC,B. ICBC,ICBC,30/11/2018,ICBC,30/11/2018,70.59974454784448,68.86922874893222,,,0.122438003210824,False
2018-12,icbc,B. ICBC,B. ICBC,ICBC,31/12/2018,ICBC,31/12/2018,72.3708838113991,73.5202952532781,,,0.181777270585084,False
2019-01,icbc,B. ICBC,B. ICBC,ICBC,31/01/2019,ICBC,31/01/2019,73.64634555065564,76.3990066497999,,,0.0653322898985492,False
2019-02,icbc,B. ICBC,B. ICBC,ICBC,28/02/2019,ICBC,28/02/2019,73.15163226199962,66.75362901990015,,,0.126761453780625,False
2019-03,icbc,B. ICBC,B. ICBC,ICBC,29/03/2019,ICBC,29/03/2019,70.8153090678021,78.29600903539826,,,0.727552259105356,False
2019-04,icbc,B. ICBC,B. ICBC,ICBC,30/04/2019,ICBC,30/04/2019,77.46898303633205,75.67707274584966,,,0.200080537447719,False
2019-05,icbc,B. ICBC,B. ICBC,ICBC,31/05/2019,ICBC,31/05/2019,75.71316737218612,70.37084406995886,,,0.14761382269664,False
2019-06,icbc,B. ICBC,B. ICBC,ICBC,28/06/2019,ICBC,28/06/2019,72.99257213269219,76.53655368932586,,,-0.0862718704256484,False
2019-07,icbc,B. ICBC,B. ICBC,ICBC,31/07/2019,ICBC,31/07/2019,71.96974367981255,86.93392605029227,,,0.203336703292959,False
2019-08,icbc,B. ICBC,B. ICBC,ICBC,28/08/2019,ICBC,28/08/2019,71.42010262807743,89.08019585359469,,,0.0609772736582818,False
2019-09,icbc,B. ICBC,B. ICBC,ICBC,30/09/2019,ICBC,30/09/2019,69.78867287632222,89.60216777856444,,,0.0063829985801787,False
2019-10,icbc,B. ICBC,B. ICBC,ICBC,30/10/2019,ICBC,30/10/2019,71.06966702196695,78.54486656614542,,,0.110725430948253,False
2019-11,icbc,B. ICBC,B. ICBC,ICBC,29/11/2019,ICBC,29/11/2019,72.81213341046805,73.0240456863611,,,0.108910232526761,False
2019-12,icbc,B. ICBC,B. ICBC,ICBC,31/12/2019,ICBC,31/12/2019,70.88460798792187,64.93133015222267,,,0.214521161156722,False
2020-01,icbc,B. ICBC,B. ICBC,ICBC,31/01/2020,ICBC,31/01/2020,72.9790662627531,70.64247485029277,,,0.0538080667322616,False
2020-02,icbc,B. ICBC,B. ICBC,ICBC,28/02/2020,ICBC,28/02/2020,70.06753858513126,76.91295243486975,,,0.142172034360178,False
2020-03,icbc,B. ICBC,B. ICBC,ICBC,31/03/2020,ICBC,31/03/2020,67.34765549810815,80.97154828093207,,,0.645999987966259,False
2020-04,icbc,B. ICBC,B. ICBC,ICBC,30/04/2020,ICBC,30/04/2020,73.63034214468456,76.17949334967733,,,0.104582684852522,False
2020-05,icbc,B. ICBC,B. ICBC,ICBC,29/05/2020,ICBC,29/05/2020,73.8910862192233,82.68852807364942,,,0.204153570879042,False
2020-06,icbc,B. ICBC,B. ICBC,ICBC,30/06/2020,ICBC,30/06/2020,78.58393756926463,73.6463669980105,,,-0.266096854987984,False
2020-07,icbc,B. ICBC,B. ICBC,ICBC,31/07/2020,ICBC,31/07/2020,78.47094647485373,77.91618089420764,,,0.462688397344215,False
2020-08,icbc,B. ICBC,B. ICBC,ICBC,31/08/2020,ICBC,31/08/2020,76.09504057994035,70.93637625925165,,,-0.110238965197723,False
2020-09,icbc,B. ICBC,B. ICBC,ICBC,30/09/2020,ICBC,30/09/2020,75.4702791486758,74.8854504086242,,,0.136353971354613,False
2020-10,icbc,B. ICBC,B. ICBC,ICBC,30/10/2020,ICBC,30/10/2020,77.27267915129012,72.05659919382862,,,0.0167755516523417,False
2020-11,icbc,B. ICBC,B. ICBC,ICBC,30/11/2020,ICBC,30/11/2020,81.5531925326661,74.83170788218196,,,0.520479581391504,False
2020-12,icbc,B. ICBC,B. ICBC,ICBC,31/12/2020,ICBC,31/12/2020,82.17331631058799,83.09824425381764,,,0.0487327395330378,False
2021-01,icbc,B. ICBC,B. ICBC,ICBC,29/01/2021,ICBC,29/01/2021,83.2817536331269,82.03352744049646,,,0.742901704166242,False
2021-02,icbc,B. ICBC,B. ICBC,ICBC,26/02/2021,ICBC,26/02/2021,86.01562642911486,87.1834361987365,,,-0.125265562868538,False
2021-03,icbc,B. ICBC,B. ICBC,ICBC,31/03/2021,ICBC,31/03/2021,89.72911836547787,88.51867548740219,,,0.839468767410369,False
2021-04,icbc,B. ICBC,B. ICBC,ICBC,30/04/2021,ICBC,30/04/2021,91.34967134521756,93.02077074957586,,,-0.104691802721501,False
2021-05,icbc,B. ICBC,B. ICBC,ICBC,31/05/2021,ICBC,31/05/2021,80.24663452811043,93.14021347138112,,,0.266557522263624,False
2021-06,icbc,B. ICBC,B. ICBC,ICBC,30/06/2021,ICBC,30/06/2021,74.04387016234449,94.79726437738864,,,0.51967163414861,False
2021-07,icbc,B. ICBC,B. ICBC,ICBC,30/07/2021,ICBC,30/07/2021,74.14536419632554,95.02291247467656,,,1.00753906510749,False
2021-08,icbc,B. ICBC,B. ICBC,ICBC,31/08/2021,ICBC,31/08/2021,74.07887619951686,96.46697483288509,,,0.98493531236659,False
2021-09,icbc,B. ICBC,B. ICBC,ICBC,30/09/2021,ICBC,30/09/2021,72.71547287091916,95.6901770545294,,,0.40042251687241,False
2021-10,icbc,B. ICBC,B. ICBC,ICBC,29/10/2021,ICBC,29/10/2021,72.296438396558,95.5030753094788,,,0.58366506925955,False
2021-11,icbc,B. ICBC,B. ICBC,ICBC,30/11/2021,ICBC,30/11/2021,74.82312016750691,94.4187798922446,,,0.358183580426998,False
2021-12,icbc,B. ICBC,B. ICBC,ICBC,31/12/2021,ICBC,31/12/2021,74.17266787780264,94.57660966448512,,,0.782835268325123,False
2022-01,icbc,B. ICBC,B. ICBC,ICBC,31/01/2022,ICBC,31/01/2022,68.18948866985961,96.24142206987833,,,0.0372679999999974,False
2022-02,icbc,B. ICBC,B. ICBC,ICBC,28/02/2022,ICBC,28/02/2022,65.5363341658919,95.10160447754704,,,0.311455926605271,False
2022-03,icbc,B. ICBC,B. ICBC,ICBC,31/03/2022,ICBC,31/03/2022,64.01371168297312,88.17933423990911,,,1.48265988924236,False
2022-04,icbc,B. ICBC,B. ICBC,ICBC,29/04/2022,ICBC,29/04/2022,66.4362424603013,93.27680427076947,,,0.961893177341858,False
2022-05,icbc,B. ICBC,B. ICBC,ICBC,31/05/2022,ICBC,31/05/2022,63.25554460165005,91.46800219822312,,,0.384024966018986,False
2022-06,icbc,B. ICBC,B. ICBC,ICBC,30/06/2022,ICBC,30/06/2022,57.41783964563031,92.65709326670935,,,1.19062710636316,False
2022-07,icbc,B. ICBC,B. ICBC,ICBC,27/07/2022,ICBC,27/07/2022,61.3297871724088,92.77573492634914,,,0.940891085039107,False
2022-08,icbc,B. ICBC,B. ICBC,ICBC,31/08/2022,ICBC,31/08/2022,65.10805095891308,90.16604141376426,,,0.666542107665968,False
2022-09,icbc,B. ICBC,B. ICBC,ICBC,30/09/2022,ICBC,30/09/2022,72.35227364663079,88.28661106520907,,,0.522557852684368,False
2022-10,icbc,B. ICBC,B. ICBC,ICBC,31/10/2022,ICBC,31/10/2022,72.19250003012267,88.54020574888477,,,0.347652348101841,False
2022-11,icbc,B. ICBC,B. ICBC,ICBC,30/11/2022,ICBC,30/11/2022,74.46508740142868,91.00243837121394,,,0.517639656505263,False
2022-12,icbc,B. ICBC,B. ICBC,ICBC,30/12/2022,ICBC,30/12/2022,72.75264131801117,91.51029854342578,,,0.793924170395989,False
2023-01,icbc,B. ICBC,B. ICBC,ICBC,31/01/2023,ICBC,31/01/2023,73.77451619350704,87.66660194876553,,,0.226446521871514,False
2023-02,icbc,B. ICBC,B. ICBC,ICBC,28/02/2023,ICBC,28/02/2023,74.91762261290802,88.04851108419078,,,0.29452251053137,False
2023-03,icbc,B. ICBC,B. ICBC,ICBC,31/03/2023,ICBC,31/03/2023,74.12943405765303,87.0289039263856,,,1.25348677152025,False
2023-04,icbc,B. ICBC,B. ICBC,ICBC,28/04/2023,ICBC,28/04/2023,76.50081445203928,93.17478130523902,,,0.556251880069387,False
2023-05,icbc,B. ICBC,B. ICBC,ICBC,31/05/2023,ICBC,31/05/2023,76.35350382836741,95.57963734604408,,,0.31786146413237,False
2023-06,icbc,B. ICBC,B. ICBC,ICBC,30/06/2023,ICBC,30/06/2023,73.85565710731579,87.39097059475787,,,-0.152769746155551,False
2023-07,icbc,B. ICBC,B. ICBC,ICBC,31/07/2023,ICBC,31/07/2023,73.09043805400931,89.6960197584887,,,0.391066276983018,False
2023-08,icbc,B. ICBC,B. ICBC,ICBC,31/08/2023,ICBC,31/08/2023,75.07318171316022,86.75023566447445,,,0.376132603479856,False
2023-09,icbc,B. ICBC,B. ICBC,ICBC,29/09/2023,ICBC,29/09/2023,76.26243874862664,87.96577930462725,,,0.0164026333286269,False
2023-10,icbc,B. ICBC,B. ICBC,ICBC,31/10/2023,ICBC,31/10/2023,74.73044405007555,90.58192930770367,,,-0.322447443370826,False
2023-11,icbc,B. ICBC,B. ICBC,ICBC,30/11/2023,ICBC,30/11/2023,78.78645833412436,89.31759773493258,,,-0.163060842314584,False
2023-12,icbc,B. ICBC,B. ICBC,ICBC,29/12/2023,ICBC,29/12/2023,76.4834825640326,87.4500908449694,,,0.405777961086682,False
2024-01,icbc,B. ICBC,B. ICBC,ICBC,31/01/2024,ICBC,31/01/2024,77.72239933575703,85.6233112721816,,,0.0192113272793558,False
2024-02,icbc,B. ICBC,B. ICBC,ICBC,29/02/2024,ICBC,29/02/2024,83.00480352004584,82.42601097050225,,,0.557510800936321,False
2024-03,icbc,B. ICBC,B. ICBC,ICBC,27/03/2024,ICBC,27/03/2024,84.58303371286091,85.91167826710463,,,1.00938516188575,False
2024-04,icbc,B. ICBC,B. ICBC,ICBC,30/04/2024,ICBC,30/04/2024,76.54526555260021,85.52175924520722,,,-0.0516715997229469,False
2024-05,icbc,B. ICBC,B. ICBC,ICBC,31/05/2024,ICBC,31/05/2024,76.8716164116137,87.33359149699389,,,-0.0907064485030323,False
2024-06,icbc,B. ICBC,B. ICBC,ICBC,28/06/2024,ICBC,28/06/2024,81.76533951883503,89.03578893734166,,,0.121741927959431,False
2024-07,icbc,B. ICBC,B. ICBC,ICBC,31/07/2024,ICBC,31/07/2024,84.03888081486795,86.3656327855988,,,0.236268738691571,False
2024-08,icbc,B. ICBC,B. ICBC,ICBC,31/08/2024,ICBC,31/08/2024,87.33557113262361,88.47000379490927,,,0.284170528141876,False
2024-09,icbc,B. ICBC,B. ICBC,ICBC,30/09/2024,ICBC,30/09/2024,87.02047312649316,87.1322233042156,,,-0.237560474773851,False
2024-10,icbc,B. ICBC,B. ICBC,ICBC,31/10/2024,ICBC,31/10/2024,86.85659714938649,87.63248475754514,,,-0.0931035230159262,False
2024-11,icbc,B. ICBC,B. ICBC,ICBC,29/11/2024,ICBC,29/11/2024,84.37578954006078,87.58322675373807,,,0.0941530377317251,False
2024-12,icbc,B. ICBC,B. ICBC,ICBC,30/12/2024,ICBC,30/12/2024,77.38846791389955,84.81971445701932,,,0.105667996950954,False
2025-01,icbc,B. ICBC,B. ICBC,ICBC,31/01/2025,ICBC,31/01/2025,76.79760060433681,77.76547393909424,,,-0.0933179134509413,False
2025-02,icbc,B. ICBC,B. ICBC,ICBC,28/02/2025,ICBC,28/02/2025,72.02424688620955,77.01368258412344,,,0.188012094871704,False
2025-03,icbc,B. ICBC,B. ICBC,ICBC,31/03/2025,ICBC,31/03/2025,68.48085339851532,86.47494648243125,,,0.810159321766145,False
2025-04,icbc,B. ICBC,B. ICBC,ICBC,30/04/2025,ICBC,30/04/2025,68.5161594848045,86.95092979764388,,,0.31806633832046,False
2025-05,icbc,B. ICBC,B. ICBC,ICBC,30/05/2025,ICBC,30/05/2025,68.56270665219411,87.55252896411208,,,-0.0564746187563057,False
2025-06,icbc,B. ICBC,B. ICBC,ICBC,30/06/2025,ICBC,30/06/2025,64.26352020695234,85.0488344042661,,,0.128679643778829,False
2025-07,icbc,B. ICBC,B. ICBC,ICBC,31/07/2025,ICBC,31/07/2025,63.72487466863207,87.08020195228612,,,0.231431002364371,False
2025-08,icbc,B. ICBC,B. ICBC,ICBC,29/08/2025,ICBC,29/08/2025,67.15568755913627,84.19072681354407,,,-0.29025398690341,False
2025-09,icbc,B. ICBC,B. ICBC,ICBC,30/09/2025,ICBC,30/09/2025,65.02316889280894,86.03378090801588,,,0.0111517897177685,False
2025-10,icbc,B. ICBC,B. ICBC,ICBC,31/10/2025,ICBC,31/10/2025,64.57632092065948,88.31010411089528,,,-0.0996274056654658,False
2025-11,icbc,B. ICBC,B. ICBC,ICBC,28/11/2025,ICBC,28/11/2025,62.16140145652304,85.74374599284921,,,0.110781919406383,False
2025-12,icbc,B. ICBC,B. ICBC,ICBC,31/12/2025,ICBC,31/12/2025,58.109277179497184,83.69343321913183,,,0.244108583947482,False
2015-11,interbank,Interbank,Interbank,Interbank,30/11/2015,Interbank,30/11/2015,28.44367661149138,51.73490623781388,43.62,0.47,0.344071735952856,True
2015-12,interbank,Interbank,Interbank,Interbank,31/12/2015,Interbank,31/12/2015,28.82522252079063,51.8098704969535,42.9,0.51,0.445721499061671,True
2016-01,interbank,Interbank,Interbank,Interbank,29/01/2016,Interbank,29/01/2016,29.55287071780232,50.096117704564136,44.01,0.61,0.37252021115541,True
2016-02,interbank,Interbank,Interbank,Interbank,29/02/2016,Interbank,29/02/2016,29.76238008167437,49.589660943107965,42.08,0.52,0.174091242706681,True
2016-03,interbank,Interbank,Interbank,Interbank,31/03/2016,Interbank,31/03/2016,26.757740794231744,48.80481313476492,41.42,0.64,0.598118099213,True
2016-04,interbank,Interbank,Interbank,Interbank,29/04/2016,Interbank,29/04/2016,26.00299406507904,47.92556076773698,39.31,0.5,0.0114065609758854,True
2016-05,interbank,Interbank,Interbank,Interbank,31/05/2016,Interbank,31/05/2016,25.952039686471508,44.55876017117311,41.18,0.5,0.209563738332199,True
2016-06,interbank,Interbank,Interbank,Interbank,30/06/2016,Interbank,30/06/2016,26.18599328039296,43.16856168170308,42.68,0.41,0.139508528737671,True
2016-07,interbank,Interbank,Interbank,Interbank,27/07/2016,Interbank,27/07/2016,27.24378600047805,44.44542277586485,41.84,0.3,0.081747041914584,True
2016-08,interbank,Interbank,Interbank,Interbank,31/08/2016,Interbank,31/08/2016,27.782842406258386,46.33757126040591,43.58,0.33,0.358285853821853,True
2016-09,interbank,Interbank,Interbank,Interbank,30/09/2016,Interbank,30/09/2016,26.89092515776814,44.77566883876206,45.41,0.39,0.206464092392192,True
2016-10,interbank,Interbank,Interbank,Interbank,31/10/2016,Interbank,31/10/2016,26.77996589460716,42.2570410081183,46.81,0.43,0.413354520523768,True
2016-11,interbank,Interbank,Interbank,Interbank,30/11/2016,Interbank,30/11/2016,26.69210820480492,44.60875308698769,47.63,0.37,0.290064059118052,True
2016-12,interbank,Interbank,Interbank,Interbank,30/12/2016,Interbank,30/12/2016,26.9881516913275,45.91465636958595,49.76,0.33,0.33419524609934,True
2017-01,interbank,Interbank,Interbank,Interbank,31/01/2017,Interbank,31/01/2017,26.92020130446161,45.3014704947974,49.9,0.43,0.237843060107308,True
2017-02,interbank,Interbank,Interbank,Interbank,28/02/2017,Interbank,28/02/2017,26.802707363690704,40.4224571079217,48.18,0.49,0.323171371975582,True
2017-03,interbank,Interbank,Interbank,Interbank,31/03/2017,Interbank,31/03/2017,26.15771619912035,41.02659066731857,47.75,0.46,1.30455818519093,True
2017-04,interbank,Interbank,Interbank,Interbank,28/04/2017,Interbank,28/04/2017,25.81445382069329,39.49063803796451,48.32,0.31,-0.258053478882145,True
2017-05,interbank,Interbank,Interbank,Interbank,31/05/2017,Interbank,31/05/2017,26.05205006181352,40.36315347114291,47.61,0.4,-0.423337988013419,True
2017-06,interbank,Interbank,Interbank,Interbank,28/06/2017,Interbank,28/06/2017,26.14107987859929,40.90352281152304,45.04,0.46,-0.159198769026384,True
2017-07,interbank,Interbank,Interbank,Interbank,31/07/2017,Interbank,31/07/2017,25.79641983954471,39.35441633201368,46.09,0.37,0.198285823750627,True
2017-08,interbank,Interbank,Interbank,Interbank,31/08/2017,Interbank,31/08/2017,25.5816073740193,39.0217470497672,46.71,0.38,0.672225629676554,True
2017-09,interbank,Interbank,Interbank,Interbank,29/09/2017,Interbank,29/09/2017,25.94944328410861,38.0076684005503,46.29,0.39,-0.0157699757397503,True
2017-10,interbank,Interbank,Interbank,Interbank,31/10/2017,Interbank,31/10/2017,25.933631723958143,39.02935897678899,43.82,0.37,-0.469245219484567,True
2017-11,interbank,Interbank,Interbank,Interbank,30/11/2017,Interbank,30/11/2017,26.189111784442915,39.3134328038084,43.12,0.36,-0.197237337488294,True
2017-12,interbank,Interbank,Interbank,Interbank,29/12/2017,Interbank,29/12/2017,26.50047873946702,41.34209262489868,44.82,0.31,0.156851858043552,True
2018-01,interbank,Interbank,Interbank,Interbank,31/01/2018,Interbank,31/01/2018,27.16656804539615,40.21903425132371,46.34,0.26,0.127417107488591,True
2018-02,interbank,Interbank,Interbank,Interbank,28/02/2018,Interbank,28/02/2018,26.281906985392705,39.49779813278871,42.78,0.37,0.250220520720826,True
2018-03,interbank,Interbank,Interbank,Interbank,28/03/2018,Interbank,28/03/2018,25.41297227248987,38.45618226093057,40.96,0.37,0.487124356837782,True
2018-04,interbank,Interbank,Interbank,Interbank,30/04/2018,Interbank,30/04/2018,25.15752229816085,36.9817899384098,40.52,0.56,-0.137073083858309,True
2018-05,interbank,Interbank,Interbank,Interbank,31/05/2018,Interbank,31/05/2018,27.127380681551543,37.45001812504472,42.4,0.61,0.0184551804113629,True
2018-06,interbank,Interbank,Interbank,Interbank,28/06/2018,Interbank,28/06/2018,27.38213113603136,38.14457123417034,41.87,0.39,0.334058214668909,True
2018-07,interbank,Interbank,Interbank,Interbank,31/07/2018,Interbank,31/07/2018,26.980453912133136,39.1061932584758,43.53,0.32,0.382785985925354,True
2018-08,interbank,Interbank,Interbank,Interbank,29/08/2018,Interbank,29/08/2018,26.79378580711945,38.72028419417864,43.22,0.47,0.131767259402052,True
2018-09,interbank,Interbank,Interbank,Interbank,28/09/2018,Interbank,28/09/2018,27.93655181405803,38.62768882154658,42.94,0.47,0.191681610790045,True
2018-10,interbank,Interbank,Interbank,Interbank,31/10/2018,Interbank,31/10/2018,26.96967649509328,36.66189597016167,43.03,0.83,0.0816835303769421,True
2018-11,interbank,Interbank,Interbank,Interbank,30/11/2018,Interbank,30/11/2018,26.696768978300614,38.63937309681894,44.41,0.83,0.122438003210824,True
2018-12,interbank,Interbank,Interbank,Interbank,31/12/2018,Interbank,31/12/2018,26.740524363953067,36.45845113297925,44.27,0.29,0.181777270585084,True
2019-01,interbank,Interbank,Interbank,Interbank,31/01/2019,Interbank,31/01/2019,26.70363654375849,36.73156390944623,44.54,0.29,0.0653322898985492,True
2019-02,interbank,Interbank,Interbank,Interbank,28/02/2019,Interbank,28/02/2019,27.009678228357725,39.53255650712098,43.68,0.38,0.126761453780625,True
2019-03,interbank,Interbank,Interbank,Interbank,29/03/2019,Interbank,29/03/2019,26.596015200538925,39.72127072068953,44.91,0.37,0.727552259105356,True
2019-04,interbank,Interbank,Interbank,Interbank,30/04/2019,Interbank,30/04/2019,26.165999054499483,39.61891498472956,45.26,0.53,0.200080537447719,True
2019-05,interbank,Interbank,Interbank,Interbank,31/05/2019,Interbank,31/05/2019,26.652702321114287,41.73586272766779,45.79,0.57,0.14761382269664,True
2019-06,interbank,Interbank,Interbank,Interbank,28/06/2019,Interbank,28/06/2019,25.869579039618333,37.849711422768905,45.43,0.37,-0.0862718704256484,True
2019-07,interbank,Interbank,Interbank,Interbank,31/07/2019,Interbank,31/07/2019,27.006646608541228,36.67906289998706,45.18,0.3,0.203336703292959,True
2019-08,interbank,Interbank,Interbank,Interbank,28/08/2019,Interbank,28/08/2019,27.12630400597812,34.37379944579004,45.42,0.33,0.0609772736582818,True
2019-09,interbank,Interbank,Interbank,Interbank,30/09/2019,Interbank,30/09/2019,26.30743813398665,35.37764593126741,45.71,0.32,0.0063829985801787,True
2019-10,interbank,Interbank,Interbank,Interbank,30/10/2019,Interbank,30/10/2019,26.31620808625136,35.213480480540625,45.33,0.28,0.110725430948253,True
2019-11,interbank,Interbank,Interbank,Interbank,29/11/2019,Interbank,29/11/2019,26.03587530628688,33.55601488238779,44.82,0.29,0.108910232526761,True
2019-12,interbank,Interbank,Interbank,Interbank,31/12/2019,Interbank,31/12/2019,26.20471075448429,32.40275257183225,45.19,0.27,0.214521161156722,True
2020-01,interbank,Interbank,Interbank (con sucursales en el exterior),Interbank,31/01/2020,Interbank,31/01/2020,27.146899046987706,33.0448368070458,45.97,0.27,0.0538080667322616,True
2020-02,interbank,Interbank,Interbank (con sucursales en el exterior),Interbank,28/02/2020,Interbank,28/02/2020,26.940290419234763,34.837434289677994,45.11,0.27,0.142172034360178,True
2020-03,interbank,Interbank,Interbank (con sucursales en el exterior),Interbank,31/03/2020,Interbank,31/03/2020,25.9684984604958,34.21787314098289,47.5,0.28,0.645999987966259,True
2020-04,interbank,Interbank,Interbank (con sucursales en el exterior),Interbank,30/04/2020,Interbank,30/04/2020,25.4407040243006,34.28556660755451,48.54,0.25,0.104582684852522,True
2020-05,interbank,Interbank,Interbank (con sucursales en el exterior),Interbank,29/05/2020,Interbank,29/05/2020,23.556405890092595,31.81094702362625,50.29,0.21,0.204153570879042,True
2020-06,interbank,Interbank,Interbank (con sucursales en el exterior),Interbank,30/06/2020,Interbank,30/06/2020,22.652240739851663,31.00207417937359,49.31,0.19,-0.266096854987984,True
2020-07,interbank,Interbank,Interbank (con sucursales en el exterior),Interbank,31/07/2020,Interbank,31/07/2020,22.21568259025061,31.41790337363997,49.47,0.18,0.462688397344215,True
2020-08,interbank,Interbank,Interbank (con sucursales en el exterior),Interbank,31/08/2020,Interbank,31/08/2020,21.35241608863372,31.65309828970618,51.29,0.2,-0.110238965197723,True
2020-09,interbank,Interbank,Interbank (con sucursales en el exterior),Interbank,30/09/2020,Interbank,30/09/2020,20.974112566168998,31.96123590089604,49.26,0.19,0.136353971354613,True
2020-10,interbank,Interbank,Interbank (con sucursales en el exterior),Interbank,30/10/2020,Interbank,30/10/2020,22.027578365790408,31.32277052333868,48.7,0.14,0.0167755516523417,True
2020-11,interbank,Interbank,Interbank (con sucursales en el exterior),Interbank,30/11/2020,Interbank,30/11/2020,21.71485117986132,33.11302226435271,47.89,0.09,0.520479581391504,True
2020-12,interbank,Interbank,Interbank (con sucursales en el exterior),Interbank,31/12/2020,Interbank,31/12/2020,21.956758832049854,31.132386984889475,48.04,0.09,0.0487327395330378,True
2021-01,interbank,Interbank,Interbank (con sucursales en el exterior),Interbank,29/01/2021,Interbank,29/01/2021,22.338906565440084,30.733151443046477,46.97,0.08,0.742901704166242,True
2021-02,interbank,Interbank,Interbank (con sucursales en el exterior),Interbank,26/02/2021,Interbank,26/02/2021,21.994890257735676,33.47654343034333,45.34,0.08,-0.125265562868538,True
2021-03,interbank,Interbank,Interbank (con sucursales en el exterior),Interbank,31/03/2021,Interbank,31/03/2021,22.88755879694166,34.34820068538815,48.19,0.08,0.839468767410369,True
2021-04,interbank,Interbank,Interbank (con sucursales en el exterior),Interbank,30/04/2021,Interbank,30/04/2021,23.11758841484364,36.04571369123203,48.09,0.09,-0.104691802721501,True
2021-05,interbank,Interbank,Interbank (con sucursales en el exterior),Interbank,31/05/2021,Interbank,31/05/2021,24.398942689475927,35.009937368938246,48.92,0.09,0.266557522263624,True
2021-06,interbank,Interbank,Interbank (con sucursales en el exterior),Interbank,30/06/2021,Interbank,30/06/2021,23.48298001125191,33.7820256089448,49.71,0.09,0.51967163414861,True
2021-07,interbank,Interbank,Interbank (con sucursales en el exterior),Interbank,30/07/2021,Interbank,30/07/2021,23.889747666905585,32.994632221815905,49.25,0.09,1.00753906510749,True
2021-08,interbank,Interbank,Interbank (con sucursales en el exterior),Interbank,31/08/2021,Interbank,31/08/2021,23.5336378936786,34.3131396562821,47.83,0.09,0.98493531236659,True
2021-09,interbank,Interbank,Interbank (con sucursales en el exterior),Interbank,30/09/2021,Interbank,30/09/2021,23.38466802689913,33.823529239917114,47.35,0.08,0.40042251687241,True
2021-10,interbank,Interbank,Interbank (con sucursales en el exterior),Interbank,29/10/2021,Interbank,29/10/2021,23.65767400939807,34.347732596923095,47.21,0.08,0.58366506925955,True
2021-11,interbank,Interbank,Interbank (con sucursales en el exterior),Interbank,30/11/2021,Interbank,30/11/2021,24.31579207894295,36.46734678868904,48.43,0.08,0.358183580426998,True
2021-12,interbank,Interbank,Interbank (con sucursales en el exterior),Interbank,31/12/2021,Interbank,31/12/2021,24.21970077876524,36.60911007565464,49.52,0.14,0.782835268325123,True
2022-01,interbank,Interbank,Interbank (con sucursales en el exterior),Interbank,31/01/2022,Interbank,31/01/2022,23.95947513229105,38.17064154721198,50.67,0.15,0.0372679999999974,True
2022-02,interbank,Interbank,Interbank (con sucursales en el exterior),Interbank,28/02/2022,Interbank,28/02/2022,23.695273430923194,36.59608023313773,49.66,0.08,0.311455926605271,True
2022-03,interbank,Interbank,Interbank (con sucursales en el exterior),Interbank,31/03/2022,Interbank,31/03/2022,22.50992454774613,37.486193763555086,51.18,0.08,1.48265988924236,True
2022-04,interbank,Interbank,Interbank (con sucursales en el exterior),Interbank,29/04/2022,Interbank,29/04/2022,23.45279248840082,39.09878107733919,51.39,0.21,0.961893177341858,True
2022-05,interbank,Interbank,Interbank (con sucursales en el exterior),Interbank,31/05/2022,Interbank,31/05/2022,23.41666353468746,37.99765908815903,51.67,0.22,0.384024966018986,True
2022-06,interbank,Interbank,Interbank (con sucursales en el exterior),Interbank,30/06/2022,Interbank,30/06/2022,23.82301162826344,35.938760998818374,52.45,0.12,1.19062710636316,True
2022-07,interbank,Interbank,Interbank (con sucursales en el exterior),Interbank,27/07/2022,Interbank,27/07/2022,25.850863606534503,34.594914351634216,53.45,0.13,0.940891085039107,True
2022-08,interbank,Interbank,Interbank (con sucursales en el exterior),Interbank,31/08/2022,Interbank,31/08/2022,25.053207439467805,34.52042147241974,54.35,0.11,0.666542107665968,True
2022-09,interbank,Interbank,Interbank (con sucursales en el exterior),Interbank,30/09/2022,Interbank,30/09/2022,26.520230716162484,36.433533657142114,54.24,0.09,0.522557852684368,True
2022-10,interbank,Interbank,Interbank (con sucursales en el exterior),Interbank,31/10/2022,Interbank,31/10/2022,26.208511102393604,36.80190129001093,54.81,0.12,0.347652348101841,True
2022-11,interbank,Interbank,Interbank (con sucursales en el exterior),Interbank,30/11/2022,Interbank,30/11/2022,26.53065896045404,36.16627958969848,54.58,0.12,0.517639656505263,True
2022-12,interbank,Interbank,Interbank (con sucursales en el exterior),Interbank,30/12/2022,Interbank,30/12/2022,25.947742745888107,35.229343592199754,55.81,0.1,0.793924170395989,True
2023-01,interbank,Interbank,Interbank (con sucursales en el exterior),Interbank,31/01/2023,Interbank,31/01/2023,26.094337212879225,35.45001817142638,56.78,0.29,0.226446521871514,True
2023-02,interbank,Interbank,Interbank (con sucursales en el exterior),Interbank,28/02/2023,Interbank,28/02/2023,25.836173625117738,36.21948802363932,57.02,0.28,0.29452251053137,True
2023-03,interbank,Interbank,Interbank (con sucursales en el exterior),Interbank,31/03/2023,Interbank,31/03/2023,24.90516375611632,35.606956949440985,57.22,0.11,1.25348677152025,True
2023-04,interbank,Interbank,Interbank (con sucursales en el exterior),Interbank,28/04/2023,Interbank,28/04/2023,24.78784531868299,35.692002632859634,59.89,0.51,0.556251880069387,True
2023-05,interbank,Interbank,Interbank (con sucursales en el exterior),Interbank,31/05/2023,Interbank,31/05/2023,25.344774659032534,36.67233101257044,61.77,0.51,0.31786146413237,True
2023-06,interbank,Interbank,Interbank (con sucursales en el exterior),Interbank,30/06/2023,Interbank,30/06/2023,25.41913550616431,35.473275779748654,62.65,0.1,-0.152769746155551,True
2023-07,interbank,Interbank,Interbank (con sucursales en el exterior),Interbank,31/07/2023,Interbank,31/07/2023,25.39205185131064,35.8100002625077,63.12,0.08,0.391066276983018,True
2023-08,interbank,Interbank,Interbank (con sucursales en el exterior),Interbank,31/08/2023,Interbank,31/08/2023,25.87103706559784,34.10406771883237,62.84,0.19,0.376132603479856,True
2023-09,interbank,Interbank,Interbank (con sucursales en el exterior),Interbank,29/09/2023,Interbank,29/09/2023,27.39374662426674,34.80503280413059,62.3,0.19,0.0164026333286269,True
2023-10,interbank,Interbank,Interbank (con sucursales en el exterior),Interbank,31/10/2023,Interbank,31/10/2023,27.155720264563183,36.1442875376394,66.09,0.07,-0.322447443370826,True
2023-11,interbank,Interbank,Interbank (con sucursales en el exterior),Interbank,30/11/2023,Interbank,30/11/2023,26.36062992583187,34.47240309518025,66.14,0.09,-0.163060842314584,True
2023-12,interbank,Interbank,Interbank (con sucursales en el exterior),Interbank,29/12/2023,Interbank,29/12/2023,26.88801448214714,33.620373769709325,65.24,0.14,0.405777961086682,True
2024-01,interbank,Interbank,Interbank (con sucursales en el exterior),Interbank,31/01/2024,Interbank,31/01/2024,26.876502962269004,34.1418955986235,64.66,0.16,0.0192113272793558,True
2024-02,interbank,Interbank,Interbank (con sucursales en el exterior),Interbank,29/02/2024,Interbank,29/02/2024,26.6531903473352,34.2587898217668,62.84,0.12,0.557510800936321,True
2024-03,interbank,Interbank,Interbank (con sucursales en el exterior),Interbank,27/03/2024,Interbank,27/03/2024,25.963503845062817,34.934242855136674,62.97,0.08,1.00938516188575,True
2024-04,interbank,Interbank **,Interbank (con sucursales en el exterior),Interbank,30/04/2024,Interbank,30/04/2024,26.20436411224891,34.593134089755125,63.22,0.08,-0.0516715997229469,True
2024-05,interbank,Interbank,Interbank (con sucursales en el exterior),Interbank,31/05/2024,Interbank,31/05/2024,26.312169844929684,35.512647745244664,63.87,0.08,-0.0907064485030323,True
2024-06,interbank,Interbank,Interbank (con sucursales en el exterior),Interbank,28/06/2024,Interbank,28/06/2024,26.10685035214466,33.74789314019245,65.5,0.08,0.121741927959431,True
2024-07,interbank,Interbank,Interbank (con sucursales en el exterior),Interbank,31/07/2024,Interbank,31/07/2024,24.97341565757604,33.9591064236351,65.55,0.05,0.236268738691571,True
2024-08,interbank,Interbank,Interbank (con sucursales en el exterior),Interbank,31/08/2024,Interbank,31/08/2024,25.462055859038124,33.292697250209024,64.88,0.06,0.284170528141876,True
2024-09,interbank,Interbank,Interbank (con sucursales en el exterior),Interbank,30/09/2024,Interbank,30/09/2024,24.73146392102884,34.63408272463773,60.82,0.05,-0.237560474773851,True
2024-10,interbank,Interbank,Interbank (con sucursales en el exterior),Interbank,31/10/2024,Interbank,31/10/2024,24.326342231576152,33.47668150075732,60.76,0.05,-0.0931035230159262,True
2024-11,interbank,Interbank,Interbank (con sucursales en el exterior),Interbank,29/11/2024,Interbank,29/11/2024,24.50158444345448,33.668893423933426,61.38,0.06,0.0941530377317251,True
2024-12,interbank,Interbank,Interbank (con sucursales en el exterior),Interbank,30/12/2024,Interbank,30/12/2024,26.034332770732867,34.092680877383124,61.89,0.08,0.105667996950954,True
2025-01,interbank,Interbank,Interbank (con sucursales en el exterior),Interbank,31/01/2025,Interbank,31/01/2025,25.3979200600474,33.28447580289936,61.73,0.08,-0.0933179134509413,True
2025-02,interbank,Interbank,Interbank (con sucursales en el exterior),Interbank,28/02/2025,Interbank,28/02/2025,25.282654448908158,32.804585550132906,59.58,0.08,0.188012094871704,True
2025-03,interbank,Interbank,Interbank (con sucursales en el exterior),Interbank,31/03/2025,Interbank,31/03/2025,25.473448054360297,33.83641595619658,59.26,0.08,0.810159321766145,True
2025-04,interbank,Interbank,Interbank (con sucursales en el exterior),Interbank,30/04/2025,Interbank,30/04/2025,25.96603316371627,32.23429597165266,59.42,0.06,0.31806633832046,True
2025-05,interbank,Interbank,Interbank (con sucursales en el exterior),Interbank,30/05/2025,Interbank,30/05/2025,25.586048690531708,32.50780030919956,59.43,0.06,-0.0564746187563057,True
2025-06,interbank,Interbank,Interbank (con sucursales en el exterior),Interbank,30/06/2025,Interbank,30/06/2025,26.104965192654788,33.951644230196045,57.07,0.07,0.128679643778829,True
2025-07,interbank,Interbank,Interbank (con sucursales en el exterior),Interbank,31/07/2025,Interbank,31/07/2025,26.694415728941,33.782349035567435,57.05,0.1,0.231431002364371,True
2025-08,interbank,Interbank,Interbank (con sucursales en el exterior),Interbank,29/08/2025,Interbank,29/08/2025,25.36513953420433,32.4293638350563,57.23,0.12,-0.29025398690341,True
2025-09,interbank,Interbank,Interbank (con sucursales en el exterior),Interbank,30/09/2025,Interbank,30/09/2025,24.856869990308088,33.28593311178317,56.73,0.08,0.0111517897177685,True
2025-10,interbank,Interbank,Interbank (con sucursales en el exterior),Interbank,31/10/2025,Interbank,31/10/2025,24.876343002136107,32.9581658515392,56.24,0.05,-0.0996274056654658,True
2025-11,interbank,Interbank,Interbank (con sucursales en el exterior),Interbank,28/11/2025,Interbank,28/11/2025,24.92133742451439,31.749444799330885,57.68,0.04,0.110781919406383,True
2025-12,interbank,Interbank,Interbank (con sucursales en el exterior),Interbank,31/12/2025,Interbank,31/12/2025,25.56383580340563,32.12736141708391,60.09,0.07,0.244108583947482,True
2015-11,mibanco,Mibanco,Mibanco,Mibanco,30/11/2015,Mibanco,30/11/2015,3.862405669537045,19.842005421083726,49.02,0.41,0.344071735952856,True
2015-12,mibanco,Mibanco,Mibanco,Mibanco,31/12/2015,Mibanco,31/12/2015,3.660405321528121,21.431303509078607,49.65,0.4,0.445721499061671,True
2016-01,mibanco,Mibanco,Mibanco,Mibanco,29/01/2016,Mibanco,29/01/2016,3.515282832984259,19.90369123584895,49.36,0.42,0.37252021115541,True
2016-02,mibanco,Mibanco,Mibanco,Mibanco,29/02/2016,Mibanco,29/02/2016,3.364786702792881,18.689667963845395,49.59,0.4,0.174091242706681,True
2016-03,mibanco,Mibanco,Mibanco,Mibanco,31/03/2016,Mibanco,31/03/2016,3.0175922786125526,17.086437971789852,50.44,0.37,0.598118099213,True
2016-04,mibanco,Mibanco,Mibanco,Mibanco,29/04/2016,Mibanco,29/04/2016,2.827003859134492,15.436414820273406,50.9,0.34,0.0114065609758854,True
2016-05,mibanco,Mibanco,Mibanco,Mibanco,31/05/2016,Mibanco,31/05/2016,2.7648683321338337,15.553416698348132,51.05,0.33,0.209563738332199,True
2016-06,mibanco,Mibanco,Mibanco,Mibanco,30/06/2016,Mibanco,30/06/2016,2.5851155776656984,14.599338606711845,51.24,0.33,0.139508528737671,True
2016-07,mibanco,Mibanco,Mibanco,Mibanco,27/07/2016,Mibanco,27/07/2016,2.54659524654772,13.197812315092724,,0.32,0.081747041914584,False
2016-08,mibanco,Mibanco,Mibanco,Mibanco,31/08/2016,Mibanco,31/08/2016,2.472510281005923,13.592855562443098,53.5,0.34,0.358285853821853,True
2016-09,mibanco,Mibanco,Mibanco,Mibanco,30/09/2016,Mibanco,30/09/2016,2.3621229629848672,12.887349406789866,53.76,0.33,0.206464092392192,True
2016-10,mibanco,Mibanco,Mibanco,Mibanco,31/10/2016,Mibanco,31/10/2016,2.227096954292143,11.93087997962414,53.89,0.28,0.413354520523768,True
2016-11,mibanco,Mibanco,Mibanco,Mibanco,30/11/2016,Mibanco,30/11/2016,2.162419820811626,11.800415853375265,54.95,0.33,0.290064059118052,True
2016-12,mibanco,Mibanco,Mibanco,Mibanco,30/12/2016,Mibanco,30/12/2016,2.0383354345041687,11.192232062003322,56.04,0.3,0.33419524609934,True
2017-01,mibanco,Mibanco,Mibanco,Mibanco,31/01/2017,Mibanco,31/01/2017,1.9237825663899268,10.525833597380103,54.89,0.32,0.237843060107308,True
2017-02,mibanco,Mibanco,Mibanco,Mibanco,28/02/2017,Mibanco,28/02/2017,1.8277853152799832,10.572301253188712,54.32,0.33,0.323171371975582,True
2017-03,mibanco,Mibanco,Mibanco,Mibanco,31/03/2017,Mibanco,31/03/2017,1.7820628308241253,9.657966378173416,54.97,0.3,1.30455818519093,True
2017-04,mibanco,Mibanco,Mibanco,Mibanco,28/04/2017,Mibanco,28/04/2017,1.7234756339728357,9.916712870678248,55.44,0.31,-0.258053478882145,True
2017-05,mibanco,Mibanco,Mibanco,Mibanco,31/05/2017,Mibanco,31/05/2017,1.6621435770076662,9.120540550767712,56.23,0.34,-0.423337988013419,True
2017-06,mibanco,Mibanco,Mibanco,Mibanco,28/06/2017,Mibanco,28/06/2017,1.5939326356968615,8.689378098093416,56.23,0.34,-0.159198769026384,True
2017-07,mibanco,Mibanco,Mibanco,Mibanco,31/07/2017,Mibanco,31/07/2017,1.525560799220847,7.790669126547074,55.6,0.32,0.198285823750627,True
2017-08,mibanco,Mibanco,Mibanco,Mibanco,31/08/2017,Mibanco,31/08/2017,1.4712219926189078,7.494997619419279,55.51,0.34,0.672225629676554,True
2017-09,mibanco,Mibanco,Mibanco,Mibanco,29/09/2017,Mibanco,29/09/2017,1.4235752760803866,7.044020171518785,55.1,0.33,-0.0157699757397503,True
2017-10,mibanco,Mibanco,Mibanco,Mibanco,31/10/2017,Mibanco,31/10/2017,1.3400576983716237,7.806442077075943,54.87,0.33,-0.469245219484567,True
2017-11,mibanco,Mibanco,Mibanco,Mibanco,30/11/2017,Mibanco,30/11/2017,1.271109909507145,7.788410070920937,54.24,0.33,-0.197237337488294,True
2017-12,mibanco,Mibanco,Mibanco,Mibanco,29/12/2017,Mibanco,29/12/2017,1.233594967139198,8.41903025032658,54.6,0.36,0.156851858043552,True
2018-01,mibanco,Mibanco,Mibanco,Mibanco,31/01/2018,Mibanco,31/01/2018,1.18466418973745,8.067448632811224,53.19,0.36,0.127417107488591,True
2018-02,mibanco,Mibanco,Mibanco,Mibanco,28/02/2018,Mibanco,28/02/2018,1.160964601415426,7.670220996799671,52.88,0.39,0.250220520720826,True
2018-03,mibanco,Mibanco,Mibanco,Mibanco,28/03/2018,Mibanco,28/03/2018,1.1104875506788954,7.677388210918363,53.72,0.44,0.487124356837782,True
2018-04,mibanco,Mibanco,Mibanco,Mibanco,30/04/2018,Mibanco,30/04/2018,1.0835034350754442,7.228702322764937,53.2,0.44,-0.137073083858309,True
2018-05,mibanco,Mibanco,Mibanco,Mibanco,31/05/2018,Mibanco,31/05/2018,1.0361714188366773,8.029459051401844,53.34,0.42,0.0184551804113629,True
2018-06,mibanco,Mibanco,Mibanco,Mibanco,28/06/2018,Mibanco,28/06/2018,0.9967424048335756,7.3069450193510255,52.97,0.42,0.334058214668909,True
2018-07,mibanco,Mibanco,Mibanco,Mibanco,31/07/2018,Mibanco,31/07/2018,0.9860050972997948,6.590261496681685,52.3,0.43,0.382785985925354,True
2018-08,mibanco,Mibanco,Mibanco,Mibanco,29/08/2018,Mibanco,29/08/2018,0.95798696019971,6.22245471692218,52.41,0.41,0.131767259402052,True
2018-09,mibanco,Mibanco,Mibanco,Mibanco,28/09/2018,Mibanco,28/09/2018,0.928429074006218,6.457444950267416,52.11,0.4,0.191681610790045,True
2018-10,mibanco,Mibanco,Mibanco,Mibanco,31/10/2018,Mibanco,31/10/2018,0.9062547516537324,6.618041597736428,51.22,0.38,0.0816835303769421,True
2018-11,mibanco,Mibanco,Mibanco,Mibanco,30/11/2018,Mibanco,30/11/2018,0.8722528845224132,6.0013298789149605,50.75,0.37,0.122438003210824,True
2018-12,mibanco,Mibanco,Mibanco,Mibanco,31/12/2018,Mibanco,31/12/2018,0.8459032461104915,6.436953360542165,50.57,0.4,0.181777270585084,True
2019-01,mibanco,Mibanco,Mibanco,Mibanco,31/01/2019,Mibanco,31/01/2019,0.8102898959605873,6.491339722106362,49.68,0.43,0.0653322898985492,True
2019-02,mibanco,Mibanco,Mibanco,Mibanco,28/02/2019,Mibanco,28/02/2019,0.7646192780373859,6.718225732987744,49.81,0.42,0.126761453780625,True
2019-03,mibanco,Mibanco,Mibanco,Mibanco,29/03/2019,Mibanco,29/03/2019,0.7338439634800471,5.446122062883364,50.94,0.4,0.727552259105356,True
2019-04,mibanco,Mibanco,Mibanco,Mibanco,30/04/2019,Mibanco,30/04/2019,0.7069140159802143,6.256490318089164,50.29,0.43,0.200080537447719,True
2019-05,mibanco,Mibanco,Mibanco,Mibanco,31/05/2019,Mibanco,31/05/2019,0.696081491306229,5.787513496414935,50.43,0.43,0.14761382269664,True
2019-06,mibanco,Mibanco,Mibanco,Mibanco,28/06/2019,Mibanco,28/06/2019,0.6600006675207919,5.903401059218634,51.15,0.45,-0.0862718704256484,True
2019-07,mibanco,Mibanco,Mibanco,Mibanco,31/07/2019,Mibanco,31/07/2019,0.6430943188439358,5.177158671237773,50.85,0.44,0.203336703292959,True
2019-08,mibanco,Mibanco,Mibanco,Mibanco,28/08/2019,Mibanco,28/08/2019,0.6372870092728412,4.90847781590828,51.54,0.47,0.0609772736582818,True
2019-09,mibanco,Mibanco,Mibanco,Mibanco,30/09/2019,Mibanco,30/09/2019,0.6050444971986022,5.112768570275151,51.03,0.42,0.0063829985801787,True
2019-10,mibanco,Mibanco,Mibanco,Mibanco,30/10/2019,Mibanco,30/10/2019,0.5697229786604691,5.917492429768423,50.79,0.39,0.110725430948253,True
2019-11,mibanco,Mibanco,Mibanco,Mibanco,29/11/2019,Mibanco,29/11/2019,0.5777640449467724,4.920514681760406,49.66,0.4,0.108910232526761,True
2019-12,mibanco,Mibanco,Mibanco,Mibanco,31/12/2019,Mibanco,31/12/2019,0.5365703038740643,4.739250647005351,49.62,0.43,0.214521161156722,True
2020-01,mibanco,Mibanco,Mibanco,Mibanco,31/01/2020,Mibanco,31/01/2020,0.5249321428616845,4.811280126788485,47.81,0.43,0.0538080667322616,True
2020-02,mibanco,Mibanco,Mibanco,Mibanco,28/02/2020,Mibanco,28/02/2020,0.5080123750495643,4.673942622524824,47.72,0.43,0.142172034360178,True
2020-03,mibanco,Mibanco,Mibanco,Mibanco,31/03/2020,Mibanco,31/03/2020,0.502006615009295,4.700458934667502,48.99,0.51,0.645999987966259,True
2020-04,mibanco,Mibanco,Mibanco,Mibanco,30/04/2020,Mibanco,30/04/2020,0.4850908075056545,4.696122098532889,49.84,0.93,0.104582684852522,True
2020-05,mibanco,Mibanco,Mibanco,Mibanco,29/05/2020,Mibanco,29/05/2020,0.4854505423902345,4.6957759922754585,52.91,0.76,0.204153570879042,True
2020-06,mibanco,Mibanco,Mibanco,Mibanco,30/06/2020,Mibanco,30/06/2020,0.4952373080207232,4.918884683434823,53.41,0.61,-0.266096854987984,True
2020-07,mibanco,Mibanco,Mibanco,Mibanco,31/07/2020,Mibanco,31/07/2020,0.4630275716764482,4.706408733570362,48.97,0.38,0.462688397344215,True
2020-08,mibanco,Mibanco,Mibanco,Mibanco,31/08/2020,Mibanco,31/08/2020,0.435614962525699,4.684815897628786,47.99,0.4,-0.110238965197723,True
2020-09,mibanco,Mibanco,Mibanco,Mibanco,30/09/2020,Mibanco,30/09/2020,0.4174324150467018,4.813575614771932,46.12,0.48,0.136353971354613,True
2020-10,mibanco,Mibanco,Mibanco,Mibanco,30/10/2020,Mibanco,30/10/2020,0.3981925614942056,4.83131696860679,43.95,0.49,0.0167755516523417,True
2020-11,mibanco,Mibanco,Mibanco,Mibanco,30/11/2020,Mibanco,30/11/2020,0.3756560893536973,4.729285145482043,42.15,0.39,0.520479581391504,True
2020-12,mibanco,Mibanco,Mibanco,Mibanco,31/12/2020,Mibanco,31/12/2020,0.3661020961978969,4.714757287673314,41.74,0.34,0.0487327395330378,True
2021-01,mibanco,Mibanco,Mibanco,Mibanco,29/01/2021,Mibanco,29/01/2021,0.3576945057579355,4.713515394944444,43.22,0.34,0.742901704166242,True
2021-02,mibanco,Mibanco,Mibanco,Mibanco,26/02/2021,Mibanco,26/02/2021,0.347701308189988,4.762230887219149,,,-0.125265562868538,False
2021-03,mibanco,Mibanco,Mibanco,Mibanco,31/03/2021,Mibanco,31/03/2021,0.3411998539628955,4.8860251026689525,43.55,0.29,0.839468767410369,True
2021-04,mibanco,Mibanco,Mibanco,Mibanco,30/04/2021,Mibanco,30/04/2021,0.3353434407579019,4.979127006115987,43.66,0.28,-0.104691802721501,True
2021-05,mibanco,Mibanco,Mibanco,Mibanco,31/05/2021,Mibanco,31/05/2021,0.321381060452994,5.0921378909805055,43.72,0.32,0.266557522263624,True
2021-06,mibanco,Mibanco,Mibanco,Mibanco,30/06/2021,Mibanco,30/06/2021,0.2987859484585835,5.621641709891169,43.75,0.46,0.51967163414861,True
2021-07,mibanco,Mibanco,Mibanco,Mibanco,30/07/2021,Mibanco,30/07/2021,0.3027656071258699,5.25239991236543,43.03,0.41,1.00753906510749,True
2021-08,mibanco,Mibanco,Mibanco,Mibanco,31/08/2021,Mibanco,31/08/2021,0.2996950520507263,5.412255502418534,41.87,0.37,0.98493531236659,True
2021-09,mibanco,Mibanco,Mibanco,Mibanco,30/09/2021,Mibanco,30/09/2021,0.2926452282723216,6.565638511955307,41.79,0.34,0.40042251687241,True
2021-10,mibanco,Mibanco,Mibanco,Mibanco,29/10/2021,Mibanco,29/10/2021,0.268349160384509,5.746377006352688,42.03,0.32,0.58366506925955,True
2021-11,mibanco,Mibanco,Mibanco,Mibanco,30/11/2021,Mibanco,30/11/2021,0.2523188006840027,6.053978510613793,43.43,0.3,0.358183580426998,True
2021-12,mibanco,Mibanco,Mibanco,Mibanco,31/12/2021,Mibanco,31/12/2021,0.2432083575877018,6.007338647625626,44.05,0.32,0.782835268325123,True
2022-01,mibanco,Mibanco,Mibanco,Mibanco,31/01/2022,Mibanco,31/01/2022,0.2281315085496798,6.47292413087958,44.32,0.33,0.0372679999999974,True
2022-02,mibanco,Mibanco,Mibanco,Mibanco,28/02/2022,Mibanco,28/02/2022,0.2155355993289281,5.737857920513805,44.72,0.31,0.311455926605271,True
2022-03,mibanco,Mibanco,Mibanco,Mibanco,31/03/2022,Mibanco,31/03/2022,0.201933577134047,5.451031477937305,47.35,0.29,1.48265988924236,True
2022-04,mibanco,Mibanco,Mibanco,Mibanco,29/04/2022,Mibanco,29/04/2022,0.1991825135576828,5.607308657297878,48.45,0.33,0.961893177341858,True
2022-05,mibanco,Mibanco,Mibanco,Mibanco,31/05/2022,Mibanco,31/05/2022,0.185193064755291,5.397311885724208,48.4,0.32,0.384024966018986,True
2022-06,mibanco,Mibanco,Mibanco,Mibanco,30/06/2022,Mibanco,30/06/2022,0.1839303436907196,5.743825704400563,48.88,0.36,1.19062710636316,True
2022-07,mibanco,Mibanco,Mibanco,Mibanco,27/07/2022,Mibanco,27/07/2022,0.1847523751586648,6.003951322739912,48.17,0.38,0.940891085039107,True
2022-08,mibanco,Mibanco,Mibanco,Mibanco,31/08/2022,Mibanco,31/08/2022,0.1776949059937148,5.732340558763397,48.82,0.38,0.666542107665968,True
2022-09,mibanco,Mibanco,Mibanco,Mibanco,30/09/2022,Mibanco,30/09/2022,0.1794609973586536,5.957758810594836,48.71,0.43,0.522557852684368,True
2022-10,mibanco,Mibanco,Mibanco,Mibanco,31/10/2022,Mibanco,31/10/2022,0.175437982091254,6.096129562196247,49.11,0.38,0.347652348101841,True
2022-11,mibanco,Mibanco,Mibanco,Mibanco,30/11/2022,Mibanco,30/11/2022,0.164190719035931,5.538935414472577,48.38,0.32,0.517639656505263,True
2022-12,mibanco,Mibanco,Mibanco,Mibanco,30/12/2022,Mibanco,30/12/2022,0.1465100329307272,5.46675197446181,50.12,0.3,0.793924170395989,True
2023-01,mibanco,Mibanco,Mibanco,Mibanco,31/01/2023,Mibanco,31/01/2023,0.1436587015644009,5.558749410428144,53.7,0.34,0.226446521871514,True
2023-02,mibanco,Mibanco,Mibanco,Mibanco,28/02/2023,Mibanco,28/02/2023,0.1604082423411582,5.240304786660408,55.3,0.39,0.29452251053137,True
2023-03,mibanco,Mibanco,Mibanco,Mibanco,31/03/2023,Mibanco,31/03/2023,0.1522255503227093,5.206173446799965,55.72,0.44,1.25348677152025,True
2023-04,mibanco,Mibanco,Mibanco,Mibanco,28/04/2023,Mibanco,28/04/2023,0.146432660446758,4.829952959677075,54.99,0.43,0.556251880069387,True
2023-05,mibanco,Mibanco,Mibanco,Mibanco,31/05/2023,Mibanco,31/05/2023,0.1385047253106261,4.849855936716892,55.16,0.39,0.31786146413237,True
2023-06,mibanco,Mibanco,Mibanco,Mibanco,30/06/2023,Mibanco,30/06/2023,0.1378949735251233,4.49652875936363,56.89,0.39,-0.152769746155551,True
2023-07,mibanco,Mibanco,Mibanco,Mibanco,31/07/2023,Mibanco,31/07/2023,0.1350493660377173,4.117208686706373,58.86,0.43,0.391066276983018,True
2023-08,mibanco,Mibanco,Mibanco,Mibanco,31/08/2023,Mibanco,31/08/2023,0.1364982094566025,4.000325552211574,58.9,0.48,0.376132603479856,True
2023-09,mibanco,Mibanco,Mibanco,Mibanco,29/09/2023,Mibanco,29/09/2023,0.1401280893860212,4.03991092411305,57.63,0.59,0.0164026333286269,True
2023-10,mibanco,Mibanco,Mibanco,Mibanco,31/10/2023,Mibanco,31/10/2023,0.1426436710015817,3.894990207356481,57.75,0.58,-0.322447443370826,True
2023-11,mibanco,Mibanco,Mibanco,Mibanco,30/11/2023,Mibanco,30/11/2023,0.1318943138731793,4.006953321533913,58.6,0.62,-0.163060842314584,True
2023-12,mibanco,Mibanco,Mibanco,Mibanco,29/12/2023,Mibanco,29/12/2023,0.1299848731712212,4.008504560450104,61.35,0.74,0.405777961086682,True
2024-01,mibanco,Mibanco,Mibanco,Mibanco,31/01/2024,Mibanco,31/01/2024,0.1257101151994828,4.279468364854184,62.16,0.84,0.0192113272793558,True
2024-02,mibanco,Mibanco,Mibanco,Mibanco,29/02/2024,Mibanco,29/02/2024,0.1230666984626366,4.202115108264058,62.64,0.82,0.557510800936321,True
2024-03,mibanco,Mibanco,Mibanco,Mibanco,27/03/2024,Mibanco,27/03/2024,0.1166309187730696,4.183409728565064,61.77,0.69,1.00938516188575,True
2024-04,mibanco,Mibanco,Mibanco,Mibanco,30/04/2024,Mibanco,30/04/2024,0.11478327825667,4.176912491816977,60.26,0.77,-0.0516715997229469,True
2024-05,mibanco,Mibanco,Mibanco,Mibanco,31/05/2024,Mibanco,31/05/2024,0.1116697740493953,4.042827155782433,63.27,0.81,-0.0907064485030323,True
2024-06,mibanco,Mibanco,Mibanco,Mibanco,28/06/2024,Mibanco,28/06/2024,0.1128147133252138,4.065046683638291,62.37,0.87,0.121741927959431,True
2024-07,mibanco,Mibanco,Mibanco,Mibanco,31/07/2024,Mibanco,31/07/2024,0.1077601266969385,4.029484939955983,61.9,0.86,0.236268738691571,True
2024-08,mibanco,Mibanco,Mibanco,Mibanco,31/08/2024,Mibanco,31/08/2024,0.106414383284882,3.9073959392257143,62.3,0.84,0.284170528141876,True
2024-09,mibanco,Mibanco,Mibanco,Mibanco,30/09/2024,Mibanco,30/09/2024,0.1039325371849384,3.6516250182579433,61.17,0.88,-0.237560474773851,True
2024-10,mibanco,Mibanco,Mibanco,Mibanco,31/10/2024,Mibanco,31/10/2024,0.1032705586869004,3.689551293035864,57.59,0.92,-0.0931035230159262,True
2024-11,mibanco,Mibanco,Mibanco,Mibanco,29/11/2024,Mibanco,29/11/2024,0.0994885970270981,3.748172368653568,56.99,0.89,0.0941530377317251,True
2024-12,mibanco,Mibanco,Mibanco,Mibanco,30/12/2024,Mibanco,30/12/2024,0.0972056508704482,3.8882723574640448,58.73,0.84,0.105667996950954,True
2025-01,mibanco,Mibanco,Mibanco,Mibanco,31/01/2025,Mibanco,31/01/2025,0.0917542952115815,3.971192283651412,58.53,0.88,-0.0933179134509413,True
2025-02,mibanco,Mibanco,Mibanco,Mibanco,28/02/2025,Mibanco,28/02/2025,0.0881658896416563,4.074221228681213,58.76,0.84,0.188012094871704,True
2025-03,mibanco,Mibanco,Mibanco,Mibanco,31/03/2025,Mibanco,31/03/2025,0.0841241667299243,4.054508332773074,58.23,0.82,0.810159321766145,True
2025-04,mibanco,Mibanco,Mibanco,Mibanco,30/04/2025,Mibanco,30/04/2025,0.0809292372944122,4.204525652582217,58.16,0.83,0.31806633832046,True
2025-05,mibanco,Mibanco,Mibanco,Mibanco,30/05/2025,Mibanco,30/05/2025,0.0772147830557725,4.236277259580234,58.63,0.79,-0.0564746187563057,True
2025-06,mibanco,Mibanco,Mibanco,Mibanco,30/06/2025,Mibanco,30/06/2025,0.0731668289606073,4.2849308930091095,55.42,0.78,0.128679643778829,True
2025-07,mibanco,Mibanco,Mibanco,Mibanco,31/07/2025,Mibanco,31/07/2025,0.0716652000206355,4.323406464611039,54.38,0.79,0.231431002364371,True
2025-08,mibanco,Mibanco,Mibanco,Mibanco,29/08/2025,Mibanco,29/08/2025,0.0689069421103166,4.345856663341207,55.94,0.79,-0.29025398690341,True
2025-09,mibanco,Mibanco,Mibanco,Mibanco,30/09/2025,Mibanco,30/09/2025,0.0633084697633801,4.4171456670657925,55.68,0.75,0.0111517897177685,True
2025-10,mibanco,Mibanco,Mibanco,Mibanco,31/10/2025,Mibanco,31/10/2025,0.0603675152884891,4.322401060853605,53.31,0.74,-0.0996274056654658,True
2025-11,mibanco,Mibanco,Mibanco,Mibanco,28/11/2025,Mibanco,28/11/2025,0.069553547337988,4.386610893667718,52.98,0.71,0.110781919406383,True
2025-12,mibanco,Mibanco,Mibanco,Mibanco,31/12/2025,Mibanco,31/12/2025,0.0668281637364808,4.3823252135678015,55.31,0.73,0.244108583947482,True
2015-11,pichincha,Banco Financiero,B. Financiero,Financiero,30/11/2015,Financiero,30/11/2015,35.60298148326691,40.03268532014875,48.12,0.82,0.344071735952856,True
2015-12,pichincha,Banco Financiero,B. Financiero,Financiero,31/12/2015,Financiero,31/12/2015,35.12307199440674,40.13065347299755,52.11,0.72,0.445721499061671,True
2016-01,pichincha,Banco Financiero,B. Financiero,Financiero,29/01/2016,Financiero,29/01/2016,35.02145399923513,39.77736901811142,52.58,0.21,0.37252021115541,True
2016-02,pichincha,Banco Financiero,B. Financiero,Financiero,29/02/2016,Financiero,29/02/2016,34.410153251500766,39.22994693681565,52.56,0.82,0.174091242706681,True
2016-03,pichincha,Banco Financiero,B. Financiero,Financiero,31/03/2016,Financiero,31/03/2016,32.59173540905495,38.85633506552223,53.41,0.79,0.598118099213,True
2016-04,pichincha,Banco Financiero,B. Financiero,Financiero,29/04/2016,Financiero,29/04/2016,32.39284159255332,38.642739111699534,51.35,0.83,0.0114065609758854,True
2016-05,pichincha,Banco Financiero,B. Financiero,Financiero,31/05/2016,Financiero,31/05/2016,32.98848782550194,38.83488982724556,49.58,0.73,0.209563738332199,True
2016-06,pichincha,Banco Financiero,B. Financiero,Financiero,30/06/2016,Financiero,30/06/2016,31.463208962091016,38.69405642084879,46.95,0.72,0.139508528737671,True
2016-07,pichincha,Banco Financiero,B. Financiero,Financiero,27/07/2016,Financiero,27/07/2016,31.983628285932685,37.18729115425789,49.12,0.75,0.081747041914584,True
2016-08,pichincha,Banco Financiero,B. Financiero,Financiero,31/08/2016,Financiero,31/08/2016,32.58044794614936,36.77943878894481,52.2,0.75,0.358285853821853,True
2016-09,pichincha,Banco Financiero,B. Financiero,Financiero,30/09/2016,Financiero,30/09/2016,31.72330876174405,36.92062826757886,46.38,0.69,0.206464092392192,True
2016-10,pichincha,Banco Financiero,B. Financiero,Financiero,31/10/2016,Financiero,31/10/2016,30.77328314382658,34.994573266697074,45.73,0.73,0.413354520523768,True
2016-11,pichincha,Banco Financiero,B. Financiero,Financiero,30/11/2016,Financiero,30/11/2016,29.985362491306223,39.233168944594624,45.44,0.75,0.290064059118052,True
2016-12,pichincha,Banco Financiero,B. Financiero,Financiero,30/12/2016,Financiero,30/12/2016,27.045497626481147,37.70585852404768,49.5,0.75,0.33419524609934,True
2017-01,pichincha,Banco Financiero,B. Financiero,Financiero,31/01/2017,Financiero,31/01/2017,25.910030612690854,36.13263508213032,49.15,0.82,0.237843060107308,True
2017-02,pichincha,Banco Financiero,B. Financiero,Financiero,28/02/2017,Financiero,28/02/2017,25.518554778870907,38.5120175811583,45.49,0.73,0.323171371975582,True
2017-03,pichincha,Banco Financiero,B. Financiero,Financiero,31/03/2017,Financiero,31/03/2017,25.34097105082637,39.92336239473567,43.32,0.72,1.30455818519093,True
2017-04,pichincha,Banco Financiero,B. Financiero,Financiero,28/04/2017,Financiero,28/04/2017,25.23514263523674,39.060577648045815,42.26,0.77,-0.258053478882145,True
2017-05,pichincha,Banco Financiero,B. Financiero,Financiero,31/05/2017,Financiero,31/05/2017,25.29102934990257,38.71059394638926,41.35,0.74,-0.423337988013419,True
2017-06,pichincha,Banco Financiero,B. Financiero,Financiero,28/06/2017,Financiero,28/06/2017,25.45336524483624,38.974283748848826,43.41,0.72,-0.159198769026384,True
2017-07,pichincha,Banco Financiero,B. Financiero,Financiero,31/07/2017,Financiero,31/07/2017,25.45013025764756,38.47737581657198,44.22,0.74,0.198285823750627,True
2017-08,pichincha,Banco Financiero,B. Financiero,Financiero,31/08/2017,Financiero,31/08/2017,25.31781794450548,37.35131854357714,44.84,0.76,0.672225629676554,True
2017-09,pichincha,Banco Financiero,B. Financiero,Financiero,29/09/2017,Financiero,29/09/2017,25.556940496854548,37.43188132472251,43.54,0.72,-0.0157699757397503,True
2017-10,pichincha,Banco Financiero,B. Financiero,Financiero,31/10/2017,Financiero,31/10/2017,24.66855280218212,38.222354231515936,43.97,0.58,-0.469245219484567,True
2017-11,pichincha,Banco Financiero,B. Financiero,Financiero,30/11/2017,Financiero,30/11/2017,24.780001525166416,36.58823804798454,43.03,0.53,-0.197237337488294,True
2017-12,pichincha,Banco Financiero,B. Financiero,Financiero,29/12/2017,Financiero,29/12/2017,24.35578725840088,35.24118894355006,44.15,0.54,0.156851858043552,True
2018-01,pichincha,Banco Financiero,B. Financiero,Financiero,31/01/2018,Financiero,31/01/2018,24.2589717037199,35.40630895636421,45.21,0.6,0.127417107488591,True
2018-02,pichincha,Banco Financiero,B. Financiero,Financiero,28/02/2018,Financiero,28/02/2018,24.585270467285845,35.583771800795034,43.15,0.57,0.250220520720826,True
2018-03,pichincha,Banco Financiero,B. Financiero,Financiero,28/03/2018,Financiero,28/03/2018,24.345480013689112,35.74052848206124,43.42,0.55,0.487124356837782,True
2018-04,pichincha,Banco Financiero,B. Financiero,Financiero,30/04/2018,Financiero,30/04/2018,25.141457994778158,35.304925156775795,41.85,0.55,-0.137073083858309,True
2018-05,pichincha,Banco Financiero,B. Financiero,Financiero,31/05/2018,Financiero,31/05/2018,25.44496305675292,36.04302903852656,41.63,0.55,0.0184551804113629,True
2018-06,pichincha,Banco Financiero,B. Financiero,Financiero,28/06/2018,Financiero,28/06/2018,25.523114862206956,34.33865760601011,40.86,0.54,0.334058214668909,True
2018-07,pichincha,Banco Financiero,B. Financiero,Financiero,31/07/2018,Financiero,31/07/2018,25.59678516017525,34.151451331458645,40.48,0.76,0.382785985925354,True
2018-08,pichincha,Banco Pichincha,B. Pichincha*,Pichincha,29/08/2018,Pichincha,29/08/2018,26.00262112355324,33.06619450800851,39.95,0.83,0.131767259402052,True
2018-09,pichincha,Banco Pichincha*,B. Pichincha*,Pichincha,28/09/2018,Pichincha,28/09/2018,26.06747012677183,32.4342010782217,39.65,1.02,0.191681610790045,True
2018-10,pichincha,Banco Pichincha,B. Pichincha,Pichincha,31/10/2018,Pichincha,31/10/2018,27.083973261408147,30.566494649712677,39.28,1.06,0.0816835303769421,True
2018-11,pichincha,Banco Pichincha,B. Pichincha,Pichincha,30/11/2018,Pichincha,30/11/2018,27.399197401445484,31.02569895208203,39.67,1.04,0.122438003210824,True
2018-12,pichincha,Banco Pichincha,B. Pichincha,Pichincha,31/12/2018,Pichincha,31/12/2018,26.829896633806467,29.053378171303446,39.49,1.19,0.181777270585084,True
2019-01,pichincha,Banco Pichincha,B. Pichincha,Pichincha,31/01/2019,Pichincha,31/01/2019,27.408273137543947,28.93526208571072,39.4,1.14,0.0653322898985492,True
2019-02,pichincha,Banco Pichincha,B. Pichincha,Pichincha,28/02/2019,Pichincha,28/02/2019,27.01819816065274,28.24903862010333,38.81,1.16,0.126761453780625,True
2019-03,pichincha,Banco Pichincha,B. Pichincha,Pichincha,29/03/2019,Pichincha,29/03/2019,27.336536750345207,27.23391173686331,38.78,1.18,0.727552259105356,True
2019-04,pichincha,Banco Pichincha,B. Pichincha,Pichincha,30/04/2019,Pichincha,30/04/2019,27.1545509815871,28.84146192389344,38.81,1.27,0.200080537447719,True
2019-05,pichincha,Banco Pichincha,B. Pichincha,Pichincha,31/05/2019,Pichincha,31/05/2019,27.18585423914411,30.004752959756548,39.28,1.21,0.14761382269664,True
2019-06,pichincha,Banco Pichincha,B. Pichincha,Pichincha,28/06/2019,Pichincha,28/06/2019,26.67332453833214,29.641508104407023,40.43,1.17,-0.0862718704256484,True
2019-07,pichincha,Banco Pichincha,B. Pichincha,Pichincha,31/07/2019,Pichincha,31/07/2019,26.716800938744417,29.04771805915493,40.61,1.24,0.203336703292959,True
2019-08,pichincha,Banco Pichincha,B. Pichincha,Pichincha,28/08/2019,Pichincha,28/08/2019,26.936807295367554,30.540367473731862,41.05,1.21,0.0609772736582818,True
2019-09,pichincha,Banco Pichincha,B. Pichincha,Pichincha,30/09/2019,Pichincha,30/09/2019,26.38078331441884,29.163743061067947,40.77,1.34,0.0063829985801787,True
2019-10,pichincha,Banco Pichincha,B. Pichincha,Pichincha,30/10/2019,Pichincha,30/10/2019,25.65078306917663,27.29899643026253,41.74,1.32,0.110725430948253,True
2019-11,pichincha,Banco Pichincha,B. Pichincha,Pichincha,29/11/2019,Pichincha,29/11/2019,25.63012034651728,26.63307440386892,41.45,1.31,0.108910232526761,True
2019-12,pichincha,Banco Pichincha,B. Pichincha,Pichincha,31/12/2019,Pichincha,31/12/2019,24.91260251483665,27.70869334279525,40.86,1.43,0.214521161156722,True
2020-01,pichincha,Banco Pichincha,B. Pichincha,Pichincha,31/01/2020,Pichincha,31/01/2020,25.39909179010975,26.828256492904394,40.46,1.46,0.0538080667322616,True
2020-02,pichincha,Banco Pichincha,B. Pichincha,Pichincha,28/02/2020,Pichincha,28/02/2020,24.788059860929767,26.89503712232734,40.69,1.48,0.142172034360178,True
2020-03,pichincha,Banco Pichincha,B. Pichincha,Pichincha,31/03/2020,Pichincha,31/03/2020,24.244048133466293,26.531436539469546,40.45,1.7,0.645999987966259,True
2020-04,pichincha,Banco Pichincha,B. Pichincha,Pichincha,30/04/2020,Pichincha,30/04/2020,23.927739565937465,25.599522119204217,41.0,2.49,0.104582684852522,True
2020-05,pichincha,Banco Pichincha,B. Pichincha,Pichincha,29/05/2020,Pichincha,29/05/2020,21.47372557246385,23.5500529715627,39.83,2.28,0.204153570879042,True
2020-06,pichincha,Banco Pichincha,B. Pichincha,Pichincha,30/06/2020,Pichincha,30/06/2020,21.867010240058065,24.597901482613064,38.94,2.29,-0.266096854987984,True
2020-07,pichincha,Banco Pichincha,B. Pichincha,Pichincha,31/07/2020,Pichincha,31/07/2020,22.251221531433348,24.91202650458365,38.45,2.38,0.462688397344215,True
2020-08,pichincha,Banco Pichincha,B. Pichincha,Pichincha,31/08/2020,Pichincha,31/08/2020,22.924070961897744,25.96423669135317,39.19,2.22,-0.110238965197723,True
2020-09,pichincha,Banco Pichincha,B. Pichincha,Pichincha,30/09/2020,Pichincha,30/09/2020,21.959388813529237,26.38193272553889,39.81,2.3,0.136353971354613,True
2020-10,pichincha,Banco Pichincha,B. Pichincha,Pichincha,30/10/2020,Pichincha,30/10/2020,21.972973021335363,25.94006798612341,38.96,2.36,0.0167755516523417,True
2020-11,pichincha,Banco Pichincha,B. Pichincha,Pichincha,30/11/2020,Pichincha,30/11/2020,21.783576843099127,25.449047472735646,39.75,2.14,0.520479581391504,True
2020-12,pichincha,Banco Pichincha,B. Pichincha,Pichincha,31/12/2020,Pichincha,31/12/2020,21.655340722526145,25.405453753441893,40.21,2.11,0.0487327395330378,True
2021-01,pichincha,Banco Pichincha,B. Pichincha,Pichincha,29/01/2021,Pichincha,29/01/2021,21.807037333615508,25.984734083521467,41.33,2.19,0.742901704166242,True
2021-02,pichincha,Banco Pichincha,B. Pichincha,Pichincha,26/02/2021,Pichincha,26/02/2021,21.06358000935854,26.46568640846648,42.04,2.06,-0.125265562868538,True
2021-03,pichincha,Banco Pichincha,B. Pichincha,Pichincha,31/03/2021,Pichincha,31/03/2021,21.418931615809925,26.531235413862102,37.76,1.88,0.839468767410369,True
2021-04,pichincha,Banco Pichincha,B. Pichincha,Pichincha,30/04/2021,Pichincha,30/04/2021,21.966256382401248,28.27054253805287,39.45,1.78,-0.104691802721501,True
2021-05,pichincha,Banco Pichincha,B. Pichincha,Pichincha,31/05/2021,Pichincha,31/05/2021,23.339098455749443,28.85676195632389,35.82,1.72,0.266557522263624,True
2021-06,pichincha,Banco Pichincha,B. Pichincha,Pichincha,30/06/2021,Pichincha,30/06/2021,23.89213210779346,28.34768218630695,30.67,1.54,0.51967163414861,True
2021-07,pichincha,Banco Pichincha,B. Pichincha,Pichincha,30/07/2021,Pichincha,30/07/2021,24.503673982036396,28.386373352903338,30.28,1.5,1.00753906510749,True
2021-08,pichincha,Banco Pichincha,B. Pichincha,Pichincha,31/08/2021,Pichincha,31/08/2021,24.63955895231568,29.18934975433966,28.84,1.42,0.98493531236659,True
2021-09,pichincha,Banco Pichincha,B. Pichincha,Pichincha,30/09/2021,Pichincha,30/09/2021,24.543032431927514,29.869918726659783,28.66,1.26,0.40042251687241,True
2021-10,pichincha,Banco Pichincha,B. Pichincha,Pichincha,29/10/2021,Pichincha,29/10/2021,24.07721834418833,30.857162066767994,31.12,1.21,0.58366506925955,True
2021-11,pichincha,Banco Pichincha,B. Pichincha,Pichincha,30/11/2021,Pichincha,30/11/2021,24.387794129377767,32.41358320351711,35.37,1.12,0.358183580426998,True
2021-12,pichincha,Banco Pichincha,B. Pichincha,Pichincha,31/12/2021,Pichincha,31/12/2021,23.667681772900306,30.924336006823676,35.54,1.3,0.782835268325123,True
2022-01,pichincha,Banco Pichincha,B. Pichincha,Pichincha,31/01/2022,Pichincha,31/01/2022,21.62263170388047,30.539323845100704,35.63,1.43,0.0372679999999974,True
2022-02,pichincha,Banco Pichincha,B. Pichincha,Pichincha,28/02/2022,Pichincha,28/02/2022,21.91809678256661,30.50021862022344,35.05,1.5,0.311455926605271,True
2022-03,pichincha,Banco Pichincha,B. Pichincha,Pichincha,31/03/2022,Pichincha,31/03/2022,21.96850184337216,28.739152897798952,35.74,1.32,1.48265988924236,True
2022-04,pichincha,Banco Pichincha,B. Pichincha,Pichincha,29/04/2022,Pichincha,29/04/2022,23.12167514029532,29.765622870919177,36.15,1.58,0.961893177341858,True
2022-05,pichincha,Banco Pichincha,B. Pichincha,Pichincha,31/05/2022,Pichincha,31/05/2022,22.302850120299052,28.047623617326,37.05,1.89,0.384024966018986,True
2022-06,pichincha,Banco Pichincha,B. Pichincha,Pichincha,30/06/2022,Pichincha,30/06/2022,22.71872373928753,28.586660786870382,38.04,1.71,1.19062710636316,True
2022-07,pichincha,Banco Pichincha,B. Pichincha,Pichincha,27/07/2022,Pichincha,27/07/2022,24.4688463484992,28.085445146987297,38.92,1.67,0.940891085039107,True
2022-08,pichincha,Banco Pichincha,B. Pichincha,Pichincha,31/08/2022,Pichincha,31/08/2022,24.0843319045033,27.82000137903112,39.28,2.36,0.666542107665968,True
2022-09,pichincha,Banco Pichincha,B. Pichincha,Pichincha,30/09/2022,Pichincha,30/09/2022,24.360594223406757,28.799034847058724,39.27,2.33,0.522557852684368,True
2022-10,pichincha,Banco Pichincha,B. Pichincha,Pichincha,31/10/2022,Pichincha,31/10/2022,24.057592421636603,27.907084313681533,39.43,2.15,0.347652348101841,True
2022-11,pichincha,Banco Pichincha,B. Pichincha,Pichincha,30/11/2022,Pichincha,30/11/2022,23.813502319309386,27.22816591626445,39.54,1.96,0.517639656505263,True
2022-12,pichincha,Banco Pichincha,B. Pichincha,Pichincha,30/12/2022,Pichincha,30/12/2022,22.79897967688177,25.147365922725527,40.16,1.97,0.793924170395989,True
2023-01,pichincha,Banco Pichincha,B. Pichincha,Pichincha,31/01/2023,Pichincha,31/01/2023,22.020188626016303,24.61316692813692,40.72,2.82,0.226446521871514,True
2023-02,pichincha,Banco Pichincha,B. Pichincha,Pichincha,28/02/2023,Pichincha,28/02/2023,22.188691103409745,24.36598905134333,40.92,2.92,0.29452251053137,True
2023-03,pichincha,Banco Pichincha,B. Pichincha,Pichincha,31/03/2023,Pichincha,31/03/2023,21.923517803034144,23.75725654997749,40.93,2.71,1.25348677152025,True
2023-04,pichincha,Banco Pichincha,B. Pichincha,Pichincha,28/04/2023,Pichincha,28/04/2023,21.64084741193449,23.86356684730889,40.84,3.93,0.556251880069387,True
2023-05,pichincha,Banco Pichincha,B. Pichincha,Pichincha,31/05/2023,Pichincha,31/05/2023,21.00443902548501,24.091656462601684,40.11,4.41,0.31786146413237,True
2023-06,pichincha,Banco Pichincha,B. Pichincha,Pichincha,30/06/2023,Pichincha,30/06/2023,20.34945980343277,24.05628309404908,38.24,4.1,-0.152769746155551,True
2023-07,pichincha,Banco Pichincha,B. Pichincha,Pichincha,31/07/2023,Pichincha,31/07/2023,19.452805415100958,24.389119133647046,37.69,4.07,0.391066276983018,True
2023-08,pichincha,Banco Pichincha,B. Pichincha,Pichincha,31/08/2023,Pichincha,31/08/2023,19.568402003686508,25.18391174396925,35.96,4.26,0.376132603479856,True
2023-09,pichincha,Banco Pichincha,B. Pichincha,Pichincha,29/09/2023,Pichincha,29/09/2023,19.886717358534764,25.14911042141229,34.07,4.01,0.0164026333286269,True
2023-10,pichincha,Banco Pichincha,B. Pichincha,Pichincha,31/10/2023,Pichincha,31/10/2023,19.665659164007486,25.164764086411623,34.72,4.03,-0.322447443370826,True
2023-11,pichincha,Banco Pichincha,B. Pichincha,Pichincha,30/11/2023,Pichincha,30/11/2023,19.0322663210899,25.788578379081734,35.1,4.08,-0.163060842314584,True
2023-12,pichincha,Banco Pichincha,B. Pichincha,Pichincha,29/12/2023,Pichincha,29/12/2023,18.301644564712745,25.199988511105865,34.87,4.05,0.405777961086682,True
2024-01,pichincha,Banco Pichincha,B. Pichincha,Pichincha,31/01/2024,Pichincha,31/01/2024,19.1956580922046,26.265041462580815,34.57,4.21,0.0192113272793558,True
2024-02,pichincha,Banco Pichincha,B. Pichincha,Pichincha,29/02/2024,Pichincha,29/02/2024,19.128656244224526,26.25351530319439,34.3,4.2,0.557510800936321,True
2024-03,pichincha,Banco Pichincha,B. Pichincha,Pichincha,27/03/2024,Pichincha,27/03/2024,19.720116125265644,26.96871991230216,34.01,4.06,1.00938516188575,True
2024-04,pichincha,Banco Pichincha *,B. Pichincha,Pichincha,30/04/2024,Pichincha,30/04/2024,20.402538389460396,26.776550949985435,33.34,4.09,-0.0516715997229469,True
2024-05,pichincha,Banco Pichincha,B. Pichincha,Pichincha,31/05/2024,Pichincha,31/05/2024,21.11524281504802,27.70922698738158,33.07,4.22,-0.0907064485030323,True
2024-06,pichincha,Banco Pichincha,B. Pichincha,Pichincha,28/06/2024,Pichincha,28/06/2024,22.065270942725355,27.475960308549286,34.2,4.29,0.121741927959431,True
2024-07,pichincha,Banco Pichincha,B. Pichincha,Pichincha,31/07/2024,Pichincha,31/07/2024,21.50918950037725,27.345628419253988,35.07,4.24,0.236268738691571,True
2024-08,pichincha,Banco Pichincha,B. Pichincha,Pichincha,31/08/2024,Pichincha,31/08/2024,21.66643110818006,27.83265037208834,36.51,4.17,0.284170528141876,True
2024-09,pichincha,Banco Pichincha,B. Pichincha,Pichincha,30/09/2024,Pichincha,30/09/2024,21.725730887488293,28.28043701391495,37.32,4.12,-0.237560474773851,True
2024-10,pichincha,Banco Pichincha,B. Pichincha,Pichincha,31/10/2024,Pichincha,31/10/2024,21.097777712227494,29.525333721625056,36.03,4.0,-0.0931035230159262,True
2024-11,pichincha,Banco Pichincha,B. Pichincha,Pichincha,29/11/2024,Pichincha,29/11/2024,20.30224873462917,29.470085223855108,36.44,3.57,0.0941530377317251,True
2024-12,pichincha,Banco Pichincha,B. Pichincha,Pichincha,30/12/2024,Pichincha,30/12/2024,20.117523914309142,29.755991949917,36.62,3.35,0.105667996950954,True
2025-01,pichincha,Banco Pichincha,B. Pichincha,Pichincha,31/01/2025,Pichincha,31/01/2025,19.316233724972804,29.573873755392174,36.01,3.36,-0.0933179134509413,True
2025-02,pichincha,Banco Pichincha,B. Pichincha,Pichincha,28/02/2025,Pichincha,28/02/2025,20.75204505567311,29.830317343967792,38.42,3.4,0.188012094871704,True
2025-03,pichincha,Banco Pichincha,B. Pichincha,Pichincha,31/03/2025,Pichincha,31/03/2025,19.799828318521502,30.35734189743543,39.92,3.4,0.810159321766145,True
2025-04,pichincha,Banco Pichincha,B. Pichincha,Pichincha,30/04/2025,Pichincha,30/04/2025,20.6547352877298,30.25758177709624,40.54,3.3,0.31806633832046,True
2025-05,pichincha,Banco Pichincha,B. Pichincha,Pichincha,30/05/2025,Pichincha,30/05/2025,21.89939594026458,30.05536334811595,40.24,3.35,-0.0564746187563057,True
2025-06,pichincha,Banco Pichincha,B. Pichincha,Pichincha,30/06/2025,Pichincha,30/06/2025,21.862503327939685,31.46706813722429,40.44,3.24,0.128679643778829,True
2025-07,pichincha,Banco Pichincha,B. Pichincha,Pichincha,31/07/2025,Pichincha,31/07/2025,22.592785149496176,32.42754773556037,38.23,3.12,0.231431002364371,True
2025-08,pichincha,Banco Pichincha,B. Pichincha,Pichincha,29/08/2025,Pichincha,29/08/2025,22.621902920788617,31.9955697173035,37.66,3.15,-0.29025398690341,True
2025-09,pichincha,Banco Pichincha,B. Pichincha,Pichincha,30/09/2025,Pichincha,30/09/2025,22.78157704482795,33.04243592194147,39.62,3.12,0.0111517897177685,True
2025-10,pichincha,Banco Pichincha,B. Pichincha,Pichincha,31/10/2025,Pichincha,31/10/2025,22.717693633502435,32.61500780047031,40.19,3.13,-0.0996274056654658,True
2025-11,pichincha,Banco Pichincha,B. Pichincha,Pichincha,28/11/2025,Pichincha,28/11/2025,22.781502361765813,33.406722512238154,40.81,3.15,0.110781919406383,True
2025-12,pichincha,Banco Pichincha,B. Pichincha,Pichincha,31/12/2025,Pichincha,31/12/2025,22.68548269668368,33.58894333589188,44.12,3.24,0.244108583947482,True
2015-11,ripley,Banco Ripley,B. Ripley,Ripley,30/11/2015,Ripley,30/11/2015,0.0,2.548065789962517,54.78,0.75,0.344071735952856,True
2015-12,ripley,Banco Ripley,B. Ripley,Ripley,31/12/2015,Ripley,31/12/2015,0.0,2.3508061278320644,57.05,0.75,0.445721499061671,True
2016-01,ripley,Banco Ripley,B. Ripley,Ripley,29/01/2016,Ripley,29/01/2016,0.0,2.437720837663772,56.75,0.75,0.37252021115541,True
2016-02,ripley,Banco Ripley,B. Ripley,Ripley,29/02/2016,Ripley,29/02/2016,0.0,2.888234310130448,57.02,0.75,0.174091242706681,True
2016-03,ripley,Banco Ripley,B. Ripley,Ripley,31/03/2016,Ripley,31/03/2016,0.0,2.1209850974804296,58.56,0.75,0.598118099213,True
2016-04,ripley,Banco Ripley,B. Ripley,Ripley,29/04/2016,Ripley,29/04/2016,0.0,2.024758921187904,58.41,0.75,0.0114065609758854,True
2016-05,ripley,Banco Ripley,B. Ripley,Ripley,31/05/2016,Ripley,31/05/2016,0.0,1.9718239639739283,59.6,0.75,0.209563738332199,True
2016-06,ripley,Banco Ripley,B. Ripley,Ripley,30/06/2016,Ripley,30/06/2016,0.0,1.9297572468132709,60.08,0.75,0.139508528737671,True
2016-07,ripley,Banco Ripley,B. Ripley,Ripley,27/07/2016,Ripley,27/07/2016,0.0,1.829675680339828,59.72,0.75,0.081747041914584,True
2016-08,ripley,Banco Ripley,B. Ripley,Ripley,31/08/2016,Ripley,31/08/2016,0.0,1.884434443616552,59.5,0.75,0.358285853821853,True
2016-09,ripley,Banco Ripley,B. Ripley,Ripley,30/09/2016,Ripley,30/09/2016,0.0,1.8660505211804603,59.96,0.75,0.206464092392192,True
2016-10,ripley,Banco Ripley,B. Ripley,Ripley,31/10/2016,Ripley,31/10/2016,0.0,1.808608157988667,62.98,0.75,0.413354520523768,True
2016-11,ripley,Banco Ripley,B. Ripley,Ripley,30/11/2016,Ripley,30/11/2016,0.0,1.8498866513921544,64.94,0.75,0.290064059118052,True
2016-12,ripley,Banco Ripley,B. Ripley,Ripley,30/12/2016,Ripley,30/12/2016,0.0,1.616308429131326,67.08,0.75,0.33419524609934,True
2017-01,ripley,Banco Ripley,B. Ripley,Ripley,31/01/2017,Ripley,31/01/2017,0.0,1.641076401951366,66.7,0.75,0.237843060107308,True
2017-02,ripley,Banco Ripley,B. Ripley,Ripley,28/02/2017,Ripley,28/02/2017,0.0,1.7277886554297184,63.25,0.75,0.323171371975582,True
2017-03,ripley,Banco Ripley,B. Ripley,Ripley,31/03/2017,Ripley,31/03/2017,0.0,1.7393992733125463,64.36,0.75,1.30455818519093,True
2017-04,ripley,Banco Ripley,B. Ripley,Ripley,28/04/2017,Ripley,28/04/2017,0.0,1.7289529824932623,63.98,0.76,-0.258053478882145,True
2017-05,ripley,Banco Ripley,B. Ripley,Ripley,31/05/2017,Ripley,31/05/2017,0.0,1.6762273211050969,63.61,0.75,-0.423337988013419,True
2017-06,ripley,Banco Ripley,B. Ripley,Ripley,28/06/2017,Ripley,28/06/2017,0.0,1.5572818771165728,63.89,0.75,-0.159198769026384,True
2017-07,ripley,Banco Ripley,B. Ripley,Ripley,31/07/2017,Ripley,31/07/2017,0.0,1.5383510012717228,64.49,0.76,0.198285823750627,True
2017-08,ripley,Banco Ripley,B. Ripley,Ripley,31/08/2017,Ripley,31/08/2017,0.0,1.478045827812974,64.52,0.76,0.672225629676554,True
2017-09,ripley,Banco Ripley,B. Ripley,Ripley,29/09/2017,Ripley,29/09/2017,0.0,1.4426460276971946,63.96,0.76,-0.0157699757397503,True
2017-10,ripley,Banco Ripley,B. Ripley,Ripley,31/10/2017,Ripley,31/10/2017,0.0,1.4026061186760472,64.96,0.76,-0.469245219484567,True
2017-11,ripley,Banco Ripley,B. Ripley,Ripley,30/11/2017,Ripley,30/11/2017,0.0,1.4679121055954047,65.84,0.76,-0.197237337488294,True
2017-12,ripley,Banco Ripley,B. Ripley,Ripley,29/12/2017,Ripley,29/12/2017,0.0,1.4121120520311456,67.04,0.76,0.156851858043552,True
2018-01,ripley,Banco Ripley,B. Ripley,Ripley,31/01/2018,Ripley,31/01/2018,0.0,1.3689861924488922,67.71,0.76,0.127417107488591,True
2018-02,ripley,Banco Ripley,B. Ripley,Ripley,28/02/2018,Ripley,28/02/2018,0.0,1.4976055490388736,65.7,0.76,0.250220520720826,True
2018-03,ripley,Banco Ripley,B. Ripley,Ripley,28/03/2018,Ripley,28/03/2018,0.0,1.4003950841528507,65.37,0.76,0.487124356837782,True
2018-04,ripley,Banco Ripley,B. Ripley,Ripley,30/04/2018,Ripley,30/04/2018,0.0,1.4496881046492995,64.34,0.76,-0.137073083858309,True
2018-05,ripley,Banco Ripley,B. Ripley,Ripley,31/05/2018,Ripley,31/05/2018,0.0,1.5013339619560404,65.11,0.76,0.0184551804113629,True
2018-06,ripley,Banco Ripley,B. Ripley,Ripley,28/06/2018,Ripley,28/06/2018,0.0,1.436512676890096,65.83,0.76,0.334058214668909,True
2018-07,ripley,Banco Ripley,B. Ripley,Ripley,31/07/2018,Ripley,31/07/2018,0.0,1.405200170210991,65.9,0.76,0.382785985925354,True
2018-08,ripley,Banco Ripley,B. Ripley,Ripley,29/08/2018,Ripley,29/08/2018,0.0,1.4126887495083074,63.69,0.76,0.131767259402052,True
2018-09,ripley,Banco Ripley,B. Ripley,Ripley,28/09/2018,Ripley,28/09/2018,0.0,1.42779115896743,61.96,0.76,0.191681610790045,True
2018-10,ripley,Banco Ripley,B. Ripley,Ripley,31/10/2018,Ripley,31/10/2018,0.0,1.359489283158763,62.94,0.76,0.0816835303769421,True
2018-11,ripley,Banco Ripley,B. Ripley,Ripley,30/11/2018,Ripley,30/11/2018,0.0,1.2965578850096269,63.81,0.75,0.122438003210824,True
2018-12,ripley,Banco Ripley,B. Ripley,Ripley,31/12/2018,Ripley,31/12/2018,0.0,1.3095232571652782,66.38,0.75,0.181777270585084,True
2019-01,ripley,Banco Ripley,B. Ripley,Ripley,31/01/2019,Ripley,31/01/2019,0.0,1.2624367865199648,65.08,0.76,0.0653322898985492,True
2019-02,ripley,Banco Ripley,B. Ripley,Ripley,28/02/2019,Ripley,28/02/2019,0.0,1.254940645324666,63.93,0.76,0.126761453780625,True
2019-03,ripley,Banco Ripley,B. Ripley,Ripley,29/03/2019,Ripley,29/03/2019,0.0,1.199057342168807,64.46,0.73,0.727552259105356,True
2019-04,ripley,Banco Ripley,B. Ripley,Ripley,30/04/2019,Ripley,30/04/2019,0.0,1.0599940699984025,62.12,0.71,0.200080537447719,True
2019-05,ripley,Banco Ripley,B. Ripley,Ripley,31/05/2019,Ripley,31/05/2019,0.0,1.0724871608511406,62.81,0.52,0.14761382269664,True
2019-06,ripley,Banco Ripley,B. Ripley,Ripley,28/06/2019,Ripley,28/06/2019,0.0,1.1153480711479773,63.94,0.19,-0.0862718704256484,True
2019-07,ripley,Banco Ripley,B. Ripley,Ripley,31/07/2019,Ripley,31/07/2019,0.0,1.0690398429141323,64.29,0.17,0.203336703292959,True
2019-08,ripley,Banco Ripley,B. Ripley,Ripley,28/08/2019,Ripley,28/08/2019,0.0,1.0960424825737676,63.24,0.17,0.0609772736582818,True
2019-09,ripley,Banco Ripley,B. Ripley,Ripley,30/09/2019,Ripley,30/09/2019,0.0,1.0742908394441122,62.67,0.17,0.0063829985801787,True
2019-10,ripley,Banco Ripley,B. Ripley,Ripley,30/10/2019,Ripley,30/10/2019,0.0,1.191765622296761,63.62,0.16,0.110725430948253,True
2019-11,ripley,Banco Ripley,B. Ripley,Ripley,29/11/2019,Ripley,29/11/2019,0.0,1.1992522217669248,61.1,0.16,0.108910232526761,True
2019-12,ripley,Banco Ripley,B. Ripley,Ripley,31/12/2019,Ripley,31/12/2019,0.0,1.0583559108898668,62.85,0.17,0.214521161156722,True
2020-01,ripley,Banco Ripley,B. Ripley,Ripley,31/01/2020,Ripley,31/01/2020,0.0,1.075031915122985,63.06,0.17,0.0538080667322616,True
2020-02,ripley,Banco Ripley,B. Ripley,Ripley,28/02/2020,Ripley,28/02/2020,0.0,1.0719128416654125,61.97,0.17,0.142172034360178,True
2020-03,ripley,Banco Ripley,B. Ripley,Ripley,31/03/2020,Ripley,31/03/2020,0.0,1.0600138873666674,60.62,0.16,0.645999987966259,True
2020-04,ripley,Banco Ripley,B. Ripley,Ripley,30/04/2020,Ripley,30/04/2020,0.0,1.1164004485780967,55.22,0.15,0.104582684852522,True
2020-05,ripley,Banco Ripley,B. Ripley,Ripley,29/05/2020,Ripley,29/05/2020,0.0,1.1183141348024424,63.38,0.15,0.204153570879042,True
2020-06,ripley,Banco Ripley,B. Ripley,Ripley,30/06/2020,Ripley,30/06/2020,0.0,1.1002214750970696,59.23,0.16,-0.266096854987984,True
2020-07,ripley,Banco Ripley,B. Ripley,Ripley,31/07/2020,Ripley,31/07/2020,0.0,1.0915464024559518,60.04,0.35,0.462688397344215,True
2020-08,ripley,Banco Ripley,B. Ripley,Ripley,31/08/2020,Ripley,31/08/2020,0.0,1.0221100065033688,56.45,0.37,-0.110238965197723,True
2020-09,ripley,Banco Ripley,B. Ripley,Ripley,30/09/2020,Ripley,30/09/2020,0.0,1.029002473703898,53.48,0.53,0.136353971354613,True
2020-10,ripley,Banco Ripley,B. Ripley,Ripley,30/10/2020,Ripley,30/10/2020,0.0,1.3947632441259885,50.97,0.55,0.0167755516523417,True
2020-11,ripley,Banco Ripley,B. Ripley,Ripley,30/11/2020,Ripley,30/11/2020,0.0,0.9807453898687212,53.52,0.37,0.520479581391504,True
2020-12,ripley,Banco Ripley,B. Ripley,Ripley,31/12/2020,Ripley,31/12/2020,0.0,0.9745384736723206,57.37,0.61,0.0487327395330378,True
2021-01,ripley,Banco Ripley,B. Ripley,Ripley,29/01/2021,Ripley,29/01/2021,0.0,0.9488692248935992,58.13,0.67,0.742901704166242,True
2021-02,ripley,Banco Ripley,B. Ripley,Ripley,26/02/2021,Ripley,26/02/2021,0.0,1.0022145144284338,57.35,0.53,-0.125265562868538,True
2021-03,ripley,Banco Ripley,B. Ripley,Ripley,31/03/2021,Ripley,31/03/2021,0.0,1.012484251585953,57.76,0.48,0.839468767410369,True
2021-04,ripley,Banco Ripley,B. Ripley,Ripley,30/04/2021,Ripley,30/04/2021,0.0,1.0144778592123456,56.38,0.89,-0.104691802721501,True
2021-05,ripley,Banco Ripley,B. Ripley,Ripley,31/05/2021,Ripley,31/05/2021,0.0,0.93949200138776,55.41,0.64,0.266557522263624,True
2021-06,ripley,Banco Ripley,B. Ripley,Ripley,30/06/2021,Ripley,30/06/2021,0.0,0.9120545029011664,56.23,0.23,0.51967163414861,True
2021-07,ripley,Banco Ripley,B. Ripley,Ripley,30/07/2021,Ripley,30/07/2021,0.0,0.9452519270772676,57.92,0.27,1.00753906510749,True
2021-08,ripley,Banco Ripley,B. Ripley,Ripley,31/08/2021,Ripley,31/08/2021,0.0,0.929239088922783,57.45,0.58,0.98493531236659,True
2021-09,ripley,Banco Ripley,B. Ripley,Ripley,30/09/2021,Ripley,30/09/2021,0.0,0.893929931395189,55.52,0.38,0.40042251687241,True
2021-10,ripley,Banco Ripley,B. Ripley,Ripley,29/10/2021,Ripley,29/10/2021,0.0,0.8963870877341441,55.82,0.29,0.58366506925955,True
2021-11,ripley,Banco Ripley,B. Ripley,Ripley,30/11/2021,Ripley,30/11/2021,0.0,0.8941477183077045,59.27,0.26,0.358183580426998,True
2021-12,ripley,Banco Ripley,B. Ripley,Ripley,31/12/2021,Ripley,31/12/2021,0.0,0.6854855667844648,61.2,0.26,0.782835268325123,True
2022-01,ripley,Banco Ripley,B. Ripley,Ripley,31/01/2022,Ripley,31/01/2022,0.0,0.6367526268375399,57.55,0.18,0.0372679999999974,True
2022-02,ripley,Banco Ripley,B. Ripley,Ripley,28/02/2022,Ripley,28/02/2022,0.0,0.6454276736342214,55.9,0.11,0.311455926605271,True
2022-03,ripley,Banco Ripley,B. Ripley,Ripley,31/03/2022,Ripley,31/03/2022,0.0,0.6633641504965464,57.94,0.08,1.48265988924236,True
2022-04,ripley,Banco Ripley,B. Ripley,Ripley,29/04/2022,Ripley,29/04/2022,0.0,0.7275426088508983,62.31,0.09,0.961893177341858,True
2022-05,ripley,Banco Ripley,B. Ripley,Ripley,31/05/2022,Ripley,31/05/2022,0.0,0.7319297075129793,65.74,0.15,0.384024966018986,True
2022-06,ripley,Banco Ripley,B. Ripley,Ripley,30/06/2022,Ripley,30/06/2022,0.0,0.7487533994287736,68.04,0.16,1.19062710636316,True
2022-07,ripley,Banco Ripley,B. Ripley,Ripley,27/07/2022,Ripley,27/07/2022,0.0,0.7146961468745122,68.38,0.12,0.940891085039107,True
2022-08,ripley,Banco Ripley,B. Ripley,Ripley,31/08/2022,Ripley,31/08/2022,0.0,0.7150352178244468,68.97,0.11,0.666542107665968,True
2022-09,ripley,Banco Ripley,B. Ripley,Ripley,30/09/2022,Ripley,30/09/2022,0.0,0.7118277458922804,67.38,0.24,0.522557852684368,True
2022-10,ripley,Banco Ripley,B. Ripley,Ripley,31/10/2022,Ripley,31/10/2022,0.0,0.677338058360687,63.54,0.17,0.347652348101841,True
2022-11,ripley,Banco Ripley,B. Ripley,Ripley,30/11/2022,Ripley,30/11/2022,0.0,0.6374827535841951,64.74,0.16,0.517639656505263,True
2022-12,ripley,Banco Ripley,B. Ripley,Ripley,30/12/2022,Ripley,30/12/2022,0.0,0.654370173541378,68.18,0.22,0.793924170395989,True
2023-01,ripley,Banco Ripley,B. Ripley,Ripley,31/01/2023,Ripley,31/01/2023,0.0,0.6360802631363275,68.22,0.11,0.226446521871514,True
2023-02,ripley,Banco Ripley,B. Ripley,Ripley,28/02/2023,Ripley,28/02/2023,0.0,0.6706675184126522,68.24,0.12,0.29452251053137,True
2023-03,ripley,Banco Ripley,B. Ripley,Ripley,31/03/2023,Ripley,31/03/2023,0.0,0.592295172249956,69.37,0.21,1.25348677152025,True
2023-04,ripley,Banco Ripley,B. Ripley,Ripley,28/04/2023,Ripley,28/04/2023,0.0,0.5944807884071316,69.27,0.21,0.556251880069387,True
2023-05,ripley,Banco Ripley,B. Ripley,Ripley,31/05/2023,Ripley,31/05/2023,0.0,0.6961405522132982,70.6,0.26,0.31786146413237,True
2023-06,ripley,Banco Ripley,B. Ripley,Ripley,30/06/2023,Ripley,30/06/2023,0.0,0.6227360304315614,71.75,0.37,-0.152769746155551,True
2023-07,ripley,Banco Ripley,B. Ripley,Ripley,31/07/2023,Ripley,31/07/2023,0.0,0.6108547401694013,77.45,0.4,0.391066276983018,True
2023-08,ripley,Banco Ripley,B. Ripley,Ripley,31/08/2023,Ripley,31/08/2023,0.0,0.5980812997336266,78.25,0.36,0.376132603479856,True
2023-09,ripley,Banco Ripley,B. Ripley,Ripley,29/09/2023,Ripley,29/09/2023,0.0,0.5908821072247225,78.12,0.31,0.0164026333286269,True
2023-10,ripley,Banco Ripley,B. Ripley,Ripley,31/10/2023,Ripley,31/10/2023,0.0,0.6134534732297394,78.94,0.35,-0.322447443370826,True
2023-11,ripley,Banco Ripley,B. Ripley,Ripley,30/11/2023,Ripley,30/11/2023,0.0,0.5435266517407112,79.93,0.29,-0.163060842314584,True
2023-12,ripley,Banco Ripley,B. Ripley,Ripley,29/12/2023,Ripley,29/12/2023,0.0,0.5051642718085325,82.74,0.11,0.405777961086682,True
2024-01,ripley,Banco Ripley,B. Ripley,Ripley,31/01/2024,Ripley,31/01/2024,0.0,0.5325961911815875,85.07,0.09,0.0192113272793558,True
2024-02,ripley,Banco Ripley,B. Ripley,Ripley,29/02/2024,Ripley,29/02/2024,0.0,0.5301857704283858,82.64,0.14,0.557510800936321,True
2024-03,ripley,Banco Ripley,B. Ripley,Ripley,27/03/2024,Ripley,27/03/2024,0.0,0.4824710304873798,83.39,0.17,1.00938516188575,True
2024-04,ripley,Banco Ripley,B. Ripley,Ripley,30/04/2024,Ripley,30/04/2024,0.0,0.4943148754953762,84.01,0.22,-0.0516715997229469,True
2024-05,ripley,Banco Ripley,B. Ripley,Ripley,31/05/2024,Ripley,31/05/2024,0.0,0.5400946674979428,83.82,0.16,-0.0907064485030323,True
2024-06,ripley,Banco Ripley,B. Ripley,Ripley,28/06/2024,Ripley,28/06/2024,0.0,0.5182569097284457,86.91,0.13,0.121741927959431,True
2024-07,ripley,Banco Ripley,B. Ripley,Ripley,31/07/2024,Ripley,31/07/2024,0.0,0.4976163431019912,89.68,0.09,0.236268738691571,True
2024-08,ripley,Banco Ripley,B. Ripley,Ripley,31/08/2024,Ripley,31/08/2024,0.0,0.4793939292416397,88.19,0.08,0.284170528141876,True
2024-09,ripley,Banco Ripley,B. Ripley,Ripley,30/09/2024,Ripley,30/09/2024,0.0,0.4782002501492968,84.61,0.09,-0.237560474773851,True
2024-10,ripley,Banco Ripley,B. Ripley,Ripley,31/10/2024,Ripley,31/10/2024,0.0,0.4533036901914163,83.39,0.1,-0.0931035230159262,True
2024-11,ripley,Banco Ripley,B. Ripley,Ripley,29/11/2024,Ripley,29/11/2024,0.0,0.4785015661318121,84.31,0.09,0.0941530377317251,True
2024-12,ripley,Banco Ripley,B. Ripley,Ripley,30/12/2024,Ripley,30/12/2024,0.0,0.4210234474356246,85.95,0.07,0.105667996950954,True
2025-01,ripley,Banco Ripley,B. Ripley,Ripley,31/01/2025,Ripley,31/01/2025,0.0,0.4055884238709806,83.54,0.07,-0.0933179134509413,True
2025-02,ripley,Banco Ripley,B. Ripley,Ripley,28/02/2025,Ripley,28/02/2025,0.0,0.3961828041500427,80.0,0.08,0.188012094871704,True
2025-03,ripley,Banco Ripley,B. Ripley,Ripley,31/03/2025,Ripley,31/03/2025,0.0,0.4146499681599879,79.89,0.09,0.810159321766145,True
2025-04,ripley,Banco Ripley,B. Ripley,Ripley,30/04/2025,Ripley,30/04/2025,0.0,0.3997440645673313,80.66,0.11,0.31806633832046,True
2025-05,ripley,Banco Ripley,B. Ripley,Ripley,30/05/2025,Ripley,30/05/2025,0.0,0.4298923617349633,79.84,0.14,-0.0564746187563057,True
2025-06,ripley,Banco Ripley,B. Ripley,Ripley,30/06/2025,Ripley,30/06/2025,0.0,0.4095622640291638,80.08,0.14,0.128679643778829,True
2025-07,ripley,Banco Ripley,B. Ripley,Ripley,31/07/2025,Ripley,31/07/2025,0.0,0.4032674211122414,82.14,0.28,0.231431002364371,True
2025-08,ripley,Banco Ripley,B. Ripley,Ripley,29/08/2025,Ripley,29/08/2025,0.0,0.3855631564093442,80.4,0.5,-0.29025398690341,True
2025-09,ripley,Banco Ripley,B. Ripley,Ripley,30/09/2025,Ripley,30/09/2025,0.0,0.3854219926678948,78.65,0.44,0.0111517897177685,True
2025-10,ripley,Banco Ripley,B. Ripley,Ripley,31/10/2025,Ripley,31/10/2025,0.0,0.3754533936448908,80.03,0.33,-0.0996274056654658,True
2025-11,ripley,Banco Ripley,B. Ripley,Ripley,28/11/2025,Ripley,28/11/2025,0.0,0.4171275276830722,81.82,0.52,0.110781919406383,True
2025-12,ripley,Banco Ripley,B. Ripley,Ripley,31/12/2025,Ripley,31/12/2025,0.0,0.3814785384819881,85.96,0.41,0.244108583947482,True
2025-06,santander_consumer,Santander Consumer Bank*,Santander Consumer Bank*,Santander Cons. Bank,30/06/2025,Santander Cons. Bank,30/06/2025,0.0068467068113327,4.477141231136716,45.24,0.22,0.128679643778829,True
2025-07,santander_consumer,Santander Consumer Bank*,Santander Consumer Bank*,Santander Cons. Bank,31/07/2025,Santander Cons. Bank,31/07/2025,0.0065812488731301,4.475975589957824,45.78,0.4,0.231431002364371,True
2025-08,santander_consumer,Santander Consumer Bank*,Santander Consumer Bank*,Santander Cons. Bank,29/08/2025,Santander Cons. Bank,29/08/2025,0.0060382211711156,4.456490004781523,45.83,0.52,-0.29025398690341,True
2025-09,santander_consumer,Santander Consumer Bank,Santander Consumer Bank,Santander Cons. Bank,30/09/2025,Santander Cons. Bank,30/09/2025,0.0055293541718245,4.368348816375918,45.47,0.63,0.0111517897177685,True
2025-10,santander_consumer,Santander Consumer Bank,Santander Consumer Bank,Santander Cons. Bank,31/10/2025,Santander Cons. Bank,31/10/2025,0.005031249382152,4.579275888488271,45.96,0.61,-0.0996274056654658,True
2025-11,santander_consumer,Santander Consumer Bank,Santander Consumer Bank,Santander Cons. Bank,28/11/2025,Santander Cons. Bank,28/11/2025,0.0046826816109698,5.383346708090288,45.83,0.51,0.110781919406383,True
2025-12,santander_consumer,Santander Consumer Bank,Santander Consumer Bank,Santander Cons. Bank,31/12/2025,Santander Cons. Bank,31/12/2025,0.0042530334263906,5.792690507426334,46.81,0.46,0.244108583947482,True
2015-11,santander_peru,Santander Perú S.A.,B. Santander Perú,Santander,30/11/2015,Santander,30/11/2015,50.79700875545856,77.3156945629837,,0.5,0.344071735952856,False
2015-12,santander_peru,Santander Perú S.A.,B. Santander Perú,Santander,31/12/2015,Santander,31/12/2015,49.64492243790846,81.36113308963591,,0.5,0.445721499061671,False
2016-01,santander_peru,Santander Perú S.A.,B. Santander Perú,Santander,29/01/2016,Santander,29/01/2016,49.9813495485775,82.92673587129549,,0.5,0.37252021115541,False
2016-02,santander_peru,Santander Perú S.A.,B. Santander Perú,Santander,29/02/2016,Santander,29/02/2016,50.07822560789212,85.28373625875984,,0.5,0.174091242706681,False
2016-03,santander_peru,Santander Perú S.A.,B. Santander Perú,Santander,31/03/2016,Santander,31/03/2016,47.948615392489046,81.3272616028143,,0.5,0.598118099213,False
2016-04,santander_peru,Santander Perú S.A.,B. Santander Perú,Santander,29/04/2016,Santander,29/04/2016,44.74412767359605,80.90971322913299,,0.5,0.0114065609758854,False
2016-05,santander_peru,Santander Perú S.A.,B. Santander Perú,Santander,31/05/2016,Santander,31/05/2016,45.4716336773332,75.85657357052634,,0.5,0.209563738332199,False
2016-06,santander_peru,Santander Perú S.A.,B. Santander Perú,Santander,30/06/2016,Santander,30/06/2016,43.70121827807001,72.61361304964119,,0.5,0.139508528737671,False
2016-07,santander_peru,Santander Perú S.A.,B. Santander Perú,Santander,27/07/2016,Santander,27/07/2016,45.55108925213477,76.8130553141276,,0.5,0.081747041914584,False
2016-08,santander_peru,Santander Perú S.A.,B. Santander Perú,Santander,31/08/2016,Santander,31/08/2016,45.54164867945035,74.32580251538519,,0.5,0.358285853821853,False
2016-09,santander_peru,Santander Perú S.A.,B. Santander Perú,Santander,30/09/2016,Santander,30/09/2016,42.67686484297419,74.00528184079818,,0.5,0.206464092392192,False
2016-10,santander_peru,Santander Perú S.A.,B. Santander Perú,Santander,31/10/2016,Santander,31/10/2016,41.44069881325992,77.70602434742543,,0.5,0.413354520523768,False
2016-11,santander_peru,Santander Perú S.A.,B. Santander Perú,Santander,30/11/2016,Santander,30/11/2016,40.45685507899351,78.49151835997436,,0.5,0.290064059118052,False
2016-12,santander_peru,Santander Perú S.A.,B. Santander Perú,Santander,30/12/2016,Santander,30/12/2016,42.08990380554231,80.40223191027694,,0.5,0.33419524609934,False
2017-01,santander_peru,Santander Perú S.A.,B. Santander Perú,Santander,31/01/2017,Santander,31/01/2017,40.8143904168025,77.50081999514069,,0.5,0.237843060107308,False
2017-02,santander_peru,Santander Perú S.A.,B. Santander Perú,Santander,28/02/2017,Santander,28/02/2017,40.6264896972399,77.34175833237884,,,0.323171371975582,False
2017-03,santander_peru,Santander Perú S.A.,B. Santander Perú,Santander,31/03/2017,Santander,31/03/2017,45.52973279596293,77.00663592357948,,0.5,1.30455818519093,False
2017-04,santander_peru,Santander Perú S.A.,B. Santander Perú,Santander,28/04/2017,Santander,28/04/2017,47.132086252493046,78.25512561814634,,0.5,-0.258053478882145,False
2017-05,santander_peru,Santander Perú S.A.,B. Santander Perú,Santander,31/05/2017,Santander,31/05/2017,47.62835401563612,76.84647496778089,,0.5,-0.423337988013419,False
2017-06,santander_peru,Santander Perú S.A.,B. Santander Perú,Santander,28/06/2017,Santander,28/06/2017,48.65315455961806,74.15287946610226,,,-0.159198769026384,False
2017-07,santander_peru,Santander Perú S.A.,B. Santander Perú,Santander,31/07/2017,Santander,31/07/2017,47.33895978788819,76.2268256108647,,0.5,0.198285823750627,False
2017-08,santander_peru,Santander Perú S.A.,B. Santander Perú,Santander,31/08/2017,Santander,31/08/2017,48.4899729055511,73.92446651741128,,0.5,0.672225629676554,False
2017-09,santander_peru,Santander Perú S.A.,B. Santander Perú,Santander,29/09/2017,Santander,29/09/2017,48.89980512449837,71.19819758781529,,0.5,-0.0157699757397503,False
2017-10,santander_peru,Santander Perú S.A.,B. Santander Perú,Santander,31/10/2017,Santander,31/10/2017,49.363313082869496,67.96653329210042,,0.5,-0.469245219484567,False
2017-11,santander_peru,Santander Perú S.A.,B. Santander Perú,Santander,30/11/2017,Santander,30/11/2017,50.20900204645314,66.59048439449204,,0.5,-0.197237337488294,False
2017-12,santander_peru,Santander Perú S.A.,B. Santander Perú,Santander,29/12/2017,Santander,29/12/2017,50.612276223588125,66.5591052802192,,,0.156851858043552,False
2018-01,santander_peru,Santander Perú S.A.,B. Santander Perú,Santander,31/01/2018,Santander,31/01/2018,49.17523065072565,63.78144695810073,,0.5,0.127417107488591,False
2018-02,santander_peru,Santander Perú S.A.,B. Santander Perú,Santander,28/02/2018,Santander,28/02/2018,48.08556437047585,61.66250187732388,,0.5,0.250220520720826,False
2018-03,santander_peru,Santander Perú S.A.,B. Santander Perú,Santander,28/03/2018,Santander,28/03/2018,48.61574063252719,66.20753671543255,,0.5,0.487124356837782,False
2018-04,santander_peru,Santander Perú S.A.,B. Santander Perú,Santander,30/04/2018,Santander,30/04/2018,50.40330539630676,63.04830219343637,,,-0.137073083858309,False
2018-05,santander_peru,Santander Perú S.A.,B. Santander Perú,Santander,31/05/2018,Santander,31/05/2018,50.60536427974556,60.84654953093469,,0.5,0.0184551804113629,False
2018-06,santander_peru,Santander Perú S.A.,B. Santander Perú,Santander,28/06/2018,Santander,28/06/2018,52.13419312260969,58.64933891171833,,0.5,0.334058214668909,False
2018-07,santander_peru,Santander Perú S.A.,B. Santander Perú,Santander,31/07/2018,Santander,31/07/2018,50.87485250241065,67.2852904886506,,0.5,0.382785985925354,False
2018-08,santander_peru,Santander Perú S.A.,B. Santander Perú,Santander,29/08/2018,Santander,29/08/2018,52.05119286304295,65.4832218344542,,0.5,0.131767259402052,False
2018-09,santander_peru,Santander Perú S.A.,B. Santander Perú,Santander,28/09/2018,Santander,28/09/2018,52.12226699397902,65.69296640999845,,,0.191681610790045,False
2018-10,santander_peru,Santander Perú S.A.,B. Santander Perú,Santander,31/10/2018,Santander,31/10/2018,52.06346889627152,64.37454800984584,,0.5,0.0816835303769421,False
2018-11,santander_peru,Santander Perú S.A.,B. Santander Perú,Santander,30/11/2018,Santander,30/11/2018,53.60061248594808,66.79071919778217,,0.5,0.122438003210824,False
2018-12,santander_peru,Santander Perú S.A.,B. Santander Perú,Santander,31/12/2018,Santander,31/12/2018,54.41189423906596,71.1315576178015,,0.5,0.181777270585084,False
2019-01,santander_peru,Santander Perú S.A.,B. Santander Perú,Santander,31/01/2019,Santander,31/01/2019,54.633275025544535,65.2679909075816,,0.5,0.0653322898985492,False
2019-02,santander_peru,Santander Perú S.A.,B. Santander Perú,Santander,28/02/2019,Santander,28/02/2019,55.63308712437532,69.9094546689611,,2.66,0.126761453780625,False
2019-03,santander_peru,Santander Perú S.A.,B. Santander Perú,Santander,29/03/2019,Santander,29/03/2019,56.83142557975519,72.89147585400488,,2.68,0.727552259105356,False
2019-04,santander_peru,Santander Perú S.A.,B. Santander Perú,Santander,30/04/2019,Santander,30/04/2019,57.07505984277312,70.04723075836192,,2.47,0.200080537447719,False
2019-05,santander_peru,Santander Perú S.A.,B. Santander Perú,Santander,31/05/2019,Santander,31/05/2019,57.11417384526963,73.38561550229538,,2.68,0.14761382269664,False
2019-06,santander_peru,Santander Perú S.A.,B. Santander Perú,Santander,28/06/2019,Santander,28/06/2019,56.89028716440843,72.9013823784938,,2.74,-0.0862718704256484,False
2019-07,santander_peru,Santander Perú S.A.,B. Santander Perú,Santander,31/07/2019,Santander,31/07/2019,58.41951730755789,69.54226951058044,,2.53,0.203336703292959,False
2019-08,santander_peru,Santander Perú S.A.,B. Santander Perú,Santander,28/08/2019,Santander,28/08/2019,61.841644490879744,71.8284223719829,,2.54,0.0609772736582818,False
2019-09,santander_peru,Santander Perú S.A.,B. Santander Perú,Santander,30/09/2019,Santander,30/09/2019,59.44972588758661,70.7188354028867,,2.52,0.0063829985801787,False
2019-10,santander_peru,Santander Perú S.A.,B. Santander Perú,Santander,30/10/2019,Santander,30/10/2019,58.91110186553733,77.9593923437814,,2.31,0.110725430948253,False
2019-11,santander_peru,Santander Perú S.A.,B. Santander Perú,Santander,29/11/2019,Santander,29/11/2019,57.51744661179988,76.82477940651037,,2.2,0.108910232526761,False
2019-12,santander_peru,Santander Perú S.A.,B. Santander Perú,Santander,31/12/2019,Santander,31/12/2019,55.70233520882245,69.62654625487049,,1.93,0.214521161156722,False
2020-01,santander_peru,Santander Perú S.A.,B. Santander Perú,Santander,31/01/2020,Santander,31/01/2020,57.47926178636499,72.02002552220425,,1.87,0.0538080667322616,False
2020-02,santander_peru,Santander Perú S.A.,B. Santander Perú,Santander,28/02/2020,Santander,28/02/2020,57.11719778443148,68.83709173218693,,1.9,0.142172034360178,False
2020-03,santander_peru,Santander Perú S.A.,B. Santander Perú,Santander,31/03/2020,Santander,31/03/2020,54.47998007296053,75.22584893154213,,1.75,0.645999987966259,False
2020-04,santander_peru,Santander Perú S.A.,B. Santander Perú,Santander,30/04/2020,Santander,30/04/2020,53.08895913872874,67.54561457515449,,1.75,0.104582684852522,False
2020-05,santander_peru,Santander Perú S.A.,B. Santander Perú,Santander,29/05/2020,Santander,29/05/2020,51.84454325142512,63.36037512234848,,1.75,0.204153570879042,False
2020-06,santander_peru,Santander Perú S.A.,B. Santander Perú,Santander,30/06/2020,Santander,30/06/2020,53.37164528842725,66.27160553699312,,0.5,-0.266096854987984,False
2020-07,santander_peru,Santander Perú S.A.,B. Santander Perú,Santander,31/07/2020,Santander,31/07/2020,52.4311620159254,64.29937614246168,,0.38,0.462688397344215,False
2020-08,santander_peru,Santander Perú S.A.,B. Santander Perú,Santander,31/08/2020,Santander,31/08/2020,51.90625874719406,63.19144992093836,,0.35,-0.110238965197723,False
2020-09,santander_peru,Santander Perú S.A.,B. Santander Perú,Santander,30/09/2020,Santander,30/09/2020,52.32013321922418,59.76165701391034,,0.17,0.136353971354613,False
2020-10,santander_peru,Santander Perú S.A.,B. Santander Perú,Santander,30/10/2020,Santander,30/10/2020,55.10355166582968,62.47173464579523,,0.15,0.0167755516523417,False
2020-11,santander_peru,Santander Perú S.A.,B. Santander Perú,Santander,30/11/2020,Santander,30/11/2020,54.955858090529794,65.58623950679959,,0.15,0.520479581391504,False
2020-12,santander_peru,Santander Perú S.A.,B. Santander Perú,Santander,31/12/2020,Santander,31/12/2020,53.0712434711899,65.62170967542322,,0.14,0.0487327395330378,False
2021-01,santander_peru,Santander Perú S.A.,B. Santander Perú,Santander,29/01/2021,Santander,29/01/2021,52.22928890804527,68.35076302042084,,0.1,0.742901704166242,False
2021-02,santander_peru,Santander Perú S.A.,B. Santander Perú,Santander,26/02/2021,Santander,26/02/2021,51.35385719180592,66.22866591736741,,,-0.125265562868538,False
2021-03,santander_peru,Santander Perú S.A.,B. Santander Perú,Santander,31/03/2021,Santander,31/03/2021,54.25097653755717,66.56940503095649,,,0.839468767410369,False
2021-04,santander_peru,Santander Perú S.A.,B. Santander Perú,Santander,30/04/2021,Santander,30/04/2021,54.626148735321166,72.12072698968423,,,-0.104691802721501,False
2021-05,santander_peru,Santander Perú S.A.,B. Santander Perú,Santander,31/05/2021,Santander,31/05/2021,54.56378596700732,67.27993609200882,,,0.266557522263624,False
2021-06,santander_peru,Santander Perú S.A.,B. Santander Perú,Santander,30/06/2021,Santander,30/06/2021,55.92428878844533,57.9840905486624,,,0.51967163414861,False
2021-07,santander_peru,Santander Perú S.A.,B. Santander Perú,Santander,30/07/2021,Santander,30/07/2021,57.5607620858426,60.3996179444278,,,1.00753906510749,False
2021-08,santander_peru,Santander Perú S.A.,B. Santander Perú,Santander,31/08/2021,Santander,31/08/2021,57.87756825733648,64.39698386529432,,0.1,0.98493531236659,False
2021-09,santander_peru,Santander Perú S.A.,B. Santander Perú,Santander,30/09/2021,Santander,30/09/2021,55.076336002800296,68.26030670000677,,0.1,0.40042251687241,False
2021-10,santander_peru,Santander Perú S.A.,B. Santander Perú,Santander,29/10/2021,Santander,29/10/2021,53.60916081587802,68.3612112895144,,,0.58366506925955,False
2021-11,santander_peru,Santander Perú S.A.,B. Santander Perú,Santander,30/11/2021,Santander,30/11/2021,54.04563540175226,67.29183183823775,,,0.358183580426998,False
2021-12,santander_peru,Santander Perú S.A.,B. Santander Perú,Santander,31/12/2021,Santander,31/12/2021,51.27407851503442,65.35220005128312,,,0.782835268325123,False
2022-01,santander_peru,Santander Perú S.A.,B. Santander Perú,Santander,31/01/2022,Santander,31/01/2022,51.25133469213912,66.66595426924428,,,0.0372679999999974,False
2022-02,santander_peru,Santander Perú S.A.,B. Santander Perú,Santander,28/02/2022,Santander,28/02/2022,49.04735926729384,70.94064085099959,,,0.311455926605271,False
2022-03,santander_peru,Santander Perú S.A.,B. Santander Perú,Santander,31/03/2022,Santander,31/03/2022,49.336701726431485,68.50749080303163,,,1.48265988924236,False
2022-04,santander_peru,Santander Perú S.A.,B. Santander Perú,Santander,29/04/2022,Santander,29/04/2022,52.39788750589256,70.28620135197579,,,0.961893177341858,False
2022-05,santander_peru,Santander Perú S.A.,B. Santander Perú,Santander,31/05/2022,Santander,31/05/2022,53.43519183851444,71.65901417499825,,,0.384024966018986,False
2022-06,santander_peru,Santander Perú S.A.,B. Santander Perú,Santander,30/06/2022,Santander,30/06/2022,56.989016197166144,67.45227975708009,,,1.19062710636316,False
2022-07,santander_peru,Santander Perú S.A.,B. Santander Perú,Santander,27/07/2022,Santander,27/07/2022,58.6303826566674,68.73639592596889,,,0.940891085039107,False
2022-08,santander_peru,Santander Perú S.A.,B. Santander Perú,Santander,31/08/2022,Santander,31/08/2022,60.60334718613933,75.07990314180985,,0.3,0.666542107665968,False
2022-09,santander_peru,Santander Perú S.A.,B. Santander Perú,Santander,30/09/2022,Santander,30/09/2022,62.50476678666328,74.47199173338113,,0.32,0.522557852684368,False
2022-10,santander_peru,Santander Perú S.A.,B. Santander Perú,Santander,31/10/2022,Santander,31/10/2022,62.41850625459452,73.56553837207152,,0.35,0.347652348101841,False
2022-11,santander_peru,Santander Perú S.A.,B. Santander Perú,Santander,30/11/2022,Santander,30/11/2022,60.82779914280727,71.55456707373071,,,0.517639656505263,False
2022-12,santander_peru,Santander Perú S.A.,B. Santander Perú,Santander,30/12/2022,Santander,30/12/2022,60.7308270177594,75.38201791560901,,,0.793924170395989,False
2023-01,santander_peru,Santander Perú S.A.,B. Santander Perú,Santander,31/01/2023,Santander,31/01/2023,62.85309747859964,72.35737416765676,,,0.226446521871514,False
2023-02,santander_peru,Santander Perú S.A.,B. Santander Perú,Santander,28/02/2023,Santander,28/02/2023,61.87619952797904,72.3531667992993,,,0.29452251053137,False
2023-03,santander_peru,Santander Perú S.A.,B. Santander Perú,Santander,31/03/2023,Santander,31/03/2023,63.7838170647729,70.7342012774651,,,1.25348677152025,False
2023-04,santander_peru,Santander Perú S.A.,B. Santander Perú,Santander,28/04/2023,Santander,28/04/2023,63.69240443151727,73.31283376772654,,,0.556251880069387,False
2023-05,santander_peru,Santander Perú S.A.,B. Santander Perú,Santander,31/05/2023,Santander,31/05/2023,63.86133147959876,71.19129684930753,,,0.31786146413237,False
2023-06,santander_peru,Santander Perú S.A.,B. Santander Perú,Santander,30/06/2023,Santander,30/06/2023,64.07176756464804,71.92704360665151,,,-0.152769746155551,False
2023-07,santander_peru,Santander Perú S.A.,B. Santander Perú,Santander,31/07/2023,Santander,31/07/2023,64.42047768133968,73.13156882093574,,,0.391066276983018,False
2023-08,santander_peru,Santander Perú S.A.,B. Santander Perú,Santander,31/08/2023,Santander,31/08/2023,66.17804923544116,72.41375544330269,,,0.376132603479856,False
2023-09,santander_peru,Santander Perú S.A.,B. Santander Perú,Santander,29/09/2023,Santander,29/09/2023,68.18579534567874,69.70062237730085,,,0.0164026333286269,False
2023-10,santander_peru,Santander Perú S.A.,B. Santander Perú,Santander,31/10/2023,Santander,31/10/2023,66.15809818039008,69.38916015473755,14.9,0.01,-0.322447443370826,True
2023-11,santander_peru,Santander Perú S.A.,B. Santander Perú,Santander,30/11/2023,Santander,30/11/2023,64.89629622558051,70.84998809817077,16.49,,-0.163060842314584,False
2023-12,santander_peru,Santander Perú S.A.,B. Santander Perú,Santander,29/12/2023,Santander,29/12/2023,64.53808142517711,65.89048457665109,16.49,,0.405777961086682,False
2024-01,santander_peru,Santander Perú S.A.,B. Santander Perú,Santander,31/01/2024,Santander,31/01/2024,65.78106403424839,65.37354781104402,,,0.0192113272793558,False
2024-02,santander_peru,Santander Perú S.A.,B. Santander Perú,Santander,29/02/2024,Santander,29/02/2024,67.47607460087987,65.16976063025072,,0.01,0.557510800936321,False
2024-03,santander_peru,Santander Perú S.A.,B. Santander Perú,Santander,27/03/2024,Santander,27/03/2024,67.35468289783107,68.95610104226651,,0.01,1.00938516188575,False
2024-04,santander_peru,Santander Perú S.A.,B. Santander Perú,Santander,30/04/2024,Santander,30/04/2024,65.22934842861515,65.99871139812254,,0.01,-0.0516715997229469,False
2024-05,santander_peru,Santander Perú S.A.,B. Santander Perú,Santander,31/05/2024,Santander,31/05/2024,64.92098537520809,61.9306186394404,,0.01,-0.0907064485030323,False
2024-06,santander_peru,Santander Perú S.A.,B. Santander Perú,Santander,28/06/2024,Santander,28/06/2024,66.71566114880663,56.17409512047751,18.36,0.01,0.121741927959431,True
2024-07,santander_peru,Santander Perú S.A.,B. Santander Perú,Santander,31/07/2024,Santander,31/07/2024,64.97211187402365,71.35241814818282,18.36,0.01,0.236268738691571,True
2024-08,santander_peru,Santander Perú S.A.,B. Santander Perú,Santander,31/08/2024,Santander,31/08/2024,66.24784000309769,68.06531345923943,,0.01,0.284170528141876,False
2024-09,santander_peru,Santander Perú S.A.,B. Santander Perú,Santander,30/09/2024,Santander,30/09/2024,65.39577121813501,71.38391747944259,,0.01,-0.237560474773851,False
2024-10,santander_peru,Santander Perú S.A.,B. Santander Perú,Santander,31/10/2024,Santander,31/10/2024,63.15924221171642,64.06082778980895,,0.01,-0.0931035230159262,False
2024-11,santander_peru,Santander Perú S.A.,B. Santander Perú,Santander,29/11/2024,Santander,29/11/2024,62.17342154311672,70.26775516674506,,0.01,0.0941530377317251,False
2024-12,santander_peru,Santander Perú S.A.,B. Santander Perú,Santander,30/12/2024,Santander,30/12/2024,65.09871146813946,67.19534056576748,,0.01,0.105667996950954,False
2025-01,santander_peru,Santander Perú S.A.,B. Santander Perú,Santander,31/01/2025,Santander,31/01/2025,63.31351274689938,70.23613105828723,,0.01,-0.0933179134509413,False
2025-02,santander_peru,Santander Perú S.A.,B. Santander Perú,Santander,28/02/2025,Santander,28/02/2025,65.28196803938408,73.12564073665838,,0.01,0.188012094871704,False
2025-03,santander_peru,Santander Perú S.A.,B. Santander Perú,Santander,31/03/2025,Santander,31/03/2025,66.04917552087198,74.15445165854703,,0.01,0.810159321766145,False
2025-04,santander_peru,Santander Perú S.A.,B. Santander Perú,Santander,30/04/2025,Santander,30/04/2025,66.95062902672231,67.23916555592322,,0.01,0.31806633832046,False
2025-05,santander_peru,Santander Perú S.A.,B. Santander Perú,Santander,30/05/2025,Santander,30/05/2025,64.11293831909802,65.08296871036411,,0.01,-0.0564746187563057,False
2025-06,santander_peru,Santander Perú S.A.,B. Santander Perú,Santander,30/06/2025,Santander,30/06/2025,60.624298693149925,66.69712141298851,,0.01,0.128679643778829,False
2025-07,santander_peru,Santander Perú S.A.,B. Santander Perú,Santander,31/07/2025,Santander,31/07/2025,58.81534478301619,67.28464506728656,,0.01,0.231431002364371,False
2025-08,santander_peru,Santander Perú S.A.,B. Santander Perú,Santander,29/08/2025,Santander,29/08/2025,59.01946743323393,62.99027337505903,,0.01,-0.29025398690341,False
2025-09,santander_peru,Santander Perú S.A.,B. Santander Perú,Santander,30/09/2025,Santander,30/09/2025,60.68995706933003,66.02293198411962,,0.01,0.0111517897177685,False
2025-10,santander_peru,Santander Perú S.A.,B. Santander Perú,Santander,31/10/2025,Santander,31/10/2025,58.34632730162848,62.7694527033221,,0.01,-0.0996274056654658,False
2025-11,santander_peru,Santander Perú S.A.,B. Santander Perú,Santander,28/11/2025,Santander,28/11/2025,57.19903864235484,69.82583253827535,,0.01,0.110781919406383,False
2025-12,santander_peru,Santander Perú S.A.,B. Santander Perú,Santander,31/12/2025,Santander,31/12/2025,54.86878406295327,58.801724914045785,,0.01,0.244108583947482,False
2015-11,scotiabank,Scotiabank Perú,Scotiabank Perú (con sucursales en el exterior),Scotiabank,30/11/2015,Scotiabank,30/11/2015,37.13269371859765,61.177729121046895,28.79,0.53,0.344071735952856,True
2015-12,scotiabank,Scotiabank Perú,Scotiabank Perú (con sucursales en el exterior),Scotiabank,31/12/2015,Scotiabank,31/12/2015,36.05545932476361,59.19127686061788,25.99,0.52,0.445721499061671,True
2016-01,scotiabank,Scotiabank Perú,Scotiabank Perú (con sucursales en el exterior),Scotiabank,29/01/2016,Scotiabank,29/01/2016,35.91930409834313,59.09095928655691,26.59,0.4,0.37252021115541,True
2016-02,scotiabank,Scotiabank Perú,Scotiabank Perú (con sucursales en el exterior),Scotiabank,29/02/2016,Scotiabank,29/02/2016,36.2328677440517,59.72157763128397,26.88,0.35,0.174091242706681,True
2016-03,scotiabank,Scotiabank Perú,Scotiabank Perú (con sucursales en el exterior),Scotiabank,31/03/2016,Scotiabank,31/03/2016,35.94108706130766,59.01243689214377,26.83,0.41,0.598118099213,True
2016-04,scotiabank,Scotiabank Perú,Scotiabank Perú (con sucursales en el exterior),Scotiabank,29/04/2016,Scotiabank,29/04/2016,35.25271881974927,55.42393149834438,26.68,0.35,0.0114065609758854,True
2016-05,scotiabank,Scotiabank Perú,Scotiabank Perú (con sucursales en el exterior),Scotiabank,31/05/2016,Scotiabank,31/05/2016,35.73902622903,55.77731829953503,26.67,0.43,0.209563738332199,True
2016-06,scotiabank,Scotiabank Perú,Scotiabank Perú (con sucursales en el exterior),Scotiabank,30/06/2016,Scotiabank,30/06/2016,34.872493357373926,53.60191378955326,26.83,0.65,0.139508528737671,True
2016-07,scotiabank,Scotiabank Perú,Scotiabank Perú (con sucursales en el exterior),Scotiabank,27/07/2016,Scotiabank,27/07/2016,34.67190805164496,54.25203625477116,26.91,0.55,0.081747041914584,True
2016-08,scotiabank,Scotiabank Perú,Scotiabank Perú (con sucursales en el exterior),Scotiabank,31/08/2016,Scotiabank,31/08/2016,34.741954492893235,52.81892052453703,27.09,0.42,0.358285853821853,True
2016-09,scotiabank,Scotiabank Perú,Scotiabank Perú (con sucursales en el exterior),Scotiabank,30/09/2016,Scotiabank,30/09/2016,35.31091702054325,49.65730490888375,27.16,0.38,0.206464092392192,True
2016-10,scotiabank,Scotiabank Perú,Scotiabank Perú (con sucursales en el exterior),Scotiabank,31/10/2016,Scotiabank,31/10/2016,34.38380849394292,51.21413286778986,27.34,0.4,0.413354520523768,True
2016-11,scotiabank,Scotiabank Perú,Scotiabank Perú (con sucursales en el exterior),Scotiabank,30/11/2016,Scotiabank,30/11/2016,33.871616527340606,48.96152218764684,27.38,0.48,0.290064059118052,True
2016-12,scotiabank,Scotiabank Perú,Scotiabank Perú (con sucursales en el exterior),Scotiabank,30/12/2016,Scotiabank,30/12/2016,33.30756916217876,47.4302261520934,27.55,0.72,0.33419524609934,True
2017-01,scotiabank,Scotiabank Perú,Scotiabank Perú¨*,Scotiabank,31/01/2017,Scotiabank,31/01/2017,32.40752571738897,45.77397739847162,27.74,0.92,0.237843060107308,True
2017-02,scotiabank,Scotiabank Perú,Scotiabank Perú,Scotiabank,28/02/2017,Scotiabank,28/02/2017,32.02428437209492,47.45547283334454,27.08,0.76,0.323171371975582,True
2017-03,scotiabank,Scotiabank Perú,Scotiabank Perú,Scotiabank,31/03/2017,Scotiabank,31/03/2017,33.14624227659828,48.126067294939,27.17,0.69,1.30455818519093,True
2017-04,scotiabank,Scotiabank Perú,Scotiabank Perú,Scotiabank,28/04/2017,Scotiabank,28/04/2017,33.108333325955975,48.86641250024139,27.72,0.75,-0.258053478882145,True
2017-05,scotiabank,Scotiabank Perú,Scotiabank Perú,Scotiabank,31/05/2017,Scotiabank,31/05/2017,33.836323351890776,47.83890854104753,27.58,0.69,-0.423337988013419,True
2017-06,scotiabank,Scotiabank Perú,Scotiabank Perú,Scotiabank,28/06/2017,Scotiabank,28/06/2017,35.50656406863049,46.46745887453349,27.25,0.67,-0.159198769026384,True
2017-07,scotiabank,Scotiabank Perú,Scotiabank Perú,Scotiabank,31/07/2017,Scotiabank,31/07/2017,36.16636071694458,44.15829807639349,27.78,0.89,0.198285823750627,True
2017-08,scotiabank,Scotiabank Perú,Scotiabank Perú,Scotiabank,31/08/2017,Scotiabank,31/08/2017,36.36558272490186,40.80453903945847,27.62,0.75,0.672225629676554,True
2017-09,scotiabank,Scotiabank Perú,Scotiabank Perú,Scotiabank,29/09/2017,Scotiabank,29/09/2017,36.94718943913809,41.469522643376926,27.55,0.53,-0.0157699757397503,True
2017-10,scotiabank,Scotiabank Perú,Scotiabank Perú,Scotiabank,31/10/2017,Scotiabank,31/10/2017,36.482326638457344,40.8807146631776,27.95,0.55,-0.469245219484567,True
2017-11,scotiabank,Scotiabank Perú,Scotiabank Perú,Scotiabank,30/11/2017,Scotiabank,30/11/2017,36.59200267716003,39.00245408895729,27.38,1.88,-0.197237337488294,True
2017-12,scotiabank,Scotiabank Perú,Scotiabank Perú,Scotiabank,29/12/2017,Scotiabank,29/12/2017,36.9448786806735,38.826495606840055,27.19,2.85,0.156851858043552,True
2018-01,scotiabank,Scotiabank Perú,Scotiabank Perú,Scotiabank,31/01/2018,Scotiabank,31/01/2018,36.38290919679045,40.90697776247232,27.57,2.52,0.127417107488591,True
2018-02,scotiabank,Scotiabank Perú,Scotiabank Perú,Scotiabank,28/02/2018,Scotiabank,28/02/2018,36.99983522859653,41.45899549987179,27.19,2.67,0.250220520720826,True
2018-03,scotiabank,Scotiabank Perú,Scotiabank Perú,Scotiabank,28/03/2018,Scotiabank,28/03/2018,36.413706466723525,42.15723147791703,27.19,2.47,0.487124356837782,True
2018-04,scotiabank,Scotiabank Perú,Scotiabank Perú,Scotiabank,30/04/2018,Scotiabank,30/04/2018,36.389522331700434,41.71724959171341,27.08,1.54,-0.137073083858309,True
2018-05,scotiabank,Scotiabank Perú,Scotiabank Perú,Scotiabank,31/05/2018,Scotiabank,31/05/2018,36.80648089548863,40.785511976191096,26.81,1.48,0.0184551804113629,True
2018-06,scotiabank,Scotiabank Perú,Scotiabank Perú,Scotiabank,28/06/2018,Scotiabank,28/06/2018,36.86098512698908,43.16603170984863,26.89,1.51,0.334058214668909,True
2018-07,scotiabank,Scotiabank Perú,Scotiabank Perú,Scotiabank,31/07/2018,Scotiabank,31/07/2018,34.62383923829043,40.757308260671024,26.61,1.6,0.382785985925354,True
2018-08,scotiabank,Scotiabank Perú,Scotiabank Perú,Scotiabank,29/08/2018,Scotiabank,29/08/2018,33.636475392081024,37.37722658177756,26.8,2.57,0.131767259402052,True
2018-09,scotiabank,Scotiabank Perú,Scotiabank Perú,Scotiabank,28/09/2018,Scotiabank,28/09/2018,32.37333047290618,38.14807334586556,27.29,2.76,0.191681610790045,True
2018-10,scotiabank,Scotiabank Perú,Scotiabank Perú,Scotiabank,31/10/2018,Scotiabank,31/10/2018,32.13936756413539,37.02286720328685,30.91,2.65,0.0816835303769421,True
2018-11,scotiabank,Scotiabank Perú,Scotiabank Perú,Scotiabank,30/11/2018,Scotiabank,30/11/2018,32.37335209996369,38.96993930904601,36.69,2.56,0.122438003210824,True
2018-12,scotiabank,Scotiabank Perú,Scotiabank Perú,Scotiabank,31/12/2018,Scotiabank,31/12/2018,32.48017523811993,37.05718148404813,36.13,3.08,0.181777270585084,True
2019-01,scotiabank,Scotiabank Perú,Scotiabank Perú,Scotiabank,31/01/2019,Scotiabank,31/01/2019,32.78265573830274,37.31831469897956,33.64,3.13,0.0653322898985492,True
2019-02,scotiabank,Scotiabank Perú,Scotiabank Perú,Scotiabank,28/02/2019,Scotiabank,28/02/2019,32.952516600219354,35.02183601755504,36.12,2.68,0.126761453780625,True
2019-03,scotiabank,Scotiabank Perú,Scotiabank Perú,Scotiabank,29/03/2019,Scotiabank,29/03/2019,32.47534303993043,35.54598738880357,35.44,2.47,0.727552259105356,True
2019-04,scotiabank,Scotiabank Perú,Scotiabank Perú,Scotiabank,30/04/2019,Scotiabank,30/04/2019,31.980148852019752,37.83558910368244,35.2,2.6,0.200080537447719,True
2019-05,scotiabank,Scotiabank Perú,Scotiabank Perú,Scotiabank,31/05/2019,Scotiabank,31/05/2019,32.480591345380844,39.62266347825493,33.36,2.87,0.14761382269664,True
2019-06,scotiabank,Scotiabank Perú,Scotiabank Perú,Scotiabank,28/06/2019,Scotiabank,28/06/2019,31.054433921096024,39.06411158914148,31.78,2.58,-0.0862718704256484,True
2019-07,scotiabank,Scotiabank Perú,Scotiabank Perú,Scotiabank,31/07/2019,Scotiabank,31/07/2019,29.950725404581952,38.07545627709244,32.34,2.17,0.203336703292959,True
2019-08,scotiabank,Scotiabank Perú,Scotiabank Perú,Scotiabank,28/08/2019,Scotiabank,28/08/2019,30.32333892644152,40.40398634336752,32.73,1.97,0.0609772736582818,True
2019-09,scotiabank,Scotiabank Perú,Scotiabank Perú,Scotiabank,30/09/2019,Scotiabank,30/09/2019,31.11655903796906,40.87155190027647,31.21,2.15,0.0063829985801787,True
2019-10,scotiabank,Scotiabank Perú,Scotiabank Perú,Scotiabank,30/10/2019,Scotiabank,30/10/2019,30.867931557142263,40.54642009652439,31.99,2.45,0.110725430948253,True
2019-11,scotiabank,Scotiabank Perú,Scotiabank Perú,Scotiabank,29/11/2019,Scotiabank,29/11/2019,31.40971377624597,41.03365051621174,32.03,2.46,0.108910232526761,True
2019-12,scotiabank,Scotiabank Perú,Scotiabank Perú,Scotiabank,31/12/2019,Scotiabank,31/12/2019,29.37300499281528,38.879160867355125,31.65,1.96,0.214521161156722,True
2020-01,scotiabank,Scotiabank Perú,Scotiabank Perú,Scotiabank,31/01/2020,Scotiabank,31/01/2020,29.14547247541117,38.10445677691618,31.47,1.67,0.0538080667322616,True
2020-02,scotiabank,Scotiabank Perú,Scotiabank Perú,Scotiabank,28/02/2020,Scotiabank,28/02/2020,29.019709543827236,39.04041027915292,32.07,1.56,0.142172034360178,True
2020-03,scotiabank,Scotiabank Perú,Scotiabank Perú,Scotiabank,31/03/2020,Scotiabank,31/03/2020,29.188559263054355,38.42873468723439,32.14,1.94,0.645999987966259,True
2020-04,scotiabank,Scotiabank Perú,Scotiabank Perú,Scotiabank,30/04/2020,Scotiabank,30/04/2020,28.8650015812442,41.243898060092846,30.24,2.68,0.104582684852522,True
2020-05,scotiabank,Scotiabank Perú,Scotiabank Perú,Scotiabank,29/05/2020,Scotiabank,29/05/2020,27.63270971404245,40.35178098483045,28.88,1.97,0.204153570879042,True
2020-06,scotiabank,Scotiabank Perú,Scotiabank Perú,Scotiabank,30/06/2020,Scotiabank,30/06/2020,27.48102727191063,38.33460728952326,33.63,1.63,-0.266096854987984,True
2020-07,scotiabank,Scotiabank Perú,Scotiabank Perú,Scotiabank,31/07/2020,Scotiabank,31/07/2020,27.35449254817902,37.88389102228469,32.1,1.39,0.462688397344215,True
2020-08,scotiabank,Scotiabank Perú,Scotiabank Perú,Scotiabank,31/08/2020,Scotiabank,31/08/2020,26.73846392355764,37.43142004192987,31.0,1.04,-0.110238965197723,True
2020-09,scotiabank,Scotiabank Perú,Scotiabank Perú,Scotiabank,30/09/2020,Scotiabank,30/09/2020,26.72388772304901,36.89216618826007,30.89,1.06,0.136353971354613,True
2020-10,scotiabank,Scotiabank Perú,Scotiabank Perú,Scotiabank,30/10/2020,Scotiabank,30/10/2020,26.58742948456223,38.29256372728478,30.8,1.07,0.0167755516523417,True
2020-11,scotiabank,Scotiabank Perú,Scotiabank Perú,Scotiabank,30/11/2020,Scotiabank,30/11/2020,26.93339320369772,37.89348812845509,31.86,1.05,0.520479581391504,True
2020-12,scotiabank,Scotiabank Perú,Scotiabank Perú,Scotiabank,31/12/2020,Scotiabank,31/12/2020,27.06722475526519,39.16791789213608,33.05,1.06,0.0487327395330378,True
2021-01,scotiabank,Scotiabank Perú,Scotiabank Perú,Scotiabank,29/01/2021,Scotiabank,29/01/2021,27.56507379293873,42.04639441667137,31.67,1.05,0.742901704166242,True
2021-02,scotiabank,Scotiabank Perú,Scotiabank Perú,Scotiabank,26/02/2021,Scotiabank,26/02/2021,26.81781193075337,39.81533014891643,31.24,1.09,-0.125265562868538,True
2021-03,scotiabank,Scotiabank Perú,Scotiabank Perú,Scotiabank,31/03/2021,Scotiabank,31/03/2021,27.379933739889083,40.87347867335737,27.78,1.09,0.839468767410369,True
2021-04,scotiabank,Scotiabank Perú,Scotiabank Perú,Scotiabank,30/04/2021,Scotiabank,30/04/2021,27.806536761916306,42.28980125831308,26.02,1.04,-0.104691802721501,True
2021-05,scotiabank,Scotiabank Perú,Scotiabank Perú,Scotiabank,31/05/2021,Scotiabank,31/05/2021,27.9931280344581,40.05739717647519,26.78,1.06,0.266557522263624,True
2021-06,scotiabank,Scotiabank Perú,Scotiabank Perú,Scotiabank,30/06/2021,Scotiabank,30/06/2021,26.606731979585117,35.91633431982999,27.4,1.05,0.51967163414861,True
2021-07,scotiabank,Scotiabank Perú,Scotiabank Perú,Scotiabank,30/07/2021,Scotiabank,30/07/2021,27.427011922827297,37.28304718845612,27.11,0.86,1.00753906510749,True
2021-08,scotiabank,Scotiabank Perú,Scotiabank Perú,Scotiabank,31/08/2021,Scotiabank,31/08/2021,26.89241715418688,40.37538626824848,28.79,0.72,0.98493531236659,True
2021-09,scotiabank,Scotiabank Perú,Scotiabank Perú,Scotiabank,30/09/2021,Scotiabank,30/09/2021,26.30386749380001,43.55314106827471,29.23,0.72,0.40042251687241,True
2021-10,scotiabank,Scotiabank Perú,Scotiabank Perú,Scotiabank,29/10/2021,Scotiabank,29/10/2021,24.609924682002827,42.72607330277884,30.1,0.72,0.58366506925955,True
2021-11,scotiabank,Scotiabank Perú,Scotiabank Perú,Scotiabank,30/11/2021,Scotiabank,30/11/2021,24.565928937074684,44.11561065932192,30.27,0.51,0.358183580426998,True
2021-12,scotiabank,Scotiabank Perú,Scotiabank Perú,Scotiabank,31/12/2021,Scotiabank,31/12/2021,24.646053185559204,45.23835298746776,31.97,0.39,0.782835268325123,True
2022-01,scotiabank,Scotiabank Perú,Scotiabank Perú,Scotiabank,31/01/2022,Scotiabank,31/01/2022,23.42442574985265,45.78265977861344,32.65,0.35,0.0372679999999974,True
2022-02,scotiabank,Scotiabank Perú,Scotiabank Perú,Scotiabank,28/02/2022,Scotiabank,28/02/2022,23.143891996713236,44.81345253161561,32.06,0.49,0.311455926605271,True
2022-03,scotiabank,Scotiabank Perú,Scotiabank Perú,Scotiabank,31/03/2022,Scotiabank,31/03/2022,23.450181276420853,43.69111632788277,32.95,0.92,1.48265988924236,True
2022-04,scotiabank,Scotiabank Perú,Scotiabank Perú,Scotiabank,29/04/2022,Scotiabank,29/04/2022,24.3819454429272,44.60146237732827,32.99,0.83,0.961893177341858,True
2022-05,scotiabank,Scotiabank Perú,Scotiabank Perú,Scotiabank,31/05/2022,Scotiabank,31/05/2022,24.339827965150334,44.634866135936,32.87,1.05,0.384024966018986,True
2022-06,scotiabank,Scotiabank Perú,Scotiabank Perú,Scotiabank,30/06/2022,Scotiabank,30/06/2022,25.63742166611706,45.43508372702932,33.96,0.95,1.19062710636316,True
2022-07,scotiabank,Scotiabank Perú,Scotiabank Perú,Scotiabank,27/07/2022,Scotiabank,27/07/2022,27.628912753523743,43.056254960093206,34.93,0.95,0.940891085039107,True
2022-08,scotiabank,Scotiabank Perú,Scotiabank Perú,Scotiabank,31/08/2022,Scotiabank,31/08/2022,27.014885272729284,42.70954564816238,35.33,0.81,0.666542107665968,True
2022-09,scotiabank,Scotiabank Perú,Scotiabank Perú,Scotiabank,30/09/2022,Scotiabank,30/09/2022,27.160063128105595,42.08151902995935,35.35,0.84,0.522557852684368,True
2022-10,scotiabank,Scotiabank Perú,Scotiabank Perú,Scotiabank,31/10/2022,Scotiabank,31/10/2022,27.33021456190785,41.18144492575964,35.33,0.92,0.347652348101841,True
2022-11,scotiabank,Scotiabank Perú,Scotiabank Perú,Scotiabank,30/11/2022,Scotiabank,30/11/2022,26.24300896453012,41.55880106338859,36.79,1.11,0.517639656505263,True
2022-12,scotiabank,Scotiabank Perú,Scotiabank Perú,Scotiabank,30/12/2022,Scotiabank,30/12/2022,26.02645506328056,42.351790978953744,38.24,1.24,0.793924170395989,True
2023-01,scotiabank,Scotiabank Perú,Scotiabank Perú,Scotiabank,31/01/2023,Scotiabank,31/01/2023,26.59385515828433,41.1321852521252,37.96,1.4,0.226446521871514,True
2023-02,scotiabank,Scotiabank Perú,Scotiabank Perú,Scotiabank,28/02/2023,Scotiabank,28/02/2023,26.978527098104227,42.158529717329365,37.74,1.44,0.29452251053137,True
2023-03,scotiabank,Scotiabank Perú,Scotiabank Perú,Scotiabank,31/03/2023,Scotiabank,31/03/2023,26.56067286962877,41.32914873942028,38.14,1.43,1.25348677152025,True
2023-04,scotiabank,Scotiabank Perú,Scotiabank Perú,Scotiabank,28/04/2023,Scotiabank,28/04/2023,26.52169057017608,39.57924458951951,37.48,1.2,0.556251880069387,True
2023-05,scotiabank,Scotiabank Perú,Scotiabank Perú,Scotiabank,31/05/2023,Scotiabank,31/05/2023,26.66430849120142,40.497997379456926,37.16,1.19,0.31786146413237,True
2023-06,scotiabank,Scotiabank Perú,Scotiabank Perú,Scotiabank,30/06/2023,Scotiabank,30/06/2023,26.45134308277653,39.258146957801,38.33,1.89,-0.152769746155551,True
2023-07,scotiabank,Scotiabank Perú,Scotiabank Perú,Scotiabank,31/07/2023,Scotiabank,31/07/2023,25.593251584425506,38.34331988451088,38.95,2.14,0.391066276983018,True
2023-08,scotiabank,Scotiabank Perú,Scotiabank Perú,Scotiabank,31/08/2023,Scotiabank,31/08/2023,26.784597749720323,37.813819235349314,40.27,1.88,0.376132603479856,True
2023-09,scotiabank,Scotiabank Perú,Scotiabank Perú,Scotiabank,29/09/2023,Scotiabank,29/09/2023,27.460763429701814,39.26270202200723,39.97,2.02,0.0164026333286269,True
2023-10,scotiabank,Scotiabank Perú,Scotiabank Perú,Scotiabank,31/10/2023,Scotiabank,31/10/2023,27.02713920357097,39.50679052906271,40.67,2.04,-0.322447443370826,True
2023-11,scotiabank,Scotiabank Perú,Scotiabank Perú,Scotiabank,30/11/2023,Scotiabank,30/11/2023,25.60890600411616,39.31703537035958,41.72,2.01,-0.163060842314584,True
2023-12,scotiabank,Scotiabank Perú,Scotiabank Perú,Scotiabank,29/12/2023,Scotiabank,29/12/2023,25.091428331990063,38.85348541695446,41.35,1.75,0.405777961086682,True
2024-01,scotiabank,Scotiabank Perú,Scotiabank Perú,Scotiabank,31/01/2024,Scotiabank,31/01/2024,25.746296719506308,37.68036937443277,40.86,1.27,0.0192113272793558,True
2024-02,scotiabank,Scotiabank Perú,Scotiabank Perú,Scotiabank,29/02/2024,Scotiabank,29/02/2024,24.50942767313668,38.37549039010907,40.95,1.34,0.557510800936321,True
2024-03,scotiabank,Scotiabank Perú,Scotiabank Perú,Scotiabank,27/03/2024,Scotiabank,27/03/2024,23.88400068850813,37.71003719388593,41.85,1.35,1.00938516188575,True
2024-04,scotiabank,Scotiabank Perú,Scotiabank Perú,Scotiabank,30/04/2024,Scotiabank,30/04/2024,23.840130022561635,37.97672266042292,41.55,1.46,-0.0516715997229469,True
2024-05,scotiabank,Scotiabank Perú,Scotiabank Perú,Scotiabank,31/05/2024,Scotiabank,31/05/2024,24.1417270790448,39.67771300585467,42.27,1.46,-0.0907064485030323,True
2024-06,scotiabank,Scotiabank Perú,Scotiabank Perú,Scotiabank,28/06/2024,Scotiabank,28/06/2024,24.822093041635792,37.01286218560252,42.79,1.52,0.121741927959431,True
2024-07,scotiabank,Scotiabank Perú,Scotiabank Perú,Scotiabank,31/07/2024,Scotiabank,31/07/2024,23.876376870035987,38.60009465784562,43.26,1.43,0.236268738691571,True
2024-08,scotiabank,Scotiabank Perú,Scotiabank Perú,Scotiabank,31/08/2024,Scotiabank,31/08/2024,22.76126345779008,38.911717170397296,43.08,1.09,0.284170528141876,True
2024-09,scotiabank,Scotiabank Perú,Scotiabank Perú,Scotiabank,30/09/2024,Scotiabank,30/09/2024,22.544177692941687,37.48887636938645,41.82,1.07,-0.237560474773851,True
2024-10,scotiabank,Scotiabank Perú,Scotiabank Perú,Scotiabank,31/10/2024,Scotiabank,31/10/2024,21.754686986966487,37.68803006543693,41.64,1.0,-0.0931035230159262,True
2024-11,scotiabank,Scotiabank Perú,Scotiabank Perú,Scotiabank,29/11/2024,Scotiabank,29/11/2024,22.292682290635245,37.6139666362194,42.78,1.36,0.0941530377317251,True
2024-12,scotiabank,Scotiabank Perú,Scotiabank Perú,Scotiabank,30/12/2024,Scotiabank,30/12/2024,23.15251396143722,38.282755420702266,46.72,1.34,0.105667996950954,True
2025-01,scotiabank,Scotiabank Perú,Scotiabank Perú,Scotiabank,31/01/2025,Scotiabank,31/01/2025,22.26032634958709,38.85987088571079,49.61,1.34,-0.0933179134509413,True
2025-02,scotiabank,Scotiabank Perú,Scotiabank Perú,Scotiabank,28/02/2025,Scotiabank,28/02/2025,21.267205701163043,40.68772006262131,48.0,1.27,0.188012094871704,True
2025-03,scotiabank,Scotiabank Perú,Scotiabank Perú,Scotiabank,31/03/2025,Scotiabank,31/03/2025,21.190311422447543,38.425504912519145,48.67,1.35,0.810159321766145,True
2025-04,scotiabank,Scotiabank Perú,Scotiabank Perú,Scotiabank,30/04/2025,Scotiabank,30/04/2025,21.570358904879026,40.74590537740245,47.81,1.29,0.31806633832046,True
2025-05,scotiabank,Scotiabank Perú,Scotiabank Perú,Scotiabank,30/05/2025,Scotiabank,30/05/2025,21.519585770385422,38.29142523693408,47.88,1.25,-0.0564746187563057,True
2025-06,scotiabank,Scotiabank Perú,Scotiabank Perú,Scotiabank,30/06/2025,Scotiabank,30/06/2025,22.36643545527884,37.724042441019776,46.51,1.4,0.128679643778829,True
2025-07,scotiabank,Scotiabank Perú,Scotiabank Perú,Scotiabank,31/07/2025,Scotiabank,31/07/2025,22.35884440581116,37.63708595837637,47.01,1.44,0.231431002364371,True
2025-08,scotiabank,Scotiabank Perú,Scotiabank Perú,Scotiabank,29/08/2025,Scotiabank,29/08/2025,22.77024646322621,37.86222638091533,47.0,1.39,-0.29025398690341,True
2025-09,scotiabank,Scotiabank Perú,Scotiabank Perú,Scotiabank,30/09/2025,Scotiabank,30/09/2025,22.290382630440444,37.92869481079123,46.42,1.33,0.0111517897177685,True
2025-10,scotiabank,Scotiabank Perú,Scotiabank Perú,Scotiabank,31/10/2025,Scotiabank,31/10/2025,21.427951090725703,37.313478146921,47.6,1.14,-0.0996274056654658,True
2025-11,scotiabank,Scotiabank Perú,Scotiabank Perú,Scotiabank,28/11/2025,Scotiabank,28/11/2025,22.00099307038752,33.13846265789367,49.33,1.16,0.110781919406383,True
2025-12,scotiabank,Scotiabank Perú,Scotiabank Perú,Scotiabank,31/12/2025,Scotiabank,31/12/2025,21.53018685270226,33.71226027277342,54.62,1.15,0.244108583947482,True
