mes,banco_original,banco_original_me,saldo_final_mn,saldo_final_me,doldep_pct,problemas
2015-11,B. Azteca Perú,B. Azteca Perú,715594.864,56874.59,7.362697606422118,
2015-11,B. Cencosud,B. Cencosud,349030.563,7335.673,2.058464652077757,
2015-11,B. Continental,B. Continental,20814588.207,25404435.686,54.96532281774902,
2015-11,B. de Comercio,B. de Comercio,910459.174,406321.193,30.857172781647346,
2015-11,B. de Crédito del Perú (con sucursales en el exterior),B. de Crédito del Perú (con sucursales en el exterior),30652618.615,39649796.188,56.39891076160877,
2015-11,B. Falabella Perú .,B. Falabella Perú .,2638257.304,435095.617,14.15703396856973,
2015-11,B. Financiero,B. Financiero,2743998.917,1831825.316,40.03268532014875,
2015-11,B. GNB,B. GNB,2333006.703,1543658.789,39.81924136053367,
2015-11,B. ICBC,B. ICBC,15085.462,169555.025,91.82981899305757,
2015-11,B. Interamericano de Finanzas,B. Interamericano de Finanzas,3697054.815,3597012.999,49.31422480191381,
2015-11,B. Ripley,B. Ripley,1002080.665,26201.301,2.548065789962517,
2015-11,B. Santander Perú,B. Santander Perú,772503.402,2632949.783,77.3156945629837,
2015-11,Citibank,Citibank,1578634.425,2521080.105,61.49404029358112,
2015-11,Deutsche Bank Perú,Deutsche Bank Perú,156.023,84438.253,99.81556317120085,
2015-11,Interbank,Interbank,12142133.383,13015040.128,51.73490623781388,
2015-11,Mibanco,Mibanco,4489247.983,1111251.389,19.842005421083726,
2015-11,Scotiabank Perú (con sucursales en el exterior),Scotiabank Perú (con sucursales en el exterior),12224276.09,19263516.389,61.177729121046895,
2015-12,B. Azteca Perú,B. Azteca Perú,705526.568,55058.736,7.238995509174339,
2015-12,B. Cencosud,B. Cencosud,360857.692,6337.303,1.7258685674623642,
2015-12,B. Continental,B. Continental,21798742.798,25488200.439,53.90113780722577,
2015-12,B. de Comercio,B. de Comercio,878566.887,411346.004,31.889440509514223,
2015-12,B. de Crédito del Perú (con sucursales en el exterior),B. de Crédito del Perú (con sucursales en el exterior),31076682.186,39465239.678,55.945795968085875,
2015-12,B. Falabella Perú .,B. Falabella Perú .,2643081.891,436479.3,14.173425138477791,
2015-12,B. Financiero,B. Financiero,2764995.912,1853387.405,40.13065347299755,
2015-12,B. GNB,B. GNB,2316513.52,1562902.843,40.28706116482399,
2015-12,B. ICBC,B. ICBC,13888.837,178736.024,92.78969654908667,
2015-12,B. Interamericano de Finanzas,B. Interamericano de Finanzas,3573642.432,3883558.133,52.07796275759683,
2015-12,B. Ripley,B. Ripley,1099151.091,26460.957,2.3508061278320644,
2015-12,B. Santander Perú,B. Santander Perú,584593.42,2551828.031,81.36113308963591,
2015-12,Citibank,Citibank,1817402.585,2508412.56,57.987049282476924,
2015-12,Deutsche Bank Perú,Deutsche Bank Perú,156.023,54.974,26.05439887770916,
2015-12,Interbank,Interbank,12270657.278,13192352.273,51.8098704969535,
2015-12,Mibanco,Mibanco,4633156.952,1263793.308,21.431303509078607,
2015-12,Scotiabank Perú (con sucursales en el exterior),Scotiabank Perú (con sucursales en el exterior),12791577.506,18553626.465,59.19127686061788,
2016-01,B. Azteca Perú,B. Azteca Perú,671190.996,55635.671,7.654599580067417,
2016-01,B. Cencosud,B. Cencosud,371682.373,6264.76,1.6575757435365965,
2016-01,B. Continental,B. Continental,20439561.875,26767776.629,56.70257522934045,
2016-01,B. de Comercio,B. de Comercio,878381.908,439246.449,33.33614115592383,
2016-01,B. de Crédito del Perú (con sucursales en el exterior),B. de Crédito del Perú (con sucursales en el exterior),31593283.28,40345618.317,56.08317255525416,
2016-01,B. Falabella Perú .,B. Falabella Perú .,2688389.619,440201.997,14.070292675744355,
2016-01,B. Financiero,B. Financiero,2780555.416,1836571.685,39.77736901811142,
2016-01,B. GNB,B. GNB,2265343.317,1576855.076,41.040438694494036,
2016-01,B. ICBC,B. ICBC,12752.923,131250.711,91.14402696254179,
2016-01,B. Interamericano de Finanzas,B. Interamericano de Finanzas,3453278.638,4294415.325,55.42830351209628,
2016-01,B. Ripley,B. Ripley,1076952.406,26909.061,2.4377208376637722,
2016-01,B. Santander Perú,B. Santander Perú,563261.053,2735821.353,82.92673587129549,
2016-01,Citibank,Citibank,1621299.069,2786971.249,63.221423550641695,
2016-01,Deutsche Bank Perú,Deutsche Bank Perú,156.023,55.925,26.386189065242423,
2016-01,Interbank,Interbank,12121795.301,12168489.83,50.096117704564136,
2016-01,Mibanco,Mibanco,4800892.14,1193007.222,19.90369123584895,
2016-01,Scotiabank Perú (con sucursales en el exterior),Scotiabank Perú (con sucursales en el exterior),13001304.662,18779701.285,59.09095928655691,
2016-02,B. Azteca Perú,B. Azteca Perú,636033.235,48456.714,7.0792440518363255,
2016-02,B. Cencosud,B. Cencosud,373704.02,6245.685,1.6438188838704324,
2016-02,B. Continental,B. Continental,21504585.776,26341603.74,55.05475776956331,
2016-02,B. de Comercio,B. de Comercio,868550.917,440000.875,33.62502559623563,
2016-02,B. de Crédito del Perú (con sucursales en el exterior),B. de Crédito del Perú (con sucursales en el exterior),31240980.106,42297579.908,57.517552560109344,
2016-02,B. Falabella Perú .,B. Falabella Perú .,2717816.38,441207.112,13.966566349295132,
2016-02,B. Financiero,B. Financiero,2777842.694,1793229.0,39.229946936815644,
2016-02,B. GNB,B. GNB,2338244.936,1546200.91,39.80492897313003,
2016-02,B. ICBC,B. ICBC,11722.095,178816.962,93.84793061088781,
2016-02,B. Interamericano de Finanzas,B. Interamericano de Finanzas,3718485.59,4256959.645,53.37582441565094,
2016-02,B. Ripley,B. Ripley,1056185.467,31412.374,2.888234310130448,
2016-02,B. Santander Perú,B. Santander Perú,526239.618,3049665.43,85.28373625875984,
2016-02,Citibank,Citibank,1945673.072,2943701.207,60.20609262095723,
2016-02,Deutsche Bank Perú,Deutsche Bank Perú,156.023,56.795,26.687122329878115,
2016-02,Interbank,Interbank,12075447.939,11878860.175,49.589660943107965,
2016-02,Mibanco,Mibanco,4985838.432,1146024.896,18.689667963845395,
2016-02,Scotiabank Perú (con sucursales en el exterior),Scotiabank Perú (con sucursales en el exterior),13089603.815,19408202.815,59.72157763128397,
2016-03,B. Azteca Perú,B. Azteca Perú,602704.866,54566.754,8.302009753593195,
2016-03,B. Cencosud,B. Cencosud,386903.786,5370.613,1.3690959730461532,
2016-03,B. Continental,B. Continental,21252138.055,25371752.29,54.417922018643594,
2016-03,B. de Comercio,B. de Comercio,918204.566,424640.407,31.62244455153499,
2016-03,B. de Crédito del Perú (con sucursales en el exterior),B. de Crédito del Perú (con sucursales en el exterior),31661047.984,41336575.524,56.62728940685283,
2016-03,B. Falabella Perú .,B. Falabella Perú .,2847276.81,403850.825,12.421869281671558,
2016-03,B. Financiero,B. Financiero,2628806.507,1670586.586,38.85633506552223,
2016-03,B. GNB,B. GNB,2393293.271,1468069.035,38.019458384385025,
2016-03,B. ICBC,B. ICBC,9429.652,362130.524,97.46214675062485,
2016-03,B. Interamericano de Finanzas,B. Interamericano de Finanzas,3235856.988,3980753.221,55.1609842531818,
2016-03,B. Ripley,B. Ripley,1170417.103,25362.303,2.1209850974804296,
2016-03,B. Santander Perú,B. Santander Perú,585639.765,2550695.959,81.3272616028143,
2016-03,Citibank,Citibank,1889076.259,2822478.379,59.90545787659822,
2016-03,Deutsche Bank Perú,Deutsche Bank Perú,156.023,53.604,25.5711334894837,
2016-03,Interbank,Interbank,12722697.811,12128657.541,48.80481313476492,
2016-03,Mibanco,Mibanco,4778076.299,984643.553,17.086437971789852,
2016-03,Scotiabank Perú (con sucursales en el exterior),Scotiabank Perú (con sucursales en el exterior),12531563.468,18042499.779,59.01243689214377,
2016-04,B. Azteca Perú,B. Azteca Perú,569513.902,42141.682,6.889773117807422,
2016-04,B. Cencosud,B. Cencosud,406211.652,5247.097,1.2752425395625746,
2016-04,B. Continental,B. Continental,21476126.703,24180914.526,52.962070855000995,
2016-04,B. de Comercio,B. de Comercio,955117.143,406505.81,29.85450627902275,
2016-04,B. de Crédito del Perú (con sucursales en el exterior),B. de Crédito del Perú (con sucursales en el exterior),31018174.5,40313422.015,56.515519047050454,
2016-04,B. Falabella Perú .,B. Falabella Perú .,2706302.194,393976.215,12.707768884765343,
2016-04,B. Financiero,B. Financiero,2649544.082,1668680.108,38.642739111699534,
2016-04,B. GNB,B. GNB,2346263.897,1437280.814,37.98767885103499,
2016-04,B. ICBC,B. ICBC,24154.264,165350.932,87.25403603181414,
2016-04,B. Interamericano de Finanzas,B. Interamericano de Finanzas,3581302.559,3965781.802,52.54720382474336,
2016-04,B. Ripley,B. Ripley,1081605.072,22352.479,2.0247589211879036,
2016-04,B. Santander Perú,B. Santander Perú,546065.068,2314369.008,80.90971322913299,
2016-04,Citibank,Citibank,1991372.087,3002609.38,60.12455992960937,
2016-04,Deutsche Bank Perú,Deutsche Bank Perú,156.023,52.75,25.26667720442778,
2016-04,Interbank,Interbank,12475753.458,11481784.332,47.92556076773698,
2016-04,Mibanco,Mibanco,4860765.572,887294.378,15.436414820273406,
2016-04,Scotiabank Perú (con sucursales en el exterior),Scotiabank Perú (con sucursales en el exterior),13822933.132,17186829.722,55.42393149834438,
2016-05,B. Azteca Perú,B. Azteca Perú,544066.548,42150.405,7.190239856471704,
2016-05,B. Cencosud,B. Cencosud,458108.202,5267.361,1.136736897797953,
2016-05,B. Continental,B. Continental,22125255.211,23517120.199,51.52475082146476,
2016-05,B. de Comercio,B. de Comercio,977249.288,415252.832,29.820624761418678,
2016-05,B. de Crédito del Perú (con sucursales en el exterior),B. de Crédito del Perú (con sucursales en el exterior),31268969.739,41456667.735,57.00419985981022,
2016-05,B. Falabella Perú .,B. Falabella Perú .,2757172.411,409989.622,12.945015686856081,
2016-05,B. Financiero,B. Financiero,2861855.113,1817046.151,38.83488982724556,
2016-05,B. GNB,B. GNB,2223622.492,1463925.084,39.69915109781353,
2016-05,B. ICBC,B. ICBC,14074.686,186909.232,92.99710835570436,
2016-05,B. Interamericano de Finanzas,B. Interamericano de Finanzas,3741767.069,4377360.211,53.914171561059696,
2016-05,B. Ripley,B. Ripley,1194212.324,24021.425,1.9718239639739283,
2016-05,B. Santander Perú,B. Santander Perú,728348.404,2288408.17,75.85657357052634,
2016-05,Citibank,Citibank,1834618.676,3189105.386,63.480902745490006,
2016-05,Deutsche Bank Perú,Deutsche Bank Perú,0.0,0.0,,TOTAL_NO_POSITIVO
2016-05,Interbank,Interbank,13356429.35,10734715.421,44.558760171173105,
2016-05,Mibanco,Mibanco,4857124.441,894587.767,15.553416698348133,
2016-05,Scotiabank Perú (con sucursales en el exterior),Scotiabank Perú (con sucursales en el exterior),13885573.068,17513637.776,55.777318299535025,
2016-06,B. Azteca Perú,B. Azteca Perú,520927.492,34663.327,6.23900284428566,
2016-06,B. Cencosud,B. Cencosud,485971.395,4664.015,0.9506070913226585,
2016-06,B. Continental,B. Continental,21954932.035,23675663.369,51.88550173273562,
2016-06,B. de Comercio,B. de Comercio,957051.139,396922.241,29.315365195732284,
2016-06,B. de Crédito del Perú (con sucursales en el exterior),B. de Crédito del Perú (con sucursales en el exterior),30904155.682,38351925.132,55.376978716137835,
2016-06,B. Falabella Perú .,B. Falabella Perú .,2831034.522,390683.424,12.126555786333258,
2016-06,B. Financiero,B. Financiero,2762951.333,1743873.245,38.69405642084879,
2016-06,B. GNB,B. GNB,2227977.845,1415793.903,38.855175376369374,
2016-06,B. ICBC,B. ICBC,11011.595,151093.637,93.20713164890323,
2016-06,B. Interamericano de Finanzas,B. Interamericano de Finanzas,3569044.753,4115572.873,53.555987731587884,
2016-06,B. Ripley,B. Ripley,1174366.711,23108.362,1.9297572468132709,
2016-06,B. Santander Perú,B. Santander Perú,852537.012,2260458.556,72.61361304964119,
2016-06,Citibank,Citibank,1886021.268,2957036.46,61.05722099705684,
2016-06,Deutsche Bank Perú,Deutsche Bank Perú,0.0,0.0,,TOTAL_NO_POSITIVO
2016-06,Interbank,Interbank,12974036.378,9854941.318,43.16856168170308,
2016-06,Mibanco,Mibanco,4978475.492,851075.955,14.599338606711845,
2016-06,Scotiabank Perú (con sucursales en el exterior),Scotiabank Perú (con sucursales en el exterior),14353085.478,16581564.311,53.60191378955326,
2016-07,B. Azteca Perú,B. Azteca Perú,508323.227,37959.318,6.948660239546918,
2016-07,B. Cencosud,B. Cencosud,484732.049,4763.634,0.9731718103834636,
2016-07,B. Continental,B. Continental,23892680.827,24091494.515,50.207165890195036,
2016-07,B. de Comercio,B. de Comercio,945047.331,419613.444,30.748553170658845,
2016-07,B. de Crédito del Perú (con sucursales en el exterior),B. de Crédito del Perú (con sucursales en el exterior),32631270.107,35628745.499,52.195630461983455,
2016-07,B. Falabella Perú .,B. Falabella Perú .,2791872.736,391137.096,12.288277970986803,
2016-07,B. Financiero,B. Financiero,2888207.574,1709918.549,37.18729115425789,
2016-07,B. GNB,B. GNB,2242775.211,1626924.288,42.04265184985104,
2016-07,B. ICBC,B. ICBC,23504.954,195393.359,89.26215845254139,
2016-07,B. Interamericano de Finanzas,B. Interamericano de Finanzas,3638340.991,4352248.157,54.467174777586244,
2016-07,B. Ripley,B. Ripley,1253973.256,23371.262,1.829675680339828,
2016-07,B. Santander Perú,B. Santander Perú,757927.381,2510840.416,76.8130553141276,
2016-07,Citibank,Citibank,1850272.874,2852183.876,60.653059190815526,
2016-07,Interbank,Interbank,13555759.771,10845037.514,44.44542277586485,
2016-07,Mibanco,Mibanco,5501504.506,836474.585,13.197812315092724,
2016-07,Scotiabank Perú (con sucursales en el exterior),Scotiabank Perú (con sucursales en el exterior),14551269.665,17256199.944,54.25203625477116,
2016-08,B. Azteca Perú,B. Azteca Perú,480225.439,50854.229,9.575630939047736,
2016-08,B. Cencosud,B. Cencosud,492112.135,4408.293,0.8878371868317168,
2016-08,B. Continental,B. Continental,24676676.693,23756962.186,49.05054159847695,
2016-08,B. de Comercio,B. de Comercio,918213.4,405626.681,30.640157132393092,
2016-08,B. de Crédito del Perú (con sucursales en el exterior),B. de Crédito del Perú (con sucursales en el exterior),33593736.477,35506709.734,51.38419747041769,
2016-08,B. Falabella Perú .,B. Falabella Perú .,2672752.628,380809.315,12.470987067184575,
2016-08,B. Financiero,B. Financiero,3062761.051,1781803.743,36.77943878894481,
2016-08,B. GNB,B. GNB,2253406.233,1596834.477,41.47362716446889,
2016-08,B. ICBC,B. ICBC,53502.531,119328.304,69.04341114824794,
2016-08,B. Interamericano de Finanzas,B. Interamericano de Finanzas,3903421.132,4408596.291,53.03882398996266,
2016-08,B. Ripley,B. Ripley,1205076.836,23145.036,1.8844344436165519,
2016-08,B. Santander Perú,B. Santander Perú,840266.886,2432539.933,74.32580251538519,
2016-08,Citibank,Citibank,1888625.245,3046632.912,61.731986758965405,
2016-08,Interbank,Interbank,13938909.857,12036265.297,46.33757126040591,
2016-08,Mibanco,Mibanco,5464390.244,859612.568,13.592855562443098,
2016-08,Scotiabank Perú (con sucursales en el exterior),Scotiabank Perú (con sucursales en el exterior),14765854.153,16530280.478,52.81892052453703,
2016-09,B. Azteca Perú,B. Azteca Perú,461166.136,48612.175,9.535944144944214,
2016-09,B. Cencosud,B. Cencosud,482424.945,4387.096,0.9011888841097913,
2016-09,B. Continental,B. Continental,23186834.165,23429220.914,50.259982047589865,
2016-09,B. de Comercio,B. de Comercio,905398.349,394371.991,30.341667205608026,
2016-09,B. de Crédito del Perú (con sucursales en el exterior),B. de Crédito del Perú (con sucursales en el exterior),32853717.676,35346527.824,51.827566843582694,
2016-09,B. Falabella Perú .,B. Falabella Perú .,2540921.403,372100.186,12.77368445895167,
2016-09,B. Financiero,B. Financiero,3030398.15,1773705.104,36.92062826757886,
2016-09,B. GNB,B. GNB,2333580.68,1607900.961,40.79432831233628,
2016-09,B. ICBC,B. ICBC,54576.472,146875.421,72.90843427318899,
2016-09,B. Interamericano de Finanzas,B. Interamericano de Finanzas,3864056.465,4454271.43,53.54767792548047,
2016-09,B. Ripley,B. Ripley,1215599.757,23115.044,1.8660505211804603,
2016-09,B. Santander Perú,B. Santander Perú,802092.533,2283505.58,74.00528184079818,
2016-09,Citibank,Citibank,1758200.75,3171957.79,64.33784561418993,
2016-09,Interbank,Interbank,13867355.827,11243597.145,44.77566883876206,
2016-09,Mibanco,Mibanco,5649734.69,835815.516,12.887349406789866,
2016-09,Scotiabank Perú (con sucursales en el exterior),Scotiabank Perú (con sucursales en el exterior),16283608.825,16061915.775,49.657304908883745,
2016-10,B. Azteca Perú,B. Azteca Perú,447234.464,42935.786,8.75936187477718,
2016-10,B. Cencosud,B. Cencosud,477834.395,4343.857,0.9008819833707472,
2016-10,B. Continental,B. Continental,22993900.401,23044791.117,50.05526950736654,
2016-10,B. de Comercio,B. de Comercio,883540.912,384225.221,30.307263382307127,
2016-10,B. de Crédito del Perú (con sucursales en el exterior),B. de Crédito del Perú (con sucursales en el exterior),32636726.481,37367134.779,53.378676699297266,
2016-10,B. Falabella Perú .,B. Falabella Perú .,2353506.421,370271.484,13.594040957608838,
2016-10,B. Financiero,B. Financiero,3227572.641,1737509.204,34.994573266697074,
2016-10,B. GNB,B. GNB,2358380.715,1584633.711,40.18838228313395,
2016-10,B. ICBC,B. ICBC,61294.497,128511.426,67.70675222816939,
2016-10,B. Interamericano de Finanzas,B. Interamericano de Finanzas,3848887.394,4134277.118,51.78744734353784,
2016-10,B. Ripley,B. Ripley,1237756.523,22798.501,1.808608157988667,
2016-10,B. Santander Perú,B. Santander Perú,731029.479,2548015.454,77.70602434742543,
2016-10,Citibank,Citibank,2093492.401,2830286.73,57.48200020144242,
2016-10,Interbank,Interbank,13973338.015,10225868.709,42.2570410081183,
2016-10,Mibanco,Mibanco,5849461.566,792436.939,11.93087997962414,
2016-10,Scotiabank Perú (con sucursales en el exterior),Scotiabank Perú (con sucursales en el exterior),15386328.897,16152167.396,51.214132867789864,
2016-11,B. Azteca Perú,B. Azteca Perú,437852.637,29494.549,6.311057364534982,
2016-11,B. Cencosud,B. Cencosud,505260.085,4401.06,0.8635266869323539,
2016-11,B. Continental,B. Continental,23952102.26,22752929.926,48.71622791177579,
2016-11,B. de Comercio,B. de Comercio,900005.257,386338.443,30.033842665844286,
2016-11,B. de Crédito del Perú (con sucursales en el exterior),B. de Crédito del Perú (con sucursales en el exterior),33303229.358,37184859.692,52.753394499918,
2016-11,B. Falabella Perú .,B. Falabella Perú .,2356850.51,372094.538,13.63510556112891,
2016-11,B. Financiero,B. Financiero,3149204.405,2033235.341,39.233168944594624,
2016-11,B. GNB,B. GNB,2432905.211,1568993.833,39.20623223497789,
2016-11,B. ICBC,B. ICBC,56142.124,120285.003,68.17829267264551,
2016-11,B. Interamericano de Finanzas,B. Interamericano de Finanzas,3861632.341,4064850.221,51.28189192627659,
2016-11,B. Ripley,B. Ripley,1234592.489,23269.012,1.8498866513921546,
2016-11,B. Santander Perú,B. Santander Perú,654799.184,2389577.425,78.49151835997436,
2016-11,Citibank,Citibank,2106559.872,2933178.13,58.201004275142466,
2016-11,Interbank,Interbank,13532185.814,10898002.29,44.60875308698769,
2016-11,Mibanco,Mibanco,5651753.362,756160.481,11.800415853375263,
2016-11,Scotiabank Perú (con sucursales en el exterior),Scotiabank Perú (con sucursales en el exterior),16450000.907,15780585.921,48.961522187646835,
2016-12,B. Azteca Perú,B. Azteca Perú,427537.642,28345.169,6.217643726865588,
2016-12,B. Cencosud,B. Cencosud,487125.985,4247.683,0.8644506770761676,
2016-12,B. Continental,B. Continental,24603395.984,24110520.866,49.49411261722429,
2016-12,B. de Comercio,B. de Comercio,902352.572,372834.158,29.237612753388674,
2016-12,B. de Crédito del Perú (con sucursales en el exterior),B. de Crédito del Perú (con sucursales en el exterior),31447959.291,34889565.951,52.594011946816664,
2016-12,B. Falabella Perú .,B. Falabella Perú .,2451186.399,361857.655,12.86356160990289,
2016-12,B. Financiero,B. Financiero,3120506.127,1888803.02,37.705858524047684,
2016-12,B. GNB,B. GNB,2413152.359,1456515.764,37.63929406098064,
2016-12,B. ICBC,B. ICBC,53254.174,82306.248,60.71554424638778,
2016-12,B. Interamericano de Finanzas,B. Interamericano de Finanzas,3941708.737,3941291.488,49.99735348859514,
2016-12,B. Ripley,B. Ripley,1328539.039,21826.065,1.6163084291313259,
2016-12,B. Santander Perú,B. Santander Perú,619296.314,2540738.6,80.40223191027694,
2016-12,Citibank,Citibank,2114196.055,2861037.523,57.505592011824945,
2016-12,Interbank,Interbank,14315354.319,12152729.931,45.91465636958595,
2016-12,Mibanco,Mibanco,5637172.301,710439.436,11.192232062003322,
2016-12,Scotiabank Perú (con sucursales en el exterior),Scotiabank Perú (con sucursales en el exterior),16252176.696,14663262.931,47.4302261520934,
2017-01,B. Azteca Perú,B. Azteca Perú,407435.8,26776.305,6.166641761403681,
2017-01,B. Cencosud,B. Cencosud,489967.717,3895.852,0.7888518701406784,
2017-01,B. Continental,B. Continental,23750330.994,24540635.351,50.81827349586868,
2017-01,B. de Comercio,B. de Comercio,958985.63,359905.747,27.288505579485644,
2017-01,B. de Crédito del Perú (con sucursales en el exterior),B. de Crédito del Perú (con sucursales en el exterior),32483476.275,36380751.09,52.829680201262796,
2017-01,B. Falabella Perú .,B. Falabella Perú .,2416628.169,349542.167,12.636321142300039,
2017-01,B. Financiero,B. Financiero,3080418.424,1742730.97,36.13263508213032,
2017-01,B. GNB,B. GNB,2454410.097,1264246.059,33.99739061542854,
2017-01,B. ICBC,B. ICBC,44236.14,104654.495,70.28950813461168,
2017-01,B. Interamericano de Finanzas,B. Interamericano de Finanzas,4106029.131,3859427.805,48.45205787953305,
2017-01,B. Ripley,B. Ripley,1279531.044,21348.426,1.641076401951366,
2017-01,B. Santander Perú,B. Santander Perú,696833.916,2400318.584,77.50081999514069,
2017-01,Citibank,Citibank,2155394.64,3523996.793,62.04884510202767,
2017-01,Interbank,Interbank,14833258.185,12284944.661,45.3014704947974,
2017-01,Mibanco,Mibanco,5906897.753,694893.569,10.525833597380103,
2017-01,Scotiabank Perú¨*,Scotiabank Perú *,16941882.282,14301202.623,45.77397739847162,
2017-02,B. Azteca Perú,B. Azteca Perú,393694.833,25739.134,6.136635567238168,
2017-02,B. Cencosud,B. Cencosud,482317.853,3583.268,0.737447979668275,
2017-02,B. Continental,B. Continental,24764775.729,24759343.356,49.99451542692695,
2017-02,B. de Comercio,B. de Comercio,978077.106,359405.401,26.87178330325632,
2017-02,B. de Crédito del Perú (con sucursales en el exterior),B. de Crédito del Perú (con sucursales en el exterior),33927047.018,36687935.902,51.95488887048788,
2017-02,B. Falabella Perú .,B. Falabella Perú .,2401188.304,341787.605,12.460466892128288,
2017-02,B. Financiero,B. Financiero,2991681.917,1873792.277,38.5120175811583,
2017-02,B. GNB,B. GNB,2519550.114,1246062.568,33.09056648221688,
2017-02,B. ICBC,B. ICBC,98908.269,166712.35,62.76333163729281,
2017-02,B. Interamericano de Finanzas,B. Interamericano de Finanzas,3828571.445,3756607.422,49.525627382940925,
2017-02,B. Ripley,B. Ripley,1225065.119,21538.679,1.7277886554297184,
2017-02,B. Santander Perú,B. Santander Perú,697202.324,2379833.989,77.34175833237884,
2017-02,Citibank,Citibank,2178367.579,3015932.961,58.062350027208865,
2017-02,Interbank,Interbank,15127043.194,10263468.834,40.4224571079217,
2017-02,Mibanco,Mibanco,5952624.631,703729.848,10.572301253188712,
2017-02,Scotiabank Perú,Scotiabank Perú,16490694.29,14893533.867,47.45547283334454,
2017-03,B. Azteca Perú,B. Azteca Perú,374408.484,23140.754,5.82085230911699,
2017-03,B. Cencosud,B. Cencosud,466427.063,3268.341,0.6958426614708795,
2017-03,B. Continental,B. Continental,25494038.622,21946862.846,46.261479370925684,
2017-03,B. de Comercio,B. de Comercio,1000857.679,350366.165,25.929542803420212,
2017-03,B. de Crédito del Perú (con sucursales en el exterior),B. de Crédito del Perú (con sucursales en el exterior),33407826.13,36714273.783,52.35763593581929,
2017-03,B. Falabella Perú .,B. Falabella Perú .,2416788.303,336330.134,12.216333648416885,
2017-03,B. Financiero,B. Financiero,2913924.929,1936421.304,39.92336239473567,
2017-03,B. GNB,B. GNB,2689076.767,1243152.69,31.614449349769973,
2017-03,B. ICBC,B. ICBC,58950.538,136841.211,69.89120414875093,
2017-03,B. Interamericano de Finanzas,B. Interamericano de Finanzas,4156541.66,3866296.053,48.19112876651055,
2017-03,B. Ripley,B. Ripley,1189894.625,21063.395,1.7393992733125463,
2017-03,B. Santander Perú,B. Santander Perú,756189.664,2532540.343,77.00663592357948,
2017-03,Citibank,Citibank,2222143.381,2846245.807,56.1568123801309,
2017-03,Interbank,Interbank,14453239.606,10054822.196,41.02659066731857,
2017-03,Mibanco,Mibanco,6064004.393,648269.119,9.657966378173416,
2017-03,Scotiabank Perú,Scotiabank Perú,17394005.862,16137297.733,48.126067294939,
2017-04,B. Azteca Perú,B. Azteca Perú,366034.04,22325.754,5.748729488717362,
2017-04,B. Cencosud,B. Cencosud,450996.873,3219.259,0.7087504765242464,
2017-04,B. Continental,B. Continental,25974541.562,21603249.805,45.40616364126569,
2017-04,B. de Comercio,B. de Comercio,1027073.829,348595.654,25.340073201289435,
2017-04,B. de Crédito del Perú (con sucursales en el exterior),B. de Crédito del Perú (con sucursales en el exterior),33164801.696,37100672.318,52.80071448832453,
2017-04,B. Falabella Perú .,B. Falabella Perú .,2374652.567,329858.49,12.196603491275724,
2017-04,B. Financiero,B. Financiero,2991959.814,1917768.074,39.060577648045815,
2017-04,B. GNB,B. GNB,2672666.22,1228795.229,31.495767549233577,
2017-04,B. ICBC,B. ICBC,129529.288,230873.482,64.05985225918212,
2017-04,B. Interamericano de Finanzas,B. Interamericano de Finanzas,4290998.861,3896146.452,47.588583114721125,
2017-04,B. Ripley,B. Ripley,1197290.436,21064.789,1.7289529824932623,
2017-04,B. Santander Perú,B. Santander Perú,705005.438,2537162.926,78.25512561814634,
2017-04,Citibank,Citibank,2155245.444,2579506.466,54.48028777499347,
2017-04,Interbank,Interbank,15189877.261,9913473.309,39.49063803796451,
2017-04,Mibanco,Mibanco,5973324.295,657566.39,9.916712870678248,
2017-04,Scotiabank Perú,Scotiabank Perú,17071715.276,16314784.891,48.86641250024139,
2017-05,B. Azteca Perú,B. Azteca Perú,358348.467,21717.355,5.714103648078096,
2017-05,B. Cencosud,B. Cencosud,465243.045,3079.139,0.6574830544435623,
2017-05,B. Continental,B. Continental,26092844.378,22300501.967,46.081752247546504,
2017-05,B. de Comercio,B. de Comercio,1037510.608,352134.934,25.339910312179452,
2017-05,B. de Crédito del Perú (con sucursales en el exterior),B. de Crédito del Perú (con sucursales en el exterior),34272674.512,37051628.406,51.94811149938254,
2017-05,B. Falabella Perú .,B. Falabella Perú .,2492136.788,332828.437,11.781682622305553,
2017-05,B. Financiero,B. Financiero,3011879.425,1902313.123,38.71059394638926,
2017-05,B. GNB,B. GNB,2748685.808,1329303.585,32.597033903074696,
2017-05,B. ICBC,B. ICBC,51818.399,168494.864,76.47967340032542,
2017-05,B. Interamericano de Finanzas,B. Interamericano de Finanzas,4357954.312,4243180.683,49.3327995138623,
2017-05,B. Ripley,B. Ripley,1233740.044,21032.846,1.6762273211050969,
2017-05,B. Santander Perú,B. Santander Perú,828171.708,2748699.23,76.84647496778089,
2017-05,Citibank,Citibank,1988691.819,2542336.357,56.10948019406003,
2017-05,Interbank,Interbank,15159209.566,10259990.892,40.36315347114291,
2017-05,Mibanco,Mibanco,6312861.644,633550.32,9.120540550767712,
2017-05,Scotiabank Perú,Scotiabank Perú,17105794.849,15688371.014,47.83890854104753,
2017-06,B. Azteca Perú,B. Azteca Perú,351857.302,20172.948,5.422394549905552,
2017-06,B. Cencosud,B. Cencosud,445630.702,2965.072,0.660967439251891,
2017-06,B. Continental,B. Continental,25970360.412,20530534.66,44.15083758755912,
2017-06,B. de Comercio,B. de Comercio,1066232.229,343082.566,24.34392707840692,
2017-06,B. de Crédito del Perú (con sucursales en el exterior),B. de Crédito del Perú (con sucursales en el exterior),33958959.435,37571734.386,52.5253319645135,
2017-06,B. Falabella Perú .,B. Falabella Perú .,2442406.07,324693.213,11.73406444050602,
2017-06,B. Financiero,B. Financiero,3191368.868,2038178.713,38.974283748848826,
2017-06,B. GNB,B. GNB,2763082.01,1335844.216,32.59010146429506,
2017-06,B. ICBC,B. ICBC,44913.217,132861.556,74.73588842664421,
2017-06,B. Interamericano de Finanzas,B. Interamericano de Finanzas,4249446.941,4157256.395,49.45168431479429,
2017-06,B. Ripley,B. Ripley,1298275.627,20537.64,1.5572818771165728,
2017-06,B. Santander Perú,B. Santander Perú,823006.314,2361125.214,74.15287946610226,
2017-06,Citibank,Citibank,1962677.019,2132026.409,52.06790788365735,
2017-06,Interbank,Interbank,14992290.089,10376887.233,40.90352281152304,
2017-06,Mibanco,Mibanco,6306774.927,600170.613,8.689378098093416,
2017-06,Scotiabank Perú,Scotiabank Perú,17770717.528,15425385.542,46.46745887453349,
2017-07,B. Azteca Perú,B. Azteca Perú,348635.19,19543.811,5.308236196773211,
2017-07,B. Cencosud,B. Cencosud,454217.105,3057.14,0.6685572243413795,
2017-07,B. Continental,B. Continental,25256946.106,20240715.822,44.4873757557716,
2017-07,B. de Comercio,B. de Comercio,1069309.388,336983.743,23.962553437232142,
2017-07,B. de Crédito del Perú (con sucursales en el exterior),B. de Crédito del Perú (con sucursales en el exterior),34713933.611,37498672.239,51.92815270631866,
2017-07,B. Falabella Perú .,B. Falabella Perú .,2321726.511,320504.384,12.130067232447526,
2017-07,B. Financiero,B. Financiero,3238227.974,2025247.076,38.47737581657198,
2017-07,B. GNB,B. GNB,2729165.007,1246359.567,31.35082034585356,
2017-07,B. ICBC,B. ICBC,24804.851,145704.517,85.45249959521286,
2017-07,B. Interamericano de Finanzas,B. Interamericano de Finanzas,4523162.75,4364821.067,49.109237335147135,
2017-07,B. Ripley,B. Ripley,1214758.019,18979.209,1.5383510012717228,
2017-07,B. Santander Perú,B. Santander Perú,815863.944,2616003.97,76.2268256108647,
2017-07,Citibank,Citibank,2043086.017,1830337.985,47.253747177043486,
2017-07,Interbank,Interbank,14888338.826,9661410.596,39.35441633201368,
2017-07,Mibanco,Mibanco,6343245.31,535934.107,7.790669126547074,
2017-07,Scotiabank Perú,Scotiabank Perú,18587650.791,14698674.931,44.15829807639349,
2017-08,B. Azteca Perú,B. Azteca Perú,340957.769,19313.552,5.360835257825032,
2017-08,B. Cencosud,B. Cencosud,445194.424,3026.301,0.6751809613444358,
2017-08,B. Continental,B. Continental,26018816.503,19635041.109,43.00850385059023,
2017-08,B. de Comercio,B. de Comercio,1142473.494,320308.619,21.89722010908948,
2017-08,B. de Crédito del Perú (con sucursales en el exterior),B. de Crédito del Perú (con sucursales en el exterior),35496078.169,37233922.958,51.194723471793566,
2017-08,B. Falabella Perú .,B. Falabella Perú .,2367421.238,306944.769,11.477290998935436,
2017-08,B. Financiero,B. Financiero,3368762.112,2008465.363,37.35131854357714,
2017-08,B. GNB,B. GNB,2871742.087,1211824.572,29.675640761959706,
2017-08,B. ICBC,B. ICBC,57414.922,101331.258,63.83224969570922,
2017-08,B. Interamericano de Finanzas,B. Interamericano de Finanzas,4274147.655,4183563.31,49.464486636071754,
2017-08,B. Ripley,B. Ripley,1274738.906,19123.885,1.478045827812974,
2017-08,B. Santander Perú,B. Santander Perú,860967.14,2440852.708,73.92446651741128,
2017-08,Citibank,Citibank,1989748.697,1821224.139,47.78895618976802,
2017-08,Interbank,Interbank,16022385.601,10253187.781,39.0217470497672,
2017-08,Mibanco,Mibanco,6258950.963,507116.603,7.494997619419279,
2017-08,Scotiabank Perú,Scotiabank Perú,20081513.327,13842562.947,40.80453903945847,
2017-09,B. Azteca Perú,B. Azteca Perú,335108.243,18675.114,5.278686413730876,
2017-09,B. Cencosud,B. Cencosud,447297.8,2926.753,0.6500651687026052,
2017-09,B. Continental,B. Continental,29076863.816,20398278.177,41.22934741629656,
2017-09,B. de Comercio,B. de Comercio,1131117.459,324172.141,22.275438579372793,
2017-09,B. de Crédito del Perú (con sucursales en el exterior),B. de Crédito del Perú (con sucursales en el exterior),36500660.379,36644293.71,50.098184032507035,
2017-09,B. Falabella Perú .,B. Falabella Perú .,2296107.854,300126.759,11.560078488176293,
2017-09,B. Financiero,B. Financiero,3400260.131,2034233.031,37.43188132472251,
2017-09,B. GNB,B. GNB,2807136.866,1187165.005,29.721464309426,
2017-09,B. ICBC,B. ICBC,88033.521,1489430.411,94.41930054854656,
2017-09,B. Interamericano de Finanzas,B. Interamericano de Finanzas,4464514.917,4658166.36,51.0613734993035,
2017-09,B. Ripley,B. Ripley,1278481.195,18713.934,1.4426460276971946,
2017-09,B. Santander Perú,B. Santander Perú,962986.164,2380506.546,71.19819758781529,
2017-09,Citibank,Citibank,1869341.289,1271762.516,40.48775828342929,
2017-09,Interbank,Interbank,15659923.605,9601142.08,38.0076684005503,
2017-09,Mibanco,Mibanco,6404198.605,485297.495,7.044020171518785,
2017-09,Scotiabank Perú,Scotiabank Perú,19344634.766,13705898.289,41.469522643376926,
2017-10,B. Azteca Perú,B. Azteca Perú,329520.43,17897.393,5.151547161701028,
2017-10,B. Cencosud,B. Cencosud,447996.678,2560.241,0.5682391928820874,
2017-10,B. Continental,B. Continental,29208384.375,20151387.668,40.82552822659923,
2017-10,B. de Comercio,B. de Comercio,1106452.423,331222.572,23.03876558693295,
2017-10,B. de Crédito del Perú (con sucursales en el exterior),B. de Crédito del Perú (con sucursales en el exterior),36810802.331,36896317.892,50.058010379961445,
2017-10,B. Falabella Perú .,B. Falabella Perú .,2256308.799,292753.435,11.484750395466413,
2017-10,B. Financiero,B. Financiero,3451444.628,2135438.111,38.222354231515936,
2017-10,B. GNB,B. GNB,2839338.574,1172275.252,29.222036388504556,
2017-10,B. ICBC,B. ICBC,96512.984,331250.392,77.43776362939496,
2017-10,B. Interamericano de Finanzas,B. Interamericano de Finanzas,4909207.349,4016139.542,44.99701346117685,
2017-10,B. Ripley,B. Ripley,1267022.933,18024.149,1.4026061186760472,
2017-10,B. Santander Perú,B. Santander Perú,1137131.202,2412691.277,67.96653329210042,
2017-10,Citibank,Citibank,2203070.578,1340411.614,37.82752505504901,
2017-10,Interbank,Interbank,16593352.44,10621963.262,39.02935897678899,
2017-10,Mibanco,Mibanco,6467650.417,547644.971,7.806442077075943,
2017-10,Scotiabank Perú,Scotiabank Perú,19974150.576,13812033.513,40.8807146631776,
2017-11,B. Azteca Perú,B. Azteca Perú,329238.217,17037.691,4.920264623203298,
2017-11,B. Cencosud,B. Cencosud,480365.803,2446.135,0.5066434376359601,
2017-11,B. Continental,B. Continental,28641933.952,20642823.973,41.884803420184404,
2017-11,B. de Comercio,B. de Comercio,1101952.44,319480.679,22.475955761095502,
2017-11,B. de Crédito del Perú (con sucursales en el exterior),B. de Crédito del Perú (con sucursales en el exterior),36694354.301,38401862.619,51.136880383614404,
2017-11,B. Falabella Perú .,B. Falabella Perú .,2269955.425,290141.846,11.33323523627943,
2017-11,B. Financiero,B. Financiero,3532933.771,2038483.364,36.58823804798454,
2017-11,B. GNB,B. GNB,2926083.295,1209580.779,29.247558731966784,
2017-11,B. ICBC,B. ICBC,120798.266,370041.007,75.3894456607591,
2017-11,B. Interamericano de Finanzas,B. Interamericano de Finanzas,4438039.917,3828717.898,46.314625197472296,
2017-11,B. Ripley,B. Ripley,1246862.577,18575.519,1.4679121055954047,
2017-11,B. Santander Perú,B. Santander Perú,1117990.643,2228333.369,66.59048439449204,
2017-11,Citibank,Citibank,2173590.453,1802541.841,45.33405097511577,
2017-11,Interbank,Interbank,16153751.716,10464579.922,39.313432803808396,
2017-11,Mibanco,Mibanco,6703831.152,566221.514,7.788410070920937,
2017-11,Scotiabank Perú,Scotiabank Perú,21250465.703,13587764.894,39.00245408895729,
2017-12,B. Azteca Perú,B. Azteca Perú,333874.176,16608.521,4.73875633295529,
2017-12,B. Cencosud,B. Cencosud,490187.479,2421.741,0.4916150371688131,
2017-12,B. Continental,B. Continental,29245071.7,19401183.563,39.8821727553537,
2017-12,B. de Comercio,B. de Comercio,1094923.258,314451.046,22.31139343945354,
2017-12,B. de Crédito del Perú (con sucursales en el exterior),B. de Crédito del Perú (con sucursales en el exterior),36268525.854,40241893.515,52.596618665646666,
2017-12,B. Falabella Perú .,B. Falabella Perú .,2533749.634,281718.988,10.006113575504093,
2017-12,B. Financiero,B. Financiero,3639246.445,1980446.668,35.24118894355006,
2017-12,B. GNB,B. GNB,2939878.191,1292622.626,30.540398735615888,
2017-12,B. ICBC,B. ICBC,96166.687,363772.417,79.09143054729262,
2017-12,B. Interamericano de Finanzas,B. Interamericano de Finanzas,4866656.648,4030515.865,45.30108704884455,
2017-12,B. Ripley,B. Ripley,1270777.814,18201.837,1.4121120520311456,
2017-12,B. Santander Perú,B. Santander Perú,1175961.969,2340576.625,66.5591052802192,
2017-12,Citibank,Citibank,2282037.92,2040967.867,47.21177735032257,
2017-12,Interbank,Interbank,17637032.699,12430580.498,41.34209262489868,
2017-12,Mibanco,Mibanco,6730350.374,618720.5,8.41903025032658,
2017-12,Scotiabank Perú,Scotiabank Perú,20418927.492,12959783.92,38.826495606840055,
2018-01,B. Azteca Perú,B. Azteca Perú,328233.916,15976.794,4.641573761606662,
2018-01,B. Cencosud,B. Cencosud,519222.563,2100.299,0.4028787442665424,
2018-01,B. Continental,B. Continental,28140907.413,20228426.349,41.82076695232857,
2018-01,B. de Comercio,B. de Comercio,1096896.197,311123.67,22.096539778440498,
2018-01,B. de Crédito del Perú (con sucursales en el exterior),B. de Crédito del Perú (con sucursales en el exterior),38751964.65,41123714.979,51.484651110335534,
2018-01,B. Falabella Perú .,B. Falabella Perú .,2612402.66,273814.931,9.486981572485329,
2018-01,B. Financiero,B. Financiero,3617607.066,1982950.833,35.40630895636421,
2018-01,B. GNB,B. GNB,3074933.855,1273712.195,29.28985666699639,
2018-01,B. ICBC,B. ICBC,40055.894,469990.023,92.14661020411619,
2018-01,B. Interamericano de Finanzas,B. Interamericano de Finanzas,5180916.682,4226808.823,44.929125756842545,
2018-01,B. Ripley,B. Ripley,1219860.149,16931.507,1.3689861924488922,
2018-01,B. Santander Perú,B. Santander Perú,1284967.204,2262847.648,63.78144695810073,
2018-01,Citibank,Citibank,2869878.022,1699125.372,37.18809607870474,
2018-01,Interbank,Interbank,17142377.748,11532933.086,40.21903425132371,
2018-01,Mibanco,Mibanco,7006130.69,614815.956,8.067448632811224,
2018-01,Scotiabank Perú,Scotiabank Perú,20694962.614,14326029.426,40.906977762472316,
2018-02,B. Azteca Perú,B. Azteca Perú,326105.925,15881.617,4.6439168243151965,
2018-02,B. Cencosud,B. Cencosud,535049.019,2129.426,0.3964094277833505,
2018-02,B. Continental,B. Continental,28565121.386,19713095.641,40.832277691562815,
2018-02,B. de Comercio,B. de Comercio,1090907.192,326496.896,23.034849325198223,
2018-02,B. de Crédito del Perú (con sucursales en el exterior),B. de Crédito del Perú (con sucursales en el exterior),38785577.116,39668810.18,50.562895903238434,
2018-02,B. Falabella Perú .,B. Falabella Perú .,2603207.926,268529.887,9.350780067191321,
2018-02,B. Financiero,B. Financiero,3670499.468,2027598.0,35.583771800795034,
2018-02,B. GNB,B. GNB,3030085.272,1264287.744,29.44056651086222,
2018-02,B. ICBC,B. ICBC,84487.937,358922.812,80.94589786320223,
2018-02,B. Interamericano de Finanzas,B. Interamericano de Finanzas,5231687.055,4566475.299,46.60542593617857,
2018-02,B. Ripley,B. Ripley,1111628.355,16900.917,1.4976055490388736,
2018-02,B. Santander Perú,B. Santander Perú,1352659.531,2175634.169,61.66250187732388,
2018-02,Citibank,Citibank,3077029.35,1327667.537,30.14208630152216,
2018-02,Interbank,Interbank,16671748.0,10883857.392,39.49779813278871,
2018-02,Mibanco,Mibanco,6918690.552,574764.568,7.670220996799671,
2018-02,Scotiabank Perú,Scotiabank Perú,20587136.389,14579900.058,41.45899549987179,
2018-03,B. Azteca Perú,B. Azteca Perú,327216.639,15439.446,4.505814043839321,
2018-03,B. Cencosud,B. Cencosud,567829.34,2178.175,0.38213092681769295,
2018-03,B. Continental,B. Continental,28752450.142,19551623.956,40.476138547513365,
2018-03,B. de Comercio,B. de Comercio,1046606.574,318910.524,23.35456102798648,
2018-03,B. de Crédito del Perú (con sucursales en el exterior),B. de Crédito del Perú (con sucursales en el exterior),38711885.218,39041793.366,50.21214954328082,
2018-03,B. Falabella Perú .,B. Falabella Perú .,2592665.522,259950.066,9.112691772895129,
2018-03,B. Financiero,B. Financiero,3635720.231,2022154.235,35.74052848206124,
2018-03,B. GNB,B. GNB,3085429.578,1223861.772,28.400534394129558,
2018-03,B. ICBC,B. ICBC,141672.138,253243.781,64.12599969159511,
2018-03,B. Interamericano de Finanzas,B. Interamericano de Finanzas,5111085.8,4564477.009,47.17531268314667,
2018-03,B. Ripley,B. Ripley,1168329.647,16593.607,1.4003950841528507,
2018-03,B. Santander Perú,B. Santander Perú,1105232.262,2165414.961,66.20753671543255,
2018-03,Citibank,Citibank,2428825.786,1168332.448,32.4793176168074,
2018-03,Interbank,Interbank,17623117.664,11011956.193,38.45618226093057,
2018-03,Mibanco,Mibanco,6802658.454,565697.274,7.677388210918363,
2018-03,Scotiabank Perú,Scotiabank Perú,19517853.791,14225091.593,42.15723147791703,
2018-04,B. Azteca Perú,B. Azteca Perú,321552.096,15041.953,4.468870749405316,
2018-04,B. Cencosud,B. Cencosud,607404.115,2193.125,0.3597662286003789,
2018-04,B. Continental,B. Continental,28082914.21,19968995.513,41.55713191861313,
2018-04,B. de Comercio,B. de Comercio,1026235.193,310700.16,23.239729527894383,
2018-04,B. de Crédito del Perú (con sucursales en el exterior),B. de Crédito del Perú (con sucursales en el exterior),39243816.166,38798716.562,49.71483523891306,
2018-04,B. Falabella Perú .,B. Falabella Perú .,2620672.219,257054.474,8.932553415349648,
2018-04,B. Financiero,B. Financiero,3839861.527,2095461.272,35.304925156775795,
2018-04,B. GNB,B. GNB,3103092.72,1128193.849,26.663139700004564,
2018-04,B. ICBC,B. ICBC,171291.364,269244.992,61.117541908391324,
2018-04,B. Interamericano de Finanzas,B. Interamericano de Finanzas,5738210.245,4372230.994,43.24471000468865,
2018-04,B. Ripley,B. Ripley,1119119.931,16462.402,1.4496881046492995,
2018-04,B. Santander Perú,B. Santander Perú,1226570.259,2092817.839,63.04830219343637,
2018-04,Citibank,Citibank,2380267.305,1270630.633,34.803236205941836,
2018-04,Interbank,Interbank,17672322.989,10370877.495,36.9817899384098,
2018-04,Mibanco,Mibanco,7229295.691,563303.822,7.228702322764937,
2018-04,Scotiabank Perú,Scotiabank Perú,18566596.924,13289478.491,41.717249591713404,
2018-05,B. Azteca Perú,B. Azteca Perú,322815.015,14821.511,4.389783053270723,
2018-05,B. Cencosud,B. Cencosud,672736.855,2237.363,0.33147384601288576,
2018-05,B. Continental,B. Continental,27871765.863,20234271.088,42.06181255090767,
2018-05,B. de Comercio,B. de Comercio,1057986.86,307481.756,22.518405212471023,
2018-05,B. de Crédito del Perú (con sucursales en el exterior),B. de Crédito del Perú (con sucursales en el exterior),39478887.668,39831803.161,50.22248923147128,
2018-05,B. Falabella Perú .,B. Falabella Perú .,2649859.535,260056.608,8.936910729389359,
2018-05,B. Financiero,B. Financiero,3858246.859,2174319.726,36.043029038526555,
2018-05,B. GNB,B. GNB,3165396.214,1162261.849,26.85660077761092,
2018-05,B. ICBC,B. ICBC,141900.19,329730.905,69.91288498482061,
2018-05,B. Interamericano de Finanzas,B. Interamericano de Finanzas,5466331.598,4017285.905,42.36026920876123,
2018-05,B. Ripley,B. Ripley,1139530.634,17368.926,1.5013339619560404,
2018-05,B. Santander Perú,B. Santander Perú,1413432.501,2196549.465,60.84654953093469,
2018-05,Citibank,Citibank,2728052.29,1309085.392,32.42607746168019,
2018-05,Interbank,Interbank,17156692.981,10272080.724,37.45001812504472,
2018-05,Mibanco,Mibanco,7121197.096,621713.865,8.029459051401844,
2018-05,Scotiabank Perú,Scotiabank Perú,20924771.925,14412478.507,40.785511976191096,
2018-06,B. Azteca Perú,B. Azteca Perú,320755.334,14092.013,4.208488771452027,
2018-06,B. Cencosud,B. Cencosud,669589.448,2247.41,0.3345172229297369,
2018-06,B. Continental,B. Continental,27019791.678,19741264.276,42.21731924835053,
2018-06,B. de Comercio,B. de Comercio,1036983.522,302750.185,22.597788158807592,
2018-06,B. de Crédito del Perú (con sucursales en el exterior),B. de Crédito del Perú (con sucursales en el exterior),38976447.788,37548737.843,49.06716335724794,
2018-06,B. Falabella Perú .,B. Falabella Perú .,2602049.218,253356.884,8.872884449694993,
2018-06,B. Financiero,B. Financiero,3936046.82,2058419.142,34.33865760601011,
2018-06,B. GNB,B. GNB,3063868.342,1063517.267,25.767334767096628,
2018-06,B. ICBC,B. ICBC,146065.394,327805.579,69.17612550199398,
2018-06,B. Interamericano de Finanzas,B. Interamericano de Finanzas,5257267.189,4139296.362,44.05117189421326,
2018-06,B. Ripley,B. Ripley,1168819.809,17034.954,1.436512676890096,
2018-06,B. Santander Perú,B. Santander Perú,1636233.099,2320736.526,58.64933891171833,
2018-06,Citibank,Citibank,3298362.497,1283035.486,28.00532699322141,
2018-06,Interbank,Interbank,17569378.167,10834560.691,38.14457123417034,
2018-06,Mibanco,Mibanco,7164505.684,564774.234,7.3069450193510255,
2018-06,Scotiabank Perú,Scotiabank Perú,21610753.928,16413608.224,43.16603170984863,
2018-07,B. Azteca Perú,B. Azteca Perú,322795.132,13881.641,4.123135931328414,
2018-07,B. Cencosud,B. Cencosud,648037.405,2088.623,0.32126432569163343,
2018-07,B. Continental,B. Continental,28288685.369,20186593.121,41.64306786842763,
2018-07,B. de Comercio,B. de Comercio,1024899.759,295901.129,22.403159453357365,
2018-07,B. de Crédito del Perú (con sucursales en el exterior),B. de Crédito del Perú (con sucursales en el exterior),38913501.408,37092979.64,48.80239043901381,
2018-07,B. Falabella Perú .,B. Falabella Perú .,2567304.611,247461.901,8.791560505818609,
2018-07,B. Financiero,B. Financiero,3982247.22,2065338.187,34.151451331458645,
2018-07,B. GNB,B. GNB,3066593.1,1104260.899,26.4756546084988,
2018-07,B. ICBC,B. ICBC,146007.283,270793.486,64.96952648376711,
2018-07,B. Interamericano de Finanzas,B. Interamericano de Finanzas,5760592.705,4511687.129,43.920991268821,
2018-07,B. Ripley,B. Ripley,1161874.533,16559.355,1.405200170210991,
2018-07,B. Santander Perú,B. Santander Perú,1212888.449,2494582.799,67.2852904886506,
2018-07,Citibank,Citibank,3010915.158,1256527.378,29.444506104065322,
2018-07,Interbank,Interbank,17423009.667,11189111.334,39.1061932584758,
2018-07,Mibanco,Mibanco,7365383.082,519643.897,6.590261496681685,
2018-07,Scotiabank Perú,Scotiabank Perú,21446271.352,14754432.435,40.757308260671024,
2018-08,B. Azteca Perú,B. Azteca Perú,320241.543,13619.571,4.079412195335812,
2018-08,B. Cencosud,B. Cencosud,649420.081,1870.749,0.2872371164814343,
2018-08,B. Continental,B. Continental,28633255.182,20840008.6,42.123779607162845,
2018-08,B. de Comercio,B. de Comercio,994400.078,299331.53,23.137065535775335,
2018-08,B. de Crédito del Perú (con sucursales en el exterior),B. de Crédito del Perú (con sucursales en el exterior),40170984.678,36918045.332,47.890141213621426,
2018-08,B. Falabella Perú .,B. Falabella Perú .,2437717.713,243040.984,9.066126849536431,
2018-08,B. GNB,B. GNB,3124425.667,1152028.356,26.93886920808829,
2018-08,B. ICBC,B. ICBC,156784.803,216651.194,58.01561599322736,
2018-08,B. Interamericano de Finanzas,B. Interamericano de Finanzas,5386751.91,4422178.509,45.08318766778276,
2018-08,B. Pichincha*,B. Pichincha*,4154072.869,2052167.518,33.06619450800851,
2018-08,B. Ripley,B. Ripley,1143596.725,16386.959,1.4126887495083074,
2018-08,B. Santander Perú,B. Santander Perú,1330173.192,2523527.132,65.4832218344542,
2018-08,Citibank,Citibank,3170862.78,1175604.163,27.047350834988276,
2018-08,Interbank,Interbank,18542587.867,11716344.674,38.72028419417864,
2018-08,Mibanco,Mibanco,7416277.502,492094.891,6.22245471692218,
2018-08,Scotiabank Perú,Scotiabank Perú,22260316.504,13286362.905,37.37722658177756,
2018-09,B. Azteca Perú,B. Azteca Perú,315687.683,13473.999,4.09342877279379,
2018-09,B. Cencosud,B. Cencosud,640564.525,1802.802,0.2806497037169513,
2018-09,B. Continental,B. Continental,29706469.126,20669997.617,41.03105865373572,
2018-09,B. de Comercio,B. de Comercio,1028939.833,292101.23,22.11144211798055,
2018-09,B. de Crédito del Perú (con sucursales en el exterior),B. de Crédito del Perú (con sucursales en el exterior),39813532.543,36284898.448,47.68153295077968,
2018-09,B. Falabella Perú .,B. Falabella Perú .,2401258.059,237015.452,8.98373315017527,
2018-09,B. GNB,B. GNB,3063697.524,1145255.841,27.209991218327506,
2018-09,B. ICBC,B. ICBC,157288.445,261862.855,62.47454200905496,
2018-09,B. Interamericano de Finanzas,B. Interamericano de Finanzas,5385203.435,4258345.713,44.15745331565142,
2018-09,B. Pichincha*,B. Pichincha*,4164438.791,1999091.956,32.4342010782217,
2018-09,B. Ripley,B. Ripley,1113271.741,16125.433,1.42779115896743,
2018-09,B. Santander Perú,B. Santander Perú,1329438.589,2545681.029,65.69296640999845,
2018-09,Citibank,Citibank,3212059.623,1411468.305,30.527950235839906,
2018-09,Interbank,Interbank,17526685.801,11031283.525,38.62768882154658,
2018-09,Mibanco,Mibanco,7478456.681,516254.044,6.457444950267416,
2018-09,Scotiabank Perú,Scotiabank Perú,21565053.144,13300559.474,38.14807334586556,
2018-10,B. Azteca Perú,B. Azteca Perú,310556.234,13403.523,4.137403708448886,
2018-10,B. Cencosud,B. Cencosud,654929.12,1741.42,0.2651892987311415,
2018-10,B. Continental,B. Continental,28461107.315,20438939.976,41.79738284171714,
2018-10,B. de Comercio,B. de Comercio,1008652.195,296564.933,22.721501782192366,
2018-10,B. de Crédito del Perú (con sucursales en el exterior),B. de Crédito del Perú (con sucursales en el exterior),40147349.787,38383085.027,48.87669999269794,
2018-10,B. Falabella Perú .,B. Falabella Perú .,2285033.592,238008.827,9.433405685439645,
2018-10,B. GNB,B. GNB,3068435.765,1160385.159,27.439921903867308,
2018-10,B. ICBC,B. ICBC,136961.262,391847.315,74.1000301513642,
2018-10,B. Interamericano de Finanzas,B. Interamericano de Finanzas,5565473.795,4206644.629,43.04741762716076,
2018-10,B. Pichincha,B. Pichincha,4258031.901,1874500.051,30.566494649712673,
2018-10,B. Ripley,B. Ripley,1160841.59,15999.022,1.359489283158763,
2018-10,B. Santander Perú,B. Santander Perú,1364393.399,2465434.218,64.37454800984584,
2018-10,Citibank,Citibank,3670559.27,1385454.153,27.4021059101132,
2018-10,Interbank,Interbank,19149327.525,11084175.385,36.661895970161666,
2018-10,Mibanco,Mibanco,7516034.602,532666.379,6.618041597736428,
2018-10,Scotiabank Perú,Scotiabank Perú,22670707.879,13327609.085,37.02286720328685,
2018-11,B. Azteca Perú,B. Azteca Perú,309253.017,13019.403,4.039875022504253,
2018-11,B. Cencosud,B. Cencosud,678606.727,1620.372,0.23821044506784642,
2018-11,B. Continental,B. Continental,29570971.291,20957646.469,41.47678562778876,
2018-11,B. de Comercio,B. de Comercio,1050634.577,300976.24,22.26796620850068,
2018-11,B. de Crédito del Perú (con sucursales en el exterior),B. de Crédito del Perú (con sucursales en el exterior),42228164.911,37913993.907,47.30842600971274,
2018-11,B. Falabella Perú .,B. Falabella Perú .,2311085.85,239797.163,9.40055509319431,
2018-11,B. GNB,B. GNB,2977555.645,1125882.252,27.43753604320724,
2018-11,B. ICBC,B. ICBC,156831.571,346951.55,68.86922874893222,
2018-11,B. Interamericano de Finanzas,B. Interamericano de Finanzas,6002627.437,4357874.682,42.062388791062034,
2018-11,B. Pichincha,B. Pichincha,4474419.67,2012662.623,31.02569895208203,
2018-11,B. Ripley,B. Ripley,1254368.44,16477.25,1.2965578850096269,
2018-11,B. Santander Perú,B. Santander Perú,1258435.624,2530973.823,66.79071919778217,
2018-11,Citibank,Citibank,3478565.632,1418541.524,28.966928409193255,
2018-11,Interbank,Interbank,17602688.695,11084581.275,38.63937309681894,
2018-11,Mibanco,Mibanco,7746117.892,494549.643,6.0013298789149605,
2018-11,Scotiabank Perú,Scotiabank Perú,22827540.172,14576224.323,38.96993930904601,
2018-12,B. Azteca Perú,B. Azteca Perú,309139.689,12743.259,3.9589729990915825,
2018-12,B. Cencosud,B. Cencosud,653787.962,1631.914,0.24898756655954693,
2018-12,B. Continental,B. Continental,30049863.84,20565898.179,40.6314107674207,
2018-12,B. de Comercio,B. de Comercio,1043239.449,307544.287,22.767840536096003,
2018-12,B. de Crédito del Perú (con sucursales en el exterior),B. de Crédito del Perú (con sucursales en el exterior),44224893.038,38703041.701,46.67069284048917,
2018-12,B. Falabella Perú .,B. Falabella Perú .,2405584.872,236428.68,8.948806482125114,
2018-12,B. GNB,B. GNB,3047151.403,1036868.23,25.38842422846893,
2018-12,B. ICBC,B. ICBC,137850.781,382739.544,73.5202952532781,
2018-12,B. Interamericano de Finanzas,B. Interamericano de Finanzas,5861218.85,4108967.44,41.21254428436563,
2018-12,B. Pichincha,B. Pichincha,4518955.669,1850559.26,29.053378171303446,
2018-12,B. Ripley,B. Ripley,1227725.333,16290.679,1.3095232571652782,
2018-12,B. Santander Perú,B. Santander Perú,1143671.779,2817995.996,71.1315576178015,
2018-12,Citibank,Citibank,3344594.672,1427588.906,29.914794405254124,
2018-12,Interbank,Interbank,19556379.635,11220930.619,36.45845113297925,
2018-12,Mibanco,Mibanco,7829038.376,538622.423,6.436953360542165,
2018-12,Scotiabank Perú,Scotiabank Perú,22205784.714,13073513.604,37.05718148404813,
2019-01,B. Azteca Perú,B. Azteca Perú,306378.062,12152.669,3.8152265440284947,
2019-01,B. Cencosud,B. Cencosud,642015.747,1588.721,0.2468474162301807,
2019-01,B. Continental,B. Continental,30514660.921,22333170.277,42.25938845688182,
2019-01,B. de Comercio,B. de Comercio,1059575.239,297202.596,21.90503031028658,
2019-01,B. de Crédito del Perú (con sucursales en el exterior),B. de Crédito del Perú (con sucursales en el exterior),44421040.546,38859959.029,46.66125434049824,
2019-01,B. Falabella Perú .,B. Falabella Perú .,2259737.952,226868.421,9.123616164720575,
2019-01,B. GNB,B. GNB,3103888.099,1032673.04,24.964529842526282,
2019-01,B. ICBC,B. ICBC,131974.799,427216.914,76.3990066497999,
2019-01,B. Interamericano de Finanzas,B. Interamericano de Finanzas,6082959.466,4218036.261,40.947849827217,
2019-01,B. Pichincha,B. Pichincha,4687376.756,1908548.162,28.935262085710722,
2019-01,B. Ripley,B. Ripley,1246869.935,15942.205,1.2624367865199648,
2019-01,B. Santander Perú,B. Santander Perú,1428355.912,2684149.956,65.2679909075816,
2019-01,Citibank,Citibank,2902998.262,1449943.191,33.309503623135456,
2019-01,Interbank,Interbank,18956800.223,11005691.968,36.73156390944623,
2019-01,Mibanco,Mibanco,7951799.1,552011.217,6.491339722106362,
2019-01,Scotiabank Perú,Scotiabank Perú,22909765.428,13639611.504,37.31831469897956,
2019-02,B. Azteca Perú,B. Azteca Perú,307417.309,11719.107,3.6721309172062644,
2019-02,B. Cencosud,B. Cencosud,630781.298,1643.201,0.25982563967687156,
2019-02,B. Continental,B. Continental,30067747.129,22004850.38,42.258023284121315,
2019-02,B. de Comercio,B. de Comercio,1071708.516,290235.111,21.31036154846664,
2019-02,B. de Crédito del Perú (con sucursales en el exterior),B. de Crédito del Perú (con sucursales en el exterior),44658024.358,37665699.868,45.753153446505735,
2019-02,B. Falabella Perú .,B. Falabella Perú .,2301962.35,220067.827,8.725820531686683,
2019-02,B. GNB,B. GNB,3170309.071,1080452.976,25.41786540986306,
2019-02,B. ICBC,B. ICBC,218358.315,438430.106,66.75362901990015,
2019-02,B. Interamericano de Finanzas,B. Interamericano de Finanzas,6204996.333,3949974.559,38.89695599336239,
2019-02,B. Pichincha,B. Pichincha,4790945.979,1886241.179,28.249038620103335,
2019-02,B. Ripley,B. Ripley,1227168.32,15595.954,1.2549406453246659,
2019-02,B. Santander Perú,B. Santander Perú,1321765.366,3070861.459,69.9094546689611,
2019-02,Citibank,Citibank,3403298.912,1624013.833,32.303815485026085,
2019-02,Interbank,Interbank,18982840.051,12410648.667,39.53255650712098,
2019-02,Mibanco,Mibanco,7957911.799,573134.98,6.718225732987744,
2019-02,Scotiabank Perú,Scotiabank Perú,24573058.724,13244351.338,35.02183601755504,
2019-03,B. Azteca Perú,B. Azteca Perú,310345.51,11784.768,3.658385692014956,
2019-03,B. Continental,B. Continental,31979196.178,22059489.555,40.821661844245874,
2019-03,B. de Comercio,B. de Comercio,1076105.708,328902.329,23.409284526391648,
2019-03,B. de Crédito del Perú (con sucursales en el exterior),B. de Crédito del Perú (con sucursales en el exterior),45285330.433,37599086.451,45.36327558848775,
2019-03,B. Falabella Perú .,B. Falabella Perú .,2288309.361,215708.162,8.614482926683577,
2019-03,B. GNB,B. GNB,3043968.868,1084645.727,26.27142112789048,
2019-03,B. ICBC,B. ICBC,187318.589,675741.985,78.29600903539826,
2019-03,B. Interamericano de Finanzas,B. Interamericano de Finanzas,5753858.834,4440720.746,43.559626085139655,
2019-03,B. Pichincha,B. Pichincha,4663490.21,1745388.323,27.23391173686331,
2019-03,B. Ripley,B. Ripley,1222445.895,14835.716,1.1990573421688073,
2019-03,B. Santander Perú,B. Santander Perú,1190834.528,3202007.08,72.89147585400488,
2019-03,Citibank,Citibank,3642433.353,1530965.477,29.59303017818945,
2019-03,Interbank,Interbank,19240820.785,12678931.033,39.72127072068953,
2019-03,Mibanco,Mibanco,7828800.133,450923.876,5.446122062883364,
2019-03,Scotiabank Perú,Scotiabank Perú,23584519.197,13006715.765,35.54598738880357,
2019-04,B. Azteca Perú,B. Azteca Perú,316577.082,11245.232,3.430282662210724,
2019-04,B. Continental,B. Continental,30976582.022,21916918.752,41.43593906866786,
2019-04,B. de Comercio,B. de Comercio,1078328.417,307706.315,22.200476502922154,
2019-04,B. de Crédito del Perú (con sucursales en el exterior),B. de Crédito del Perú (con sucursales en el exterior),45394509.795,39081665.14,46.26353545253593,
2019-04,B. Falabella Perú .,B. Falabella Perú .,2314207.128,210720.436,8.34560321667905,
2019-04,B. GNB,B. GNB,2973203.439,1065029.562,26.373653073912863,
2019-04,B. ICBC,B. ICBC,185350.133,576688.626,75.67707274584966,
2019-04,B. Interamericano de Finanzas,B. Interamericano de Finanzas,5930229.037,4615595.168,43.76704066251785,
2019-04,B. Pichincha,B. Pichincha,4651588.77,1885348.182,28.841461923893437,
2019-04,B. Ripley,B. Ripley,1353952.739,14505.577,1.0599940699984025,
2019-04,B. Santander Perú,B. Santander Perú,1310815.444,3065459.195,70.04723075836192,
2019-04,Citibank,Citibank,3178998.498,1655656.049,34.24559154960446,
2019-04,Interbank,Interbank,19047080.417,12497699.562,39.61891498472956,
2019-04,Mibanco,Mibanco,7827472.053,522409.533,6.256490318089164,
2019-04,Scotiabank Perú,Scotiabank Perú,23453628.312,14274756.746,37.83558910368244,
2019-05,B. Azteca Perú,B. Azteca Perú,326523.182,11279.577,3.339101502128347,
2019-05,B. Continental,B. Continental,29585277.587,24229153.387,45.023524263791096,
2019-05,B. de Comercio,B. de Comercio,1051148.003,325100.27,23.62221093228576,
2019-05,B. de Crédito del Perú (con sucursales en el exterior),B. de Crédito del Perú (con sucursales en el exterior),45642205.266,39467366.836,46.37241835583445,
2019-05,B. Falabella Perú .,B. Falabella Perú .,2262736.008,214922.02,8.674402099529773,
2019-05,B. GNB,B. GNB,2883817.549,1069476.223,27.05278900785924,
2019-05,B. ICBC,B. ICBC,191266.087,454267.277,70.37084406995886,
2019-05,B. Interamericano de Finanzas,B. Interamericano de Finanzas,5996910.43,4542281.627,43.09895485757917,
2019-05,B. Pichincha,B. Pichincha,4666662.247,2000450.799,30.004752959756548,
2019-05,B. Ripley,B. Ripley,1401685.243,15195.868,1.0724871608511406,
2019-05,B. Santander Perú,B. Santander Perú,1232065.718,3397256.888,73.38561550229538,
2019-05,Citibank,Citibank,3253660.346,1571841.513,32.573638119491605,
2019-05,Interbank,Interbank,19081265.843,13668323.761,41.73586272766779,
2019-05,Mibanco,Mibanco,7755653.021,476433.095,5.787513496414935,
2019-05,Scotiabank Perú,Scotiabank Perú,25118239.099,16483859.546,39.62266347825493,
2019-06,B. Azteca Perú,B. Azteca Perú,340376.102,10677.375,3.0415237847081626,
2019-06,B. BBVA Perú*,B. BBVA Perú*,29702672.809,22427072.278,43.02164194467319,
2019-06,B. de Comercio,B. de Comercio,1029714.99,300957.555,22.616950814146392,
2019-06,B. de Crédito del Perú (con sucursales en el exterior),B. de Crédito del Perú (con sucursales en el exterior),44177659.025,38445603.933,46.531209923944914,
2019-06,B. Falabella Perú .,B. Falabella Perú .,2328113.713,205605.595,8.11477397479737,
2019-06,B. GNB,B. GNB,2900535.403,1008734.799,25.80366019427173,
2019-06,B. ICBC,B. ICBC,133145.011,434312.17,76.53655368932586,
2019-06,B. Interamericano de Finanzas,B. Interamericano de Finanzas,5850852.08,4426842.999,43.0723325120356,
2019-06,B. Pichincha,B. Pichincha,4572385.582,1926311.958,29.641508104407023,
2019-06,B. Ripley,B. Ripley,1281795.282,14457.733,1.1153480711479773,
2019-06,B. Santander Perú,B. Santander Perú,1162072.412,3126236.417,72.9013823784938,
2019-06,Citibank,Citibank,3124056.713,1492030.175,32.322402311765146,
2019-06,Interbank,Interbank,20228799.617,12319399.402,37.849711422768905,
2019-06,Mibanco,Mibanco,7597484.61,476648.457,5.903401059218634,
2019-06,Scotiabank Perú,Scotiabank Perú,24774137.562,15881932.626,39.064111589141476,
2019-07,B. Azteca Perú,B. Azteca Perú,359894.717,10604.854,2.8623120861859244,
2019-07,B. BBVA Perú,B. BBVA Perú,29843268.058,24998423.948,45.58288235393071,
2019-07,B. de Comercio,B. de Comercio,1054538.195,280948.211,21.037144948669738,
2019-07,B. de Crédito del Perú (con sucursales en el exterior),B. de Crédito del Perú (con sucursales en el exterior),46312439.743,37819513.941,44.952615843262436,
2019-07,B. Falabella Perú .,B. Falabella Perú .,2448045.768,201985.673,7.622010436365989,
2019-07,B. GNB,B. GNB,2743057.432,996378.673,26.645158388125473,
2019-07,B. ICBC,B. ICBC,116026.121,771969.167,86.93392605029227,
2019-07,B. Interamericano de Finanzas,B. Interamericano de Finanzas,5966521.623,4197147.657,41.29559454732671,
2019-07,B. Pichincha,B. Pichincha,4655500.522,1905952.323,29.04771805915493,
2019-07,B. Ripley,B. Ripley,1329761.803,14369.297,1.0690398429141323,
2019-07,B. Santander Perú,B. Santander Perú,1230706.302,2809996.279,69.54226951058044,
2019-07,Citibank,Citibank,2994071.42,1725174.277,36.55614451471947,
2019-07,Interbank,Interbank,20301975.06,11760050.535,36.67906289998706,
2019-07,Mibanco,Mibanco,7883961.152,430450.272,5.177158671237773,
2019-07,Scotiabank Perú,Scotiabank Perú,24335004.517,14962829.676,38.07545627709244,
2019-08,B. Azteca Perú,B. Azteca Perú,367959.494,10619.311,2.8050463628041724,
2019-08,B. BBVA Perú,B. BBVA Perú,30308752.229,24308967.817,44.50747449092815,
2019-08,B. de Comercio,B. de Comercio,1048252.085,271228.885,20.55572540769573,
2019-08,B. de Crédito del Perú (con sucursales en el exterior),B. de Crédito del Perú (con sucursales en el exterior),47748579.865,41013877.321,46.20633387272754,
2019-08,B. Falabella Perú .,B. Falabella Perú .,2390380.563,199043.234,7.686777044012776,
2019-08,B. GNB,B. GNB,2786696.206,1133911.087,28.921822622340365,
2019-08,B. ICBC,B. ICBC,114156.799,931253.883,89.08019585359469,
2019-08,B. Interamericano de Finanzas,B. Interamericano de Finanzas,6000414.943,4367349.836,42.12431444091118,
2019-08,B. Pichincha,B. Pichincha,4628692.625,2035167.313,30.540367473731862,
2019-08,B. Ripley,B. Ripley,1311221.634,14530.81,1.0960424825737676,
2019-08,B. Santander Perú,B. Santander Perú,1242996.511,3169239.564,71.8284223719829,
2019-08,Citibank,Citibank,3240329.493,1392509.314,30.057365947979548,
2019-08,Interbank,Interbank,20997336.513,10998019.512,34.37379944579004,
2019-08,Mibanco,Mibanco,7770470.519,401099.712,4.90847781590828,
2019-08,Scotiabank Perú,Scotiabank Perú,24798458.572,16812476.54,40.403986343367514,
2019-09,B. Azteca Perú,B. Azteca Perú,372608.273,10218.904,2.6693256419462617,
2019-09,B. BBVA Perú,B. BBVA Perú,30704859.63,23979183.178,43.85042134173,
2019-09,B. de Comercio,B. de Comercio,1051319.92,265546.554,20.165032616663005,
2019-09,B. de Crédito del Perú (con sucursales en el exterior),B. de Crédito del Perú (con sucursales en el exterior),45938121.891,40098420.447,46.60626677612266,
2019-09,B. Falabella Perú .,B. Falabella Perú .,2405828.806,192435.924,7.406324758909381,
2019-09,B. GNB,B. GNB,2750185.019,1092136.166,28.423864466707776,
2019-09,B. ICBC,B. ICBC,121937.013,1050778.707,89.60216777856444,
2019-09,B. Interamericano de Finanzas,B. Interamericano de Finanzas,5941796.473,4771197.481,44.536546006530116,
2019-09,B. Pichincha,B. Pichincha,4681699.203,1927485.705,29.163743061067947,
2019-09,B. Ripley,B. Ripley,1325977.699,14399.55,1.0742908394441122,
2019-09,B. Santander Perú,B. Santander Perú,1382054.361,3337888.92,70.7188354028867,
2019-09,Citibank,Citibank,2877595.45,1626560.911,36.11244327758807,
2019-09,Interbank,Interbank,21438134.069,11736352.342,35.37764593126741,
2019-09,Mibanco,Mibanco,7712355.882,415561.611,5.112768570275151,
2019-09,Scotiabank Perú,Scotiabank Perú,24608061.339,17009911.278,40.871551900276465,
2019-10,B. Azteca Perú,B. Azteca Perú,420872.612,9903.851,2.2990696685301493,
2019-10,B. BBVA Perú,B. BBVA Perú,31450468.145,23337947.079,42.59649961325554,
2019-10,B. de Comercio,B. de Comercio,1043819.121,256593.188,19.731679423837257,
2019-10,B. de Crédito del Perú (con sucursales en el exterior),B. de Crédito del Perú (con sucursales en el exterior),47369924.964,40540093.955,46.11544219135422,
2019-10,B. Falabella Perú .,B. Falabella Perú .,2368158.4,184725.943,7.235969914051058,
2019-10,B. GNB,B. GNB,2886716.609,1253167.543,30.270594465658856,
2019-10,B. ICBC,B. ICBC,251607.644,921107.71,78.54486656614542,
2019-10,B. Interamericano de Finanzas,B. Interamericano de Finanzas,5598380.074,4409074.26,44.057900369530685,
2019-10,B. Pichincha,B. Pichincha,4661913.864,1750533.881,27.29899643026253,
2019-10,B. Ripley,B. Ripley,1204992.72,14533.899,1.191765622296761,
2019-10,B. Santander Perú,B. Santander Perú,923959.702,3268119.375,77.9593923437814,
2019-10,Citibank,Citibank,3060697.122,1699788.744,35.706202934874966,
2019-10,Interbank,Interbank,21456940.225,11662511.76,35.213480480540625,
2019-10,Mibanco,Mibanco,7726629.17,485980.559,5.917492429768423,
2019-10,Scotiabank Perú,Scotiabank Perú,24424205.627,16656929.717,40.54642009652439,
2019-11,B. Azteca Perú,B. Azteca Perú,492998.242,23216.29,4.497411165480324,
2019-11,B. BBVA Perú,B. BBVA Perú,31689973.452,23743116.316,42.83202761269542,
2019-11,B. de Comercio,B. de Comercio,1084555.151,248003.394,18.611069279511465,
2019-11,B. de Crédito del Perú (con sucursales en el exterior),B. de Crédito del Perú (con sucursales en el exterior),48885840.968,39877278.401,44.92550361510493,
2019-11,B. Falabella Perú .,B. Falabella Perú .,2697684.072,193824.453,6.703229519269703,
2019-11,B. GNB,B. GNB,2880233.86,1234214.721,29.997087014270797,
2019-11,B. ICBC,B. ICBC,376523.953,1019252.258,73.0240456863611,
2019-11,B. Interamericano de Finanzas,B. Interamericano de Finanzas,5737019.496,4368656.888,43.229732696732285,
2019-11,B. Pichincha,B. Pichincha,4841432.411,1757498.063,26.633074403868918,
2019-11,B. Ripley,B. Ripley,1245782.891,15121.423,1.1992522217669248,
2019-11,B. Santander Perú,B. Santander Perú,1050322.382,3481769.892,76.82477940651037,
2019-11,Citibank,Citibank,3103342.354,1560107.622,33.45393710726919,
2019-11,Interbank,Interbank,22652052.662,11439901.067,33.55601488238779,
2019-11,Mibanco,Mibanco,7928815.797,410328.836,4.920514681760406,
2019-11,Scotiabank Perú,Scotiabank Perú,23193110.386,16139679.568,41.03365051621174,
2019-12,B. Azteca Perú,B. Azteca Perú,459390.316,15952.626,3.3560245857189988,
2019-12,B. BBVA Perú,B. BBVA Perú,31977395.786,23385014.462,42.23987784716219,
2019-12,B. de Comercio,B. de Comercio,1104469.756,231904.52,17.353261295490544,
2019-12,B. de Crédito del Perú (con sucursales en el exterior),B. de Crédito del Perú (con sucursales en el exterior),49089999.645,39282611.954,44.45111584146565,
2019-12,B. Falabella Perú .,B. Falabella Perú .,2653503.763,208105.008,7.272308154383975,
2019-12,B. GNB,B. GNB,2992359.717,1162749.205,27.983603482537056,
2019-12,B. ICBC,B. ICBC,449419.559,832121.945,64.93133015222267,
2019-12,B. Interamericano de Finanzas,B. Interamericano de Finanzas,5681257.987,4326543.65,43.23170869019094,
2019-12,B. Pichincha,B. Pichincha,4856030.016,1861278.386,27.70869334279525,
2019-12,B. Ripley,B. Ripley,1324479.57,14167.652,1.0583559108898668,
2019-12,B. Santander Perú,B. Santander Perú,1157567.447,2653548.196,69.62654625487049,
2019-12,Citibank,Citibank,3191951.829,1471175.866,31.54912243937596,
2019-12,Interbank,Interbank,23627848.884,11326013.563,32.40275257183225,
2019-12,Mibanco,Mibanco,8001937.25,398098.761,4.739250647005351,
2019-12,Scotiabank Perú,Scotiabank Perú,24071937.74,15312236.433,38.879160867355125,
2020-01,B. Azteca Perú,B. Azteca Perú,451554.06,16601.723,3.5461962882556133,
2020-01,B. BBVA Perú,B. BBVA Perú,32780956.651,23782191.535,42.04538166227167,
2020-01,B. de Comercio,B. de Comercio,1136523.726,226473.479,16.615843243787136,
2020-01,B. de Crédito del Perú (con sucursales en el exterior),B. de Crédito del Perú (con sucursales en el exterior),48523604.803,39804524.827,45.06438095512518,
2020-01,B. Falabella Perú .,B. Falabella Perú .,2632889.765,193476.396,6.845411563077371,
2020-01,B. GNB,B. GNB,3014034.645,1157368.5,27.74530439205487,
2020-01,B. ICBC,B. ICBC,358717.297,863174.859,70.64247485029277,
2020-01,B. Interamericano de Finanzas,B. Interamericano de Finanzas,5763495.04,4483905.133,43.75651440659319,
2020-01,B. Pichincha,B. Pichincha,4810542.516,1763774.68,26.828256492904394,
2020-01,B. Ripley,B. Ripley,1334990.632,14507.536,1.075031915122985,
2020-01,B. Santander Perú,B. Santander Perú,1212382.917,3120655.049,72.02002552220425,
2020-01,Citibank,Citibank,3176223.883,1508138.967,32.195178198033915,
2020-01,Interbank (con sucursales en el exterior),Interbank (con sucursales en el exterior),23174710.384,11437572.342,33.0448368070458,
2020-01,Mibanco,Mibanco,7958631.244,402266.197,4.811280126788485,
2020-01,Scotiabank Perú,Scotiabank Perú,25364865.299,15615250.519,38.10445677691618,
2020-02,B. Azteca Perú,B. Azteca Perú,448636.537,16069.227,3.4579358047299795,
2020-02,B. BBVA Perú,B. BBVA Perú,33193929.65,23216169.016,41.156051070680114,
2020-02,B. de Comercio,B. de Comercio,1149432.539,230821.784,16.723134291534475,
2020-02,B. de Crédito del Perú (con sucursales en el exterior),B. de Crédito del Perú (con sucursales en el exterior),49754015.549,40997106.076,45.175316119405586,
2020-02,B. Falabella Perú .,B. Falabella Perú .,2738494.657,200937.086,6.835916039843895,
2020-02,B. GNB,B. GNB,3098409.708,1127909.652,26.68775253179163,
2020-02,B. ICBC,B. ICBC,305557.808,1017945.369,76.91295243486975,
2020-02,B. Interamericano de Finanzas,B. Interamericano de Finanzas,5889440.27,4476042.242,43.18218893156337,
2020-02,B. Pichincha,B. Pichincha,4766407.457,1753543.131,26.89503712232734,
2020-02,B. Ripley,B. Ripley,1347470.605,14600.212,1.0719128416654125,
2020-02,B. Santander Perú,B. Santander Perú,1338676.151,2957059.47,68.83709173218693,
2020-02,Citibank,Citibank,3158219.237,1444169.545,31.378695138667233,
2020-02,Interbank (con sucursales en el exterior),Interbank (con sucursales en el exterior),22682823.022,12126768.612,34.837434289677994,
2020-02,Mibanco,Mibanco,8161654.741,400175.01,4.673942622524824,
2020-02,Scotiabank Perú,Scotiabank Perú,25620168.758,16407949.993,39.04041027915292,
2020-03,B. Azteca Perú,B. Azteca Perú,441270.179,20156.287,4.368255504442608,
2020-03,B. BBVA Perú,B. BBVA Perú,32924747.653,23834698.178,41.99247865979398,
2020-03,B. de Comercio,B. de Comercio,1150809.592,236038.316,17.019769409350403,
2020-03,B. de Crédito del Perú (con sucursales en el exterior),B. de Crédito del Perú (con sucursales en el exterior),52848002.315,43409802.417,45.09743655370194,
2020-03,B. Falabella Perú .,B. Falabella Perú .,2952667.253,204004.186,6.462636037427649,
2020-03,B. GNB,B. GNB,2967417.85,978515.668,24.798077908214772,
2020-03,B. ICBC,B. ICBC,253214.138,1077499.163,80.97154828093207,
2020-03,B. Interamericano de Finanzas,B. Interamericano de Finanzas,6052433.974,4950406.542,44.992077589430366,
2020-03,B. Pichincha,B. Pichincha,4634088.529,1673491.626,26.531436539469546,
2020-03,B. Ripley,B. Ripley,1286482.237,13782.992,1.0600138873666674,
2020-03,B. Santander Perú,B. Santander Perú,1330972.827,4041452.744,75.22584893154213,
2020-03,Citibank,Citibank,3328392.764,1629539.67,32.86732305638355,
2020-03,Interbank (con sucursales en el exterior),Interbank (con sucursales en el exterior),22696148.732,11805850.239,34.21787314098289,
2020-03,Mibanco,Mibanco,7847722.87,387073.208,4.700458934667502,
2020-03,Scotiabank Perú,Scotiabank Perú,25757568.318,16076180.245,38.42873468723439,
2020-04,B. Azteca Perú,B. Azteca Perú,437834.391,12974.582,2.8780664931440927,
2020-04,B. BBVA Perú,B. BBVA Perú,34677146.124,24993374.169,41.88563137421142,
2020-04,B. de Comercio,B. de Comercio,1174250.524,234893.829,16.66925240837977,
2020-04,B. de Crédito del Perú (con sucursales en el exterior),B. de Crédito del Perú (con sucursales en el exterior),54220128.104,43139716.703,44.30955779409616,
2020-04,B. Falabella Perú .,B. Falabella Perú .,2605734.702,192923.797,6.893438305135636,
2020-04,B. GNB,B. GNB,3014569.259,957364.963,24.10324314278133,
2020-04,B. ICBC,B. ICBC,317817.713,1016401.234,76.17949334967733,
2020-04,B. Interamericano de Finanzas,B. Interamericano de Finanzas,6532173.905,5502859.741,45.723675586307536,
2020-04,B. Pichincha,B. Pichincha,4611708.464,1586784.604,25.599522119204217,
2020-04,B. Ripley,B. Ripley,1205037.717,13604.932,1.1164004485780967,
2020-04,B. Santander Perú,B. Santander Perú,1680420.111,3497370.468,67.54561457515449,
2020-04,Citibank,Citibank,5202518.458,1801604.905,25.722061300592774,
2020-04,Interbank (con sucursales en el exterior),Interbank (con sucursales en el exterior),22453643.537,11714867.668,34.28556660755451,
2020-04,Mibanco,Mibanco,7748207.331,381794.828,4.696122098532889,
2020-04,Scotiabank Perú,Scotiabank Perú,25928641.641,18200633.081,41.243898060092846,
2020-05,B. Azteca Perú,B. Azteca Perú,473729.375,13180.266,2.7069223712495765,
2020-05,B. BBVA Perú,B. BBVA Perú,39606473.064,25714954.176,39.36679779135824,
2020-05,B. de Comercio,B. de Comercio,1221728.847,242190.436,16.54397471311948,
2020-05,B. de Crédito del Perú (con sucursales en el exterior),B. de Crédito del Perú (con sucursales en el exterior),63309357.701,43261813.453,40.594292982372124,
2020-05,B. Falabella Perú .,B. Falabella Perú .,2493276.055,201049.182,7.461949256870653,
2020-05,B. GNB,B. GNB,3037366.434,1016455.214,25.07399935814838,
2020-05,B. ICBC,B. ICBC,250206.308,1195114.512,82.68852807364942,
2020-05,B. Interamericano de Finanzas,B. Interamericano de Finanzas,7271686.498,4953411.218,40.518377301124225,
2020-05,B. Pichincha,B. Pichincha,5141274.681,1583745.912,23.5500529715627,
2020-05,B. Ripley,B. Ripley,1271887.298,14384.56,1.1183141348024424,
2020-05,B. Santander Perú,B. Santander Perú,1894169.075,3275559.276,63.36037512234848,
2020-05,Citibank,Citibank,3211411.8,1953919.923,37.82757870708782,
2020-05,Interbank (con sucursales en el exterior),Interbank (con sucursales en el exterior),25253576.028,11781072.388,31.810947023626255,
2020-05,Mibanco,Mibanco,7812522.401,384934.199,4.6957759922754585,
2020-05,Scotiabank Perú,Scotiabank Perú,29229507.31,19773644.49,40.35178098483045,
2020-06,B. Azteca Perú,B. Azteca Perú,459715.598,13369.553,2.8260352225682093,
2020-06,B. BBVA Perú,B. BBVA Perú,41056269.577,24801185.797,37.65888866515682,
2020-06,B. de Comercio,B. de Comercio,1252286.011,251463.114,16.72241132642388,
2020-06,B. de Crédito del Perú (con sucursales en el exterior),B. de Crédito del Perú (con sucursales en el exterior),60931070.981,43699025.722,41.76525407029184,
2020-06,B. Falabella Perú .,B. Falabella Perú .,2675436.582,206757.394,7.173611343360882,
2020-06,B. GNB,B. GNB,3179178.638,1108809.21,25.858497022494365,
2020-06,B. ICBC,B. ICBC,304707.353,851517.874,73.6463669980105,
2020-06,B. Interamericano de Finanzas,B. Interamericano de Finanzas,7208102.382,5261215.933,42.193292368444915,
2020-06,B. Pichincha,B. Pichincha,5006191.617,1633135.027,24.597901482613064,
2020-06,B. Ripley,B. Ripley,1257645.605,13990.817,1.1002214750970696,
2020-06,B. Santander Perú,B. Santander Perú,2022461.08,3973854.82,66.27160553699312,
2020-06,Citibank,Citibank,3289400.536,2029707.921,38.15879930646806,
2020-06,Interbank (con sucursales en el exterior),Interbank (con sucursales en el exterior),28182669.008,12663006.674,31.00207417937359,
2020-06,Mibanco,Mibanco,7625367.673,394487.424,4.918884683434823,
2020-06,Scotiabank Perú,Scotiabank Perú,29831124.698,18544671.493,38.33460728952326,
2020-07,B. Azteca Perú,B. Azteca Perú,443108.689,13116.665,2.8750407852168607,
2020-07,B. BBVA Perú,B. BBVA Perú,44190615.167,25038156.433,36.16726955328498,
2020-07,B. de Comercio,B. de Comercio,1250718.295,247290.926,16.50797088117524,
2020-07,B. de Crédito del Perú (con sucursales en el exterior),B. de Crédito del Perú (con sucursales en el exterior),62897397.429,45940667.705,42.21011063403088,
2020-07,B. Falabella Perú .,B. Falabella Perú .,2662717.389,204341.361,7.12721219961049,
2020-07,B. GNB,B. GNB,3152020.014,1178800.522,27.218872548543764,
2020-07,B. ICBC,B. ICBC,283917.766,1001719.309,77.91618089420764,
2020-07,B. Interamericano de Finanzas,B. Interamericano de Finanzas,7333183.055,5641869.158,43.48243895579304,
2020-07,B. Pichincha,B. Pichincha,4961863.581,1646203.397,24.912026504583654,
2020-07,B. Ripley,B. Ripley,1239343.092,13677.299,1.0915464024559518,
2020-07,B. Santander Perú,B. Santander Perú,2212706.685,3985242.947,64.29937614246168,
2020-07,Bank of China*,Bank of China*,0.0,0.0,,TOTAL_NO_POSITIVO
2020-07,Citibank,Citibank,3643912.854,2084963.023,36.39392906679308,
2020-07,Interbank (con sucursales en el exterior),Interbank (con sucursales en el exterior),28328210.242,12977336.884,31.417903373639966,
2020-07,Mibanco,Mibanco,7889566.327,389653.946,4.706408733570362,
2020-07,Scotiabank Perú,Scotiabank Perú,29283064.559,17859399.837,37.88389102228469,
2020-08,B. Azteca Perú,B. Azteca Perú,429360.094,13078.174,2.955931922235986,
2020-08,B. BBVA Perú,B. BBVA Perú,43636247.951,25670041.343,37.03854528137652,
2020-08,B. de Comercio,B. de Comercio,1243730.535,255001.167,17.01446407383728,
2020-08,B. de Crédito del Perú (con sucursales en el exterior),B. de Crédito del Perú (con sucursales en el exterior),63808133.294,46848561.13,42.33685216593562,
2020-08,B. Falabella Perú .,B. Falabella Perú .,2819595.509,200220.971,6.630236384430884,
2020-08,B. GNB,B. GNB,2995561.673,1177718.428,28.22045008955415,
2020-08,B. ICBC,B. ICBC,434647.081,1060854.942,70.93637625925165,
2020-08,B. Interamericano de Finanzas,B. Interamericano de Finanzas,7282239.349,5642420.924,43.65624167149047,
2020-08,B. Pichincha,B. Pichincha,5138325.093,1802003.288,25.964236691353175,
2020-08,B. Ripley,B. Ripley,1296961.481,13393.267,1.0221100065033688,
2020-08,B. Santander Perú,B. Santander Perú,2242423.088,3849702.473,63.19144992093836,
2020-08,Bank of China,Bank of China,0.0,0.0,,TOTAL_NO_POSITIVO
2020-08,Citibank,Citibank,4527520.702,2188321.063,32.584464309516086,
2020-08,Interbank (con sucursales en el exterior),Interbank (con sucursales en el exterior),28273311.767,13094052.458,31.65309828970618,
2020-08,Mibanco,Mibanco,7741080.415,380480.161,4.684815897628786,
2020-08,Scotiabank Perú,Scotiabank Perú,29391848.124,17583563.726,37.43142004192987,
2020-09,B. Azteca Perú,B. Azteca Perú,415222.294,13080.908,3.054123326399974,
2020-09,B. BBVA Perú,B. BBVA Perú,41497975.973,25266570.462,37.844292833770375,
2020-09,B. de Comercio,B. de Comercio,1301465.089,254435.112,16.3529197975854,
2020-09,B. de Crédito del Perú (con sucursales en el exterior),B. de Crédito del Perú (con sucursales en el exterior),64965514.883,47599345.617,42.28614987445394,
2020-09,B. Falabella Perú .,B. Falabella Perú .,2808158.642,200125.509,6.652480249695667,
2020-09,B. GNB,B. GNB,3109859.62,1181208.844,27.527149797533507,
2020-09,B. ICBC,B. ICBC,433990.283,1294052.983,74.8854504086242,
2020-09,B. Interamericano de Finanzas,B. Interamericano de Finanzas,6953454.425,6112109.434,46.78029589813511,
2020-09,B. Pichincha,B. Pichincha,5205692.379,1865523.386,26.38193272553889,
2020-09,B. Ripley,B. Ripley,1282819.263,13337.485,1.029002473703898,
2020-09,B. Santander Perú,B. Santander Perú,2323032.813,3450149.283,59.76165701391034,
2020-09,Bank of China,Bank of China,0.0,1797.745,100.0,
2020-09,Citibank,Citibank,3606096.614,2261072.954,38.537712738559115,
2020-09,Interbank (con sucursales en el exterior),Interbank (con sucursales en el exterior),28527583.967,13400843.665,31.96123590089604,
2020-09,Mibanco,Mibanco,7781689.353,393519.878,4.813575614771932,
2020-09,Scotiabank Perú,Scotiabank Perú,29184052.641,17060685.735,36.89216618826007,
2020-10,B. Azteca Perú,B. Azteca Perú,402772.459,12613.583,3.036592885805249,
2020-10,B. BBVA Perú,B. BBVA Perú,42041998.893,25849729.026,38.07493168658293,
2020-10,B. de Comercio,B. de Comercio,1300222.42,258212.858,16.56872515946729,
2020-10,B. de Crédito del Perú (con sucursales en el exterior),B. de Crédito del Perú (con sucursales en el exterior),64729213.322,48130760.692,42.64643963681004,
2020-10,B. Falabella Perú .,B. Falabella Perú .,2843399.455,199101.82,6.544017635621205,
2020-10,B. GNB,B. GNB,3237154.354,1204403.052,27.11668322406458,
2020-10,B. ICBC,B. ICBC,624738.74,1610990.348,72.05659919382862,
2020-10,B. Interamericano de Finanzas,B. Interamericano de Finanzas,6811499.277,5913186.022,46.47019461035081,
2020-10,B. Pichincha,B. Pichincha,5272732.093,1846815.481,25.94006798612341,
2020-10,B. Ripley,B. Ripley,1338653.326,18935.145,1.3947632441259883,
2020-10,B. Santander Perú,B. Santander Perú,2354641.77,3919673.73,62.47173464579523,
2020-10,Bank of China,Bank of China,2.085,1819.163,99.88551806233967,
2020-10,Citibank,Citibank,3910172.321,2423290.947,38.261703659729825,
2020-10,Interbank (con sucursales en el exterior),Interbank (con sucursales en el exterior),29141857.818,13291213.58,31.32277052333868,
2020-10,Mibanco,Mibanco,7831685.796,397582.012,4.83131696860679,
2020-10,Scotiabank Perú,Scotiabank Perú,27930307.55,17332158.754,38.29256372728478,
2020-11,B. Azteca Perú,B. Azteca Perú,387946.641,12443.74,3.1079018354339536,
2020-11,B. BBVA Perú,B. BBVA Perú,42393338.919,26930196.775,38.84711953220647,
2020-11,B. de Comercio,B. de Comercio,1307968.509,263673.86,16.776963080205682,
2020-11,B. de Crédito del Perú (con sucursales en el exterior),B. de Crédito del Perú (con sucursales en el exterior),66790056.029,47852023.362,41.740365855363784,
2020-11,B. Falabella Perú .,B. Falabella Perú .,2856993.716,201702.191,6.594385226017173,
2020-11,B. GNB,B. GNB,3328612.586,1206853.168,26.609244418517108,
2020-11,B. ICBC,B. ICBC,615858.668,1831103.824,74.83170788218196,
2020-11,B. Interamericano de Finanzas,B. Interamericano de Finanzas,6939818.019,6243857.303,47.36052087524247,
2020-11,B. Pichincha,B. Pichincha,5391492.973,1840464.219,25.449047472735646,
2020-11,B. Ripley,B. Ripley,1373331.48,13602.289,0.9807453898687212,
2020-11,B. Santander Perú,B. Santander Perú,2132547.422,4064239.536,65.58623950679959,
2020-11,Bank of China,Bank of China,2.085,1816.142,99.88532784960293,
2020-11,Citibank,Citibank,3848093.978,2560943.673,39.95831843179165,
2020-11,Interbank (con sucursales en el exterior),Interbank (con sucursales en el exterior),28331280.579,14025664.731,33.11302226435271,
2020-11,Mibanco,Mibanco,7979409.231,396101.799,4.729285145482043,
2020-11,Scotiabank Perú,Scotiabank Perú,27535226.898,16800263.968,37.89348812845509,
2020-12,B. Azteca Perú,B. Azteca Perú,372517.15,12207.175,3.172966773026374,
2020-12,B. BBVA Perú,B. BBVA Perú,44458704.967,26859989.685,37.661919944081255,
2020-12,B. de Comercio,B. de Comercio,1292046.551,261696.045,16.842947195611288,
2020-12,B. de Crédito del Perú (con sucursales en el exterior),B. de Crédito del Perú (con sucursales en el exterior),67329267.78,49104868.255,42.173944795913734,
2020-12,B. Falabella Perú .,B. Falabella Perú .,2805168.282,201773.146,6.710245305117396,
2020-12,B. GNB,B. GNB,3320141.492,1210451.326,26.717283468752452,
2020-12,B. ICBC,B. ICBC,407166.92,2001854.522,83.09824425381764,
2020-12,B. Interamericano de Finanzas,B. Interamericano de Finanzas,6666012.654,6158525.077,48.02141961119862,
2020-12,B. Pichincha,B. Pichincha,5467283.614,1862050.619,25.405453753441893,
2020-12,B. Ripley,B. Ripley,1358287.115,13367.3,0.9745384736723206,
2020-12,B. Santander Perú,B. Santander Perú,1841333.522,3514760.41,65.62170967542322,
2020-12,Bank of China,Bank of China,2.085,12288.47,99.98303575387769,
2020-12,Citibank,Citibank,4237130.175,2149074.586,33.651827124683074,
2020-12,Interbank (con sucursales en el exterior),Interbank (con sucursales en el exterior),30259667.899,13679226.705,31.132386984889475,
2020-12,Mibanco,Mibanco,8145158.274,403026.148,4.714757287673314,
2020-12,Scotiabank Perú,Scotiabank Perú,27090296.594,17442613.764,39.167917892136074,
2021-01,B. Azteca Perú,B. Azteca Perú,361529.745,11865.824,3.177815963852533,
2021-01,B. BBVA Perú,B. BBVA Perú,43457383.538,29878978.408,40.742378835209855,
2021-01,B. de Comercio,B. de Comercio,1296283.761,258623.811,16.63274497193072,
2021-01,B. de Crédito del Perú (con sucursales en el exterior),B. de Crédito del Perú (con sucursales en el exterior),67430898.172,49844746.873,42.502215062534084,
2021-01,B. Falabella Perú .,B. Falabella Perú .,2628615.241,199177.8,7.043577698655211,
2021-01,B. GNB,B. GNB,3419403.345,1230218.933,26.458470375558534,
2021-01,B. ICBC,B. ICBC,574010.33,2620886.877,82.03352744049646,
2021-01,B. Interamericano de Finanzas,B. Interamericano de Finanzas,6720730.643,5902907.109,46.76074539658575,
2021-01,B. Pichincha,B. Pichincha,5492720.098,1928343.692,25.984734083521467,
2021-01,B. Ripley,B. Ripley,1361614.428,13043.708,0.9488692248935992,
2021-01,B. Santander Perú,B. Santander Perú,1823648.337,3938412.651,68.35076302042084,
2021-01,Bank of China,Bank of China,2.085,26587.331,99.99215853405732,
2021-01,Citibank,Citibank,4222107.809,2218082.859,34.44126072262431,
2021-01,Interbank (con sucursales en el exterior),Interbank (con sucursales en el exterior),29253829.857,12979692.335,30.733151443046474,
2021-01,Mibanco,Mibanco,7958435.17,393678.147,4.7135153949444435,
2021-01,Scotiabank Perú,Scotiabank Perú,26736552.905,19397855.189,42.04639441667137,
2021-02,B. Azteca Perú,B. Azteca Perú,359470.716,11697.902,3.1516409073139906,
2021-02,B. BBVA Perú,B. BBVA Perú,41932713.424,27223360.979,39.365104532045336,
2021-02,B. de Comercio,B. de Comercio,1328807.944,261295.114,16.432589868020994,
2021-02,B. de Crédito del Perú (con sucursales en el exterior),B. de Crédito del Perú (con sucursales en el exterior),68208477.123,52866081.785,43.66407134728523,
2021-02,B. Falabella Perú .,B. Falabella Perú .,2701197.476,196573.973,6.783625846953398,
2021-02,B. GNB,B. GNB,3335988.248,1170711.529,25.977135973750485,
2021-02,B. ICBC,B. ICBC,442441.627,3009666.394,87.1834361987365,
2021-02,B. Interamericano de Finanzas,B. Interamericano de Finanzas,6837565.178,5700153.841,45.46404200287015,
2021-02,B. Pichincha,B. Pichincha,5585017.412,2010099.941,26.465686408466482,
2021-02,B. Ripley,B. Ripley,1369710.935,13866.413,1.0022145144284338,
2021-02,B. Santander Perú,B. Santander Perú,1964891.424,3853331.271,66.22866591736741,
2021-02,Bank of China,Bank of China,2002.121,43163.606,95.56716755605417,
2021-02,Citibank,Citibank,4521707.201,2114531.502,31.863403301694042,
2021-02,Interbank (con sucursales en el exterior),Interbank (con sucursales en el exterior),29859404.481,15026123.152,33.47654343034333,
2021-02,Mibanco,Mibanco,7876708.159,393863.729,4.7622308872191494,
2021-02,Scotiabank Perú,Scotiabank Perú,27403123.077,18128609.746,39.81533014891643,
2021-03,B. Azteca Perú,B. Azteca Perú,354249.122,11843.158,3.235019869853579,
2021-03,B. BBVA Perú,B. BBVA Perú,40628161.191,26967231.004,39.895072915923926,
2021-03,B. de Comercio,B. de Comercio,1339493.855,268993.155,16.72336508331516,
2021-03,B. de Crédito del Perú (con sucursales en el exterior),B. de Crédito del Perú (con sucursales en el exterior),68591784.909,54143593.101,44.114088357302,
2021-03,B. Falabella Perú .,B. Falabella Perú .,2752835.214,198310.013,6.719764625124632,
2021-03,B. GNB,B. GNB,3406606.115,1230063.042,26.529023321471367,
2021-03,B. ICBC,B. ICBC,342703.797,2642176.533,88.51867548740219,
2021-03,B. Interamericano de Finanzas,B. Interamericano de Finanzas,6649021.047,5655766.678,45.96395162924275,
2021-03,B. Pichincha,B. Pichincha,5628377.711,2032534.709,26.531235413862102,
2021-03,B. Ripley,B. Ripley,1293404.49,13229.463,1.0124842515859527,
2021-03,B. Santander Perú,B. Santander Perú,2075660.055,4133203.583,66.56940503095649,
2021-03,Bank of China,Bank of China,2946.176,52826.633,94.71754058505462,
2021-03,Citibank,Citibank,4398381.93,2104047.998,32.35787269217306,
2021-03,Interbank (con sucursales en el exterior),Interbank (con sucursales en el exterior),30140641.098,15769206.633,34.34820068538815,
2021-03,Mibanco,Mibanco,7860378.015,403789.289,4.8860251026689525,
2021-03,Scotiabank Perú,Scotiabank Perú,26523944.656,18335695.419,40.87347867335737,
2021-04,B. Azteca Perú,B. Azteca Perú,358272.073,19413.935,5.140231459143703,
2021-04,B. BBVA Perú,B. BBVA Perú,38990799.997,27470204.882,41.33281603552746,
2021-04,B. de Comercio,B. de Comercio,1302707.37,269344.198,17.133292792848128,
2021-04,B. de Crédito del Perú (con sucursales en el exterior),B. de Crédito del Perú (con sucursales en el exterior),64763212.405,58056951.983,47.26988623756669,
2021-04,B. Falabella Perú .,B. Falabella Perú .,2714302.748,194195.627,6.676834639799309,
2021-04,B. GNB,B. GNB,3382662.683,1194294.714,26.093638424137595,
2021-04,B. ICBC,B. ICBC,226253.625,3015560.29,93.02077074957586,
2021-04,B. Interamericano de Finanzas,B. Interamericano de Finanzas,6643513.512,5874998.52,46.93048586750761,
2021-04,B. Pichincha,B. Pichincha,5470536.289,2156088.089,28.27054253805287,
2021-04,B. Ripley,B. Ripley,1314022.407,13467.087,1.0144778592123456,
2021-04,B. Santander Perú,B. Santander Perú,1778566.455,4600963.077,72.12072698968423,
2021-04,Bank of China,Bank of China,4448.145,51958.261,92.11411377636787,
2021-04,Citibank,Citibank,4623407.531,1909605.845,29.230092379960865,
2021-04,Interbank (con sucursales en el exterior),Interbank (con sucursales en el exterior),28779504.03,16220613.54,36.04571369123203,
2021-04,Mibanco,Mibanco,7802669.747,408862.626,4.979127006115987,
2021-04,Scotiabank Perú,Scotiabank Perú,25453012.123,18651864.793,42.28980125831308,
2021-05,B. Azteca Perú,B. Azteca Perú,363143.157,11591.19,3.0931752300783892,
2021-05,B. BBVA Perú,B. BBVA Perú,38003613.402,27543721.744,42.02111601127517,
2021-05,B. de Comercio,B. de Comercio,1305842.869,281717.482,17.745308505755194,
2021-05,B. de Crédito del Perú (con sucursales en el exterior),B. de Crédito del Perú (con sucursales en el exterior),65651328.497,56162759.547,46.10530723401522,
2021-05,B. Falabella Perú .,B. Falabella Perú .,2420293.424,188528.069,7.226560709725032,
2021-05,B. GNB,B. GNB,3392602.315,1136705.773,25.09667593625616,
2021-05,B. ICBC,B. ICBC,240396.953,3264040.86,93.14021347138112,
2021-05,B. Interamericano de Finanzas,B. Interamericano de Finanzas,6505795.276,5591330.353,46.2203214588109,
2021-05,B. Pichincha,B. Pichincha,5364359.382,2175864.439,28.85676195632389,
2021-05,B. Ripley,B. Ripley,1305985.949,12385.999,0.93949200138776,
2021-05,B. Santander Perú,B. Santander Perú,1923625.868,3955414.813,67.27993609200882,
2021-05,Bank of China,Bank of China,1420.888,43984.247,96.87064469690489,
2021-05,Citibank,Citibank,4642149.7,2139199.117,31.545333748903953,
2021-05,Interbank (con sucursales en el exterior),Interbank (con sucursales en el exterior),28162452.971,15171022.688,35.009937368938246,
2021-05,Mibanco,Mibanco,7810509.633,419061.089,5.0921378909805055,
2021-05,Scotiabank Perú,Scotiabank Perú,25470446.912,17020946.041,40.05739717647519,
2021-06,B. Azteca Perú,B. Azteca Perú,405067.339,11397.458,2.7367158237866627,
2021-06,B. BBVA Perú,B. BBVA Perú,39084679.762,27790442.791,41.55572615059578,
2021-06,B. de Comercio,B. de Comercio,1278123.257,274914.739,17.70173941063062,
2021-06,B. de Crédito del Perú (con sucursales en el exterior),B. de Crédito del Perú (con sucursales en el exterior),66163203.996,55981823.656,45.83225754837623,
2021-06,B. Falabella Perú .,B. Falabella Perú .,2408504.3,178185.846,6.888565539074815,
2021-06,B. GNB,B. GNB,3316332.824,1073512.742,24.454453484981666,
2021-06,B. ICBC,B. ICBC,185410.013,3378292.363,94.79726437738863,
2021-06,B. Interamericano de Finanzas,B. Interamericano de Finanzas,6624884.435,5176766.617,43.864765990710296,
2021-06,B. Pichincha,B. Pichincha,5114103.133,2023283.75,28.34768218630695,
2021-06,B. Ripley,B. Ripley,1283045.615,11809.787,0.9120545029011664,
2021-06,B. Santander Perú,B. Santander Perú,2487269.744,3432558.665,57.984090548662394,
2021-06,Bank of China,Bank of China,36468.938,156148.997,81.06669661887923,
2021-06,Citibank,Citibank,4289051.263,2083489.654,32.694802295296114,
2021-06,Interbank (con sucursales en el exterior),Interbank (con sucursales en el exterior),29508879.528,15054367.535,33.7820256089448,
2021-06,Mibanco,Mibanco,7742767.443,461197.516,5.621641709891169,
2021-06,Scotiabank Perú,Scotiabank Perú,29111519.802,16315843.775,35.91633431982999,
2021-07,B. Azteca Perú,B. Azteca Perú,438098.288,11465.801,2.5504263531155846,
2021-07,B. BBVA Perú,B. BBVA Perú,40972343.396,26976082.712,39.700820544574675,
2021-07,B. de Comercio,B. de Comercio,1275779.347,274827.682,17.723876963026456,
2021-07,B. de Crédito del Perú (con sucursales en el exterior),B. de Crédito del Perú (con sucursales en el exterior),67168122.894,56709398.02,45.77860260811128,
2021-07,B. Falabella Perú .,B. Falabella Perú .,2482435.408,177707.92,6.680388914743471,
2021-07,B. GNB,B. GNB,3366618.473,1054000.52,23.84282657403856,
2021-07,B. ICBC,B. ICBC,183231.563,3498270.16,95.02291247467657,
2021-07,B. Interamericano de Finanzas,B. Interamericano de Finanzas,6785199.794,5719087.256,45.73701189945091,
2021-07,B. Pichincha,B. Pichincha,5045231.963,1999840.601,28.386373352903338,
2021-07,B. Ripley,B. Ripley,1278855.651,12203.764,0.9452519270772677,
2021-07,B. Santander Perú,B. Santander Perú,2576111.927,3929158.46,60.399617944427796,
2021-07,Bank of China,Bank of China,23149.431,155287.348,87.02653616046274,
2021-07,Citibank,Citibank,3920061.763,2146795.35,35.38562570395582,
2021-07,Interbank (con sucursales en el exterior),Interbank (con sucursales en el exterior),29932998.894,14739539.869,32.994632221815905,
2021-07,Mibanco,Mibanco,7788960.145,431786.489,5.25239991236543,
2021-07,Scotiabank Perú,Scotiabank Perú,28319550.476,16834987.821,37.28304718845612,
2021-08,B. Azteca Perú,B. Azteca Perú,472671.386,9665.704,2.003931316996584,
2021-08,B. BBVA Perú,B. BBVA Perú,39432191.929,27780645.522,41.3323504490535,
2021-08,B. de Comercio,B. de Comercio,1245338.73,268621.575,17.742973452662618,
2021-08,B. de Crédito del Perú (con sucursales en el exterior),B. de Crédito del Perú (con sucursales en el exterior),69155693.35,57956145.137,45.594608517071606,
2021-08,B. Falabella Perú .,B. Falabella Perú .,2424019.533,159332.792,6.167675638281357,
2021-08,B. GNB,B. GNB,3486048.085,1161285.29,24.988207135021813,
2021-08,B. ICBC,B. ICBC,156346.615,4268943.543,96.46697483288507,
2021-08,B. Interamericano de Finanzas,B. Interamericano de Finanzas,7066776.007,5729473.662,44.77463171010281,
2021-08,B. Pichincha,B. Pichincha,4912178.121,2024883.047,29.18934975433966,
2021-08,B. Ripley,B. Ripley,1233227.482,11567.118,0.929239088922783,
2021-08,B. Santander Perú,B. Santander Perú,2408391.191,4356179.49,64.39698386529432,
2021-08,Bank of China,Bank of China,117729.802,154189.009,56.704061198620046,
2021-08,Citibank,Citibank,4289168.434,2530491.653,37.10583255936404,
2021-08,Interbank (con sucursales en el exterior),Interbank (con sucursales en el exterior),29862880.309,15599606.637,34.3131396562821,
2021-08,Mibanco,Mibanco,7579428.998,433690.501,5.412255502418534,
2021-08,Scotiabank Perú,Scotiabank Perú,26945101.717,18246137.321,40.37538626824848,
2021-09,B. Azteca Perú,B. Azteca Perú,469744.225,9011.335,1.8822413258239756,
2021-09,B. BBVA Perú,B. BBVA Perú,40822481.956,27713369.102,40.436309864375865,
2021-09,B. de Comercio,B. de Comercio,1278173.18,266946.783,17.27676746093533,
2021-09,B. de Crédito del Perú (con sucursales en el exterior),B. de Crédito del Perú (con sucursales en el exterior),66963617.37,56199911.445,45.63031928828224,
2021-09,B. Falabella Perú .,B. Falabella Perú .,2397973.654,158329.786,6.193700775992383,
2021-09,B. GNB,B. GNB,3511514.367,1182589.797,25.193088088447457,
2021-09,B. ICBC,B. ICBC,233372.191,5181518.257,95.6901770545294,
2021-09,B. Interamericano de Finanzas,B. Interamericano de Finanzas,6968789.34,5911685.777,45.89648847034841,
2021-09,B. Pichincha,B. Pichincha,4891241.922,2083285.746,29.869918726659783,
2021-09,B. Ripley,B. Ripley,1205510.75,10873.624,0.893929931395189,
2021-09,B. Santander Perú,B. Santander Perú,2156109.296,4636991.304,68.26030670000677,
2021-09,Bank of China,Bank of China,90055.353,124643.745,58.05508554116049,
2021-09,Citibank,Citibank,4177182.637,2241983.572,34.92639852285838,
2021-09,Interbank (con sucursales en el exterior),Interbank (con sucursales en el exterior),30444616.527,15560581.661,33.823529239917114,
2021-09,Mibanco,Mibanco,7975748.951,560456.385,6.565638511955307,
2021-09,Scotiabank Perú,Scotiabank Perú,24767691.454,19110199.934,43.55314106827471,
2021-10,B. Azteca Perú,B. Azteca Perú,456947.374,8693.126,1.866917933470134,
2021-10,B. BBVA Perú,B. BBVA Perú,38023597.377,26842440.873,41.38134777022551,
2021-10,B. de Comercio,B. de Comercio,1233967.288,256397.673,17.20368364188884,
2021-10,B. de Crédito del Perú (con sucursales en el exterior),B. de Crédito del Perú (con sucursales en el exterior),64016313.522,57939618.876,47.508651474957006,
2021-10,B. Falabella Perú .,B. Falabella Perú .,2380893.645,148249.454,5.861647530288677,
2021-10,B. GNB,B. GNB,3477869.578,1265154.762,26.674009478096,
2021-10,B. ICBC,B. ICBC,217503.848,4619220.424,95.50307530947879,
2021-10,B. Interamericano de Finanzas,B. Interamericano de Finanzas,7273840.943,5444299.679,42.80735557823902,
2021-10,B. Pichincha,B. Pichincha,4854912.287,2166657.021,30.857162066767994,
2021-10,B. Ripley,B. Ripley,1150987.521,10410.623,0.8963870877341441,
2021-10,B. Santander Perú,B. Santander Perú,2070056.066,4472723.068,68.3612112895144,
2021-10,Bank of China,Bank of China,81268.234,258554.79,76.0851301234963,
2021-10,Citibank,Citibank,4198020.963,2428105.811,36.64442130095593,
2021-10,Interbank (con sucursales en el exterior),Interbank (con sucursales en el exterior),29593258.759,15482501.652,34.347732596923095,
2021-10,Mibanco,Mibanco,7879042.864,480362.975,5.746377006352688,
2021-10,Scotiabank Perú,Scotiabank Perú,25053935.333,18690115.019,42.726073302778836,
2021-11,Alfin Banco 1/,Alfin Banco 1/,485420.375,8832.087,1.7869586252055938,
2021-11,B. BBVA Perú,B. BBVA Perú,36931242.397,26404580.854,41.689804440306375,
2021-11,B. de Comercio,B. de Comercio,1250737.652,267624.52,17.625868513800146,
2021-11,B. de Crédito del Perú (con sucursales en el exterior),B. de Crédito del Perú (con sucursales en el exterior),64938340.653,56762606.25,46.64105555007869,
2021-11,B. Falabella Perú .,B. Falabella Perú .,2595549.176,153442.541,5.581775312420848,
2021-11,B. GNB,B. GNB,3439599.638,1341835.976,28.063453831127966,
2021-11,B. ICBC,B. ICBC,316899.818,5361066.861,94.41877989224459,
2021-11,B. Interamericano de Finanzas,B. Interamericano de Finanzas,7480406.653,5432732.614,42.07135462314378,
2021-11,B. Pichincha,B. Pichincha,4976305.416,2386572.588,32.41358320351711,
2021-11,B. Ripley,B. Ripley,1189431.761,10731.23,0.8941477183077045,
2021-11,B. Santander Perú,B. Santander Perú,1973796.001,4060770.017,67.29183183823775,
2021-11,Bank of China,Bank of China,75679.36,122795.007,61.869453902830685,
2021-11,Citibank,Citibank,3851035.542,2678012.317,41.01688905999487,
2021-11,Interbank (con sucursales en el exterior),Interbank (con sucursales en el exterior),27937198.878,16035777.955,36.46734678868904,
2021-11,Mibanco,Mibanco,7969173.75,513541.775,6.053978510613793,
2021-11,Scotiabank Perú,Scotiabank Perú,25252422.79,19934476.607,44.115610659321916,
2021-12,Alfin Banco 1/,Alfin Banco 1/,553119.63,8517.357,1.5165235191321187,
2021-12,B. BBVA Perú,B. BBVA Perú,37057704.178,26156292.97,41.37737550239306,
2021-12,B. de Comercio,B. de Comercio,1201954.049,256373.688,17.579977497198215,
2021-12,B. de Crédito del Perú (con sucursales en el exterior),B. de Crédito del Perú (con sucursales en el exterior),63490337.143,58303091.532,47.87047393794869,
2021-12,B. Falabella Perú .,B. Falabella Perú .,2708398.054,167007.772,5.808146122884012,
2021-12,B. GNB,B. GNB,3372627.528,1295449.405,27.751243683284,
2021-12,B. ICBC,B. ICBC,288029.1,5022838.866,94.57660966448512,
2021-12,B. Interamericano de Finanzas,B. Interamericano de Finanzas,7071847.752,5363604.053,43.131557559037965,
2021-12,B. Pichincha,B. Pichincha,5245031.746,2348137.024,30.924336006823673,
2021-12,B. Ripley,B. Ripley,1398650.474,9653.722,0.6854855667844648,
2021-12,B. Santander Perú,B. Santander Perú,2250483.574,4244830.926,65.35220005128312,
2021-12,Bank of China,Bank of China,150426.711,118210.629,44.00379671716523,
2021-12,Citibank,Citibank,3850880.079,2319485.657,37.59073215818208,
2021-12,Interbank (con sucursales en el exterior),Interbank (con sucursales en el exterior),28144147.313,16253631.842,36.60911007565464,
2021-12,Mibanco,Mibanco,7836120.627,500828.784,6.007338647625626,
2021-12,Scotiabank Perú,Scotiabank Perú,24244012.159,20027870.594,45.238352987467756,
2022-01,Alfin Banco,Alfin Banco,610239.366,8177.247,1.3222877309733592,
2022-01,B. BBVA Perú,B. BBVA Perú,37956965.422,25584533.63,40.264290285412635,
2022-01,B. de Comercio,B. de Comercio,1237909.007,242991.421,16.408356457035207,
2022-01,B. de Crédito del Perú (con sucursales en el exterior),B. de Crédito del Perú (con sucursales en el exterior),63204781.665,55974585.423,46.9666745097491,
2022-01,B. Falabella Perú .,B. Falabella Perú .,2587853.484,166460.985,6.043644866028549,
2022-01,B. GNB,B. GNB,3317515.951,1166718.863,26.018237478497934,
2022-01,B. ICBC,B. ICBC,196470.587,5030787.984,96.24142206987831,
2022-01,B. Interamericano de Finanzas,B. Interamericano de Finanzas,7062627.433,5411878.862,43.38351141134279,
2022-01,B. Pichincha,B. Pichincha,5171218.204,2273595.884,30.539323845100704,
2022-01,B. Ripley,B. Ripley,1440464.03,9230.971,0.6367526268375399,
2022-01,B. Santander Perú,B. Santander Perú,1990941.262,3981754.876,66.66595426924428,
2022-01,Bank of China,Bank of China,145168.142,124994.303,46.266350232357425,
2022-01,Citibank,Citibank,4345650.428,4205114.115,49.178223699803254,
2022-01,Interbank (con sucursales en el exterior),Interbank (con sucursales en el exterior),26583932.009,16411713.869,38.17064154721198,
2022-01,Mibanco,Mibanco,7788539.589,539037.764,6.47292413087958,
2022-01,Scotiabank Perú,Scotiabank Perú,23492517.324,19837747.916,45.782659778613436,
2022-02,Alfin Banco,Alfin Banco,655547.248,9126.503,1.3730800992621115,
2022-02,B. BBVA Perú,B. BBVA Perú,36122665.912,25632955.51,41.50708052120489,
2022-02,B. de Comercio,B. de Comercio,1219619.569,267943.987,18.01227153752616,
2022-02,B. de Crédito del Perú (con sucursales en el exterior),B. de Crédito del Perú (con sucursales en el exterior),62542863.728,58303910.843,48.246145625297785,
2022-02,B. Falabella Perú .,B. Falabella Perú .,2420957.044,214743.535,8.147493562469638,
2022-02,B. GNB,B. GNB,3303821.635,1134658.896,25.564129167067872,
2022-02,B. ICBC,B. ICBC,223999.905,4348924.106,95.10160447754704,
2022-02,B. Interamericano de Finanzas,B. Interamericano de Finanzas,7370733.059,5739164.925,43.77734237142329,
2022-02,B. Pichincha,B. Pichincha,5301365.233,2326522.406,30.500218620223436,
2022-02,B. Ripley,B. Ripley,1436147.557,9329.509,0.6454276736342214,
2022-02,B. Santander Perú,B. Santander Perú,1708058.419,4169767.07,70.94064085099959,
2022-02,Bank of China,Bank of China,109310.807,112285.127,50.67111339687306,
2022-02,Citibank,Citibank,4449024.08,2338295.961,34.45094598273121,
2022-02,Interbank (con sucursales en el exterior),Interbank (con sucursales en el exterior),27669405.291,15970491.726,36.59608023313773,
2022-02,Mibanco,Mibanco,7966865.044,484953.33,5.737857920513805,
2022-02,Scotiabank Perú,Scotiabank Perú,24043781.537,19524411.51,44.81345253161561,
2022-03,Alfin Banco,Alfin Banco,686855.075,6756.347,0.9740824308397853,
2022-03,B. BBVA Perú,B. BBVA Perú,36286431.956,25869758.384,41.620566258147534,
2022-03,B. de Comercio,B. de Comercio,1255428.334,266804.698,17.527191460919497,
2022-03,B. de Crédito del Perú (con sucursales en el exterior),B. de Crédito del Perú (con sucursales en el exterior),62195455.264,56503610.702,47.60240549675835,
2022-03,B. Falabella Perú .,B. Falabella Perú .,3002001.895,286273.034,8.705872841571027,
2022-03,B. GNB,B. GNB,3323225.243,1113863.149,25.10346990175534,
2022-03,B. ICBC,B. ICBC,437342.415,3262469.625,88.17933423990911,
2022-03,B. Interamericano de Finanzas,B. Interamericano de Finanzas,7175127.394,5588457.517,43.784387818689694,
2022-03,B. Pichincha,B. Pichincha,5325745.462,2147847.231,28.739152897798952,
2022-03,B. Ripley,B. Ripley,1485718.074,9921.537,0.6633641504965464,
2022-03,B. Santander Perú,B. Santander Perú,1794971.419,3904705.948,68.50749080303163,
2022-03,Bank of China,Bank of China,113123.996,193218.13,63.07266079363829,
2022-03,Citibank,Citibank,4094604.25,2001286.452,32.830090791217735,
2022-03,Interbank (con sucursales en el exterior),Interbank (con sucursales en el exterior),26485523.383,15881955.063,37.486193763555086,
2022-03,Mibanco,Mibanco,8213223.245,473516.942,5.451031477937305,
2022-03,Scotiabank Perú,Scotiabank Perú,24546905.523,19046403.245,43.691116327882774,
2022-04,Alfin Banco,Alfin Banco,687656.709,7120.664,1.0248842689354536,
2022-04,B. BBVA Perú,B. BBVA Perú,38550021.67,26602968.303,40.83153868153175,
2022-04,B. de Comercio,B. de Comercio,1222379.506,273533.898,18.285409922030485,
2022-04,B. de Crédito del Perú (con sucursales en el exterior),B. de Crédito del Perú (con sucursales en el exterior),60315989.912,56737148.616,48.47127495212616,
2022-04,B. Falabella Perú .,B. Falabella Perú .,3284372.784,435809.339,11.714731284407067,
2022-04,B. GNB,B. GNB,3206999.184,1118008.829,25.849867228904944,
2022-04,B. ICBC,B. ICBC,244738.516,3395472.566,93.27680427076949,
2022-04,B. Interamericano de Finanzas,B. Interamericano de Finanzas,7124461.314,5658161.801,44.26448116396648,
2022-04,B. Pichincha,B. Pichincha,5291423.57,2242527.447,29.765622870919177,
2022-04,B. Ripley,B. Ripley,1496618.145,10968.334,0.7275426088508983,
2022-04,B. Santander Perú,B. Santander Perú,1747371.518,4133302.1,70.28620135197579,
2022-04,Bank of China,Bank of China,94373.09,212841.144,69.2810164518614,
2022-04,Citibank,Citibank,3427650.374,2250116.63,39.6303093877362,
2022-04,Interbank (con sucursales en el exterior),Interbank (con sucursales en el exterior),25964502.356,16669295.153,39.09878107733919,
2022-04,Mibanco,Mibanco,8338335.614,495330.95,5.607308657297878,
2022-04,Scotiabank Perú,Scotiabank Perú,24747562.368,19924307.017,44.60146237732827,
2022-05,Alfin Banco,Alfin Banco,691526.356,8042.687,1.149663079073669,
2022-05,B. BBVA Perú,B. BBVA Perú,37078434.435,26012550.483,41.23021778279223,
2022-05,B. de Comercio,B. de Comercio,1231382.417,277092.863,18.36906886535125,
2022-05,B. de Crédito del Perú (con sucursales en el exterior),B. de Crédito del Perú (con sucursales en el exterior),62041684.776,53932068.637,46.503684712988274,
2022-05,B. Falabella Perú .,B. Falabella Perú .,3125070.173,415605.327,11.738023634190707,
2022-05,B. GNB,B. GNB,3282934.44,1075997.061,24.684881163036195,
2022-05,B. ICBC,B. ICBC,314747.994,3374282.422,91.46800219822313,
2022-05,B. Interamericano de Finanzas,B. Interamericano de Finanzas,7321653.607,5496715.555,42.88155135440309,
2022-05,B. Pichincha,B. Pichincha,5371124.099,2093708.015,28.047623617326,
2022-05,B. Ripley,B. Ripley,1504655.702,11094.224,0.7319297075129793,
2022-05,B. Santander Perú,B. Santander Perú,1532779.831,3875570.607,71.65901417499825,
2022-05,Bank of China,Bank of China,69914.944,337378.486,82.83425686488485,
2022-05,Citibank,Citibank,3465256.989,2875560.499,45.349996344193784,
2022-05,Interbank (con sucursales en el exterior),Interbank (con sucursales en el exterior),26100705.97,15995617.469,37.997659088159025,
2022-05,Mibanco,Mibanco,8606397.332,491015.758,5.397311885724208,
2022-05,Scotiabank Perú,Scotiabank Perú,25446844.305,20515013.87,44.634866135935994,
2022-06,Alfin Banco,Alfin Banco,700281.6,7153.03,1.0111223986872115,
2022-06,B. BBVA Perú,B. BBVA Perú,36514100.834,27312477.101,42.79169898285101,
2022-06,B. de Comercio,B. de Comercio,1231877.515,275470.43,18.275172027384826,
2022-06,B. de Crédito del Perú (con sucursales en el exterior),B. de Crédito del Perú (con sucursales en el exterior),62034019.167,56137700.248,47.50519035003076,
2022-06,B. Falabella Perú .,B. Falabella Perú .,3092519.759,442926.771,12.528170550496204,
2022-06,B. GNB,B. GNB,3298668.227,1104590.945,25.085758113535817,
2022-06,B. ICBC,B. ICBC,291827.996,3682456.393,92.65709326670935,
2022-06,B. Interamericano de Finanzas,B. Interamericano de Finanzas,7160273.808,5440420.231,43.17556012519256,
2022-06,B. Pichincha,B. Pichincha,5322146.087,2130447.708,28.586660786870382,
2022-06,B. Ripley,B. Ripley,1493167.681,11264.487,0.7487533994287736,
2022-06,B. Santander Perú,B. Santander Perú,1813580.637,3758485.927,67.45227975708009,
2022-06,Bank of China,Bank of China,60735.917,383756.649,86.33589813513326,
2022-06,Citibank,Citibank,3223607.883,2320700.272,41.857346437483514,
2022-06,Interbank (con sucursales en el exterior),Interbank (con sucursales en el exterior),27565489.498,15464414.275,35.938760998818374,
2022-06,Mibanco,Mibanco,8329622.386,507594.325,5.743825704400563,
2022-06,Scotiabank Perú,Scotiabank Perú,24010993.416,19993460.464,45.435083727029316,
2022-07,Alfin Banco,Alfin Banco,723610.001,11813.907,1.6064077971204598,
2022-07,B. BBVA Perú,B. BBVA Perú,38884541.472,27349345.624,41.292073926386976,
2022-07,B. de Comercio,B. de Comercio,1228912.442,280285.343,18.5718098572481,
2022-07,B. de Crédito del Perú (con sucursales en el exterior),B. de Crédito del Perú (con sucursales en el exterior),62884279.868,58126188.891,48.034016797969755,
2022-07,B. Falabella Perú .,B. Falabella Perú .,3172322.577,501417.6,13.64869522181236,
2022-07,B. GNB,B. GNB,3257951.183,1089251.042,25.056369260576556,
2022-07,B. ICBC,B. ICBC,285784.216,3670109.056,92.77573492634914,
2022-07,B. Interamericano de Finanzas,B. Interamericano de Finanzas,7261273.943,5747182.209,44.180355776626065,
2022-07,B. Pichincha,B. Pichincha,5378932.513,2100683.434,28.085445146987297,
2022-07,B. Ripley,B. Ripley,1574926.659,11336.965,0.7146961468745122,
2022-07,B. Santander Perú,B. Santander Perú,1949502.705,4286191.364,68.73639592596889,
2022-07,Banco BCI Perú*,Banco BCI Perú*,0.265,77.416,99.65886124020031,
2022-07,Bank of China,Bank of China,69384.054,332688.012,82.74337864595647,
2022-07,Citibank,Citibank,3388934.986,2066128.081,37.875420606938334,
2022-07,Interbank (con sucursales en el exterior),Interbank (con sucursales en el exterior),28433812.824,15039584.607,34.594914351634216,
2022-07,Mibanco,Mibanco,8290636.909,529560.35,6.003951322739912,
2022-07,Scotiabank Perú,Scotiabank Perú,25453212.147,19245660.625,43.056254960093206,
2022-08,Alfin Banco,Alfin Banco,768188.784,18799.027,2.388731659784245,
2022-08,B. BBVA Perú,B. BBVA Perú,39306805.014,27653376.407,41.29823996911599,
2022-08,B. de Comercio,B. de Comercio,1237390.512,270799.409,17.955259163941857,
2022-08,B. de Crédito del Perú (con sucursales en el exterior),B. de Crédito del Perú (con sucursales en el exterior),65296687.897,58124528.401,47.09443817233058,
2022-08,B. Falabella Perú .,B. Falabella Perú .,3101965.145,523737.556,14.445132411312947,
2022-08,B. GNB,B. GNB,3279016.153,1077170.791,24.727377517249174,
2022-08,B. ICBC,B. ICBC,298497.647,2736878.64,90.16604141376426,
2022-08,B. Interamericano de Finanzas,B. Interamericano de Finanzas,7632677.782,5856717.485,43.41719824407307,
2022-08,B. Pichincha,B. Pichincha,5559702.481,2142850.286,27.820001379031122,
2022-08,B. Ripley,B. Ripley,1523768.637,10973.95,0.7150352178244468,
2022-08,B. Santander Perú,B. Santander Perú,1533807.673,4621094.861,75.07990314180985,
2022-08,Banco BCI Perú*,Banco BCI Perú*,39500.25,168822.767,81.0389410786999,
2022-08,Bank of China,Bank of China,44851.311,413974.596,90.22476492374699,
2022-08,Citibank,Citibank,4440558.982,2030584.65,31.379069380545012,
2022-08,Interbank (con sucursales en el exterior),Interbank (con sucursales en el exterior),28666117.283,15112596.52,34.52042147241974,
2022-08,Mibanco,Mibanco,8485086.431,515971.282,5.732340558763397,
2022-08,Scotiabank Perú,Scotiabank Perú,24149701.976,18003397.086,42.70954564816238,
2022-09,Alfin Banco,Alfin Banco,814042.098,18013.632,2.1649549844455733,
2022-09,B. BBVA Perú,B. BBVA Perú,41517244.267,29689596.713,41.694865696034704,
2022-09,B. de Comercio,B. de Comercio,1239228.597,271630.295,17.97853501993355,
2022-09,B. de Crédito del Perú (con sucursales en el exterior),B. de Crédito del Perú (con sucursales en el exterior),66686072.531,55724404.527,45.52257769618601,
2022-09,B. Falabella Perú .,B. Falabella Perú .,3175062.461,564555.143,15.096600850208214,
2022-09,B. GNB,B. GNB,3303818.111,1075894.786,24.565418129050485,
2022-09,B. ICBC,B. ICBC,369772.655,2787064.85,88.28661106520907,
2022-09,B. Interamericano de Finanzas,B. Interamericano de Finanzas,7840314.214,5621050.565,41.75691437891166,
2022-09,B. Pichincha,B. Pichincha,5596002.423,2263445.003,28.799034847058724,
2022-09,B. Ripley,B. Ripley,1630778.418,11691.557,0.7118277458922804,
2022-09,B. Santander Perú,B. Santander Perú,1660068.884,4842862.589,74.47199173338113,
2022-09,Banco BCI Perú*,Banco BCI Perú*,70482.053,55199.446,43.92010474031663,
2022-09,Bank of China,Bank of China,84015.537,284718.744,77.21515429155338,
2022-09,Citibank,Citibank,3587344.087,2180909.111,37.80883113376813,
2022-09,Interbank (con sucursales en el exterior),Interbank (con sucursales en el exterior),28570851.009,16375569.097,36.433533657142114,
2022-09,Mibanco,Mibanco,8505680.391,538851.389,5.957758810594836,
2022-09,Scotiabank Perú,Scotiabank Perú,25513105.406,18536919.696,42.081519029959345,
2022-10,Alfin Banco,Alfin Banco,806829.475,18464.724,2.2373505135954552,
2022-10,B. BBVA Perú,B. BBVA Perú,39154572.377,28588316.346,42.20120648072353,
2022-10,B. de Comercio,B. de Comercio,1258742.644,273273.031,17.837482700691037,
2022-10,B. de Crédito del Perú (con sucursales en el exterior),B. de Crédito del Perú (con sucursales en el exterior),65268332.359,57047678.195,46.63958376063502,
2022-10,B. Falabella Perú .,B. Falabella Perú .,3147537.728,566649.311,15.256348295064953,
2022-10,B. GNB,B. GNB,3298535.53,1049620.014,24.139431153707598,
2022-10,B. ICBC,B. ICBC,414578.871,3203102.755,88.54020574888477,
2022-10,B. Interamericano de Finanzas,B. Interamericano de Finanzas,7821413.172,5729525.127,42.281390414291934,
2022-10,B. Pichincha,B. Pichincha,5667915.564,2194043.562,27.907084313681533,
2022-10,B. Ripley,B. Ripley,1595979.744,10883.899,0.677338058360687,
2022-10,B. Santander Perú,B. Santander Perú,1593313.893,4434098.034,73.56553837207152,
2022-10,Banco BCI Perú*,Banco BCI Perú*,110662.789,178421.914,61.719597110608795,
2022-10,Bank of China,Bank of China,48669.669,258472.864,84.15404453280327,
2022-10,Citibank,Citibank,3424840.975,1982054.056,36.65789782557367,
2022-10,Interbank (con sucursales en el exterior),Interbank (con sucursales en el exterior),28962808.853,16865799.039,36.80190129001093,
2022-10,Mibanco,Mibanco,8224971.151,533955.518,6.096129562196247,
2022-10,Scotiabank Perú,Scotiabank Perú,26111164.535,18281569.19,41.18144492575964,
2022-11,Alfin Banco,Alfin Banco,788264.998,38868.227,4.699149523343111,
2022-11,B. BBVA Perú,B. BBVA Perú,38403719.909,28527780.641,42.622353311336305,
2022-11,B. de Comercio,B. de Comercio,1277769.729,269520.185,17.41885489987108,
2022-11,B. de Crédito del Perú (con sucursales en el exterior),B. de Crédito del Perú (con sucursales en el exterior),63303676.017,55299038.866,46.62544101165961,
2022-11,B. Falabella Perú .,B. Falabella Perú .,3279978.82,553155.802,14.43089942172138,
2022-11,B. GNB,B. GNB,3154801.158,1030721.995,24.625882053984665,
2022-11,B. ICBC,B. ICBC,287850.981,2911360.015,91.00243837121394,
2022-11,B. Interamericano de Finanzas,B. Interamericano de Finanzas,7739217.811,5226219.588,40.30885674865924,
2022-11,B. Pichincha,B. Pichincha,5635188.072,2108450.855,27.22816591626445,
2022-11,B. Ripley,B. Ripley,1702454.536,10922.483,0.6374827535841951,
2022-11,B. Santander Perú,B. Santander Perú,1625078.183,4087888.771,71.55456707373071,
2022-11,Banco BCI Perú,Banco BCI Perú,50178.194,163529.761,76.52020300320594,
2022-11,Bank of China,Bank of China,24602.025,233700.024,90.47548205860342,
2022-11,Citibank,Citibank,3685373.707,2094613.452,36.23906756848904,
2022-11,Interbank (con sucursales en el exterior),Interbank (con sucursales en el exterior),28232492.781,15995687.246,36.16627958969848,
2022-11,Mibanco,Mibanco,8631302.087,506115.668,5.538935414472577,
2022-11,Scotiabank Perú,Scotiabank Perú,25769907.628,18325538.901,41.55880106338859,
2022-12,Alfin Banco,Alfin Banco,759716.97,74704.143,8.952810737424377,
2022-12,B. BBVA Perú,B. BBVA Perú,39427733.368,26719989.577,40.3944208317147,
2022-12,B. de Comercio,B. de Comercio,1254449.36,264662.181,17.422169067702445,
2022-12,B. de Crédito del Perú (con sucursales en el exterior),B. de Crédito del Perú (con sucursales en el exterior),64505872.127,53833684.897,45.49086227024004,
2022-12,B. Falabella Perú .,B. Falabella Perú .,3362515.069,534066.623,13.706029161315476,
2022-12,B. GNB,B. GNB,3257205.493,1001684.205,23.519843809770347,
2022-12,B. ICBC,B. ICBC,258724.323,2788783.582,91.51029854342578,
2022-12,B. Interamericano de Finanzas,B. Interamericano de Finanzas,7504955.119,5216217.891,41.0042209700283,
2022-12,B. Pichincha,B. Pichincha,5729032.688,1924716.253,25.147365922725527,
2022-12,B. Ripley,B. Ripley,1736293.705,11436.626,0.654370173541378,
2022-12,B. Santander Perú,B. Santander Perú,1306639.732,4001024.103,75.38201791560901,
2022-12,Banco BCI Perú,Banco BCI Perú,74678.471,158949.3,68.03527650828805,
2022-12,Bank of China,Bank of China,56034.661,277620.918,83.20583723852553,
2022-12,Citibank,Citibank,3569618.264,1900234.723,34.74014251418125,
2022-12,Interbank (con sucursales en el exterior),Interbank (con sucursales en el exterior),28512285.989,15508089.24,35.229343592199754,
2022-12,Mibanco,Mibanco,8645141.773,499938.877,5.46675197446181,
2022-12,Scotiabank Perú,Scotiabank Perú,23816270.332,17496843.703,42.351790978953744,
2023-01,Alfin Banco,Alfin Banco,738853.693,63259.931,7.886654596955206,
2023-01,B. BBVA Perú,B. BBVA Perú,38765501.522,26879589.787,40.94683890448757,
2023-01,B. de Comercio,B. de Comercio,1280738.006,262692.505,17.02004094954684,
2023-01,B. de Crédito del Perú (con sucursales en el exterior),B. de Crédito del Perú (con sucursales en el exterior),64875524.958,54522016.605,45.66427071384172,
2023-01,B. Falabella Perú .,B. Falabella Perú .,3095620.886,531206.211,14.646582172042264,
2023-01,B. GNB,B. GNB,3163079.614,979111.538,23.63752666332768,
2023-01,B. ICBC,B. ICBC,356169.545,2531676.477,87.66660194876553,
2023-01,B. Interamericano de Finanzas,B. Interamericano de Finanzas,7594411.62,5712978.61,42.930871577815,
2023-01,B. Pichincha,B. Pichincha,5866446.245,1915345.357,24.613166928136916,
2023-01,B. Ripley,B. Ripley,1632572.364,10450.947,0.6360802631363275,
2023-01,B. Santander Perú,B. Santander Perú,1585766.633,4150904.849,72.35737416765676,
2023-01,Banco BCI Perú,Banco BCI Perú,58750.52,153506.859,72.32109419385604,
2023-01,Bank of China,Bank of China,58904.585,239764.205,80.27762291466745,
2023-01,Citibank,Citibank,5195868.698,2061084.856,28.40151643059558,
2023-01,Interbank (con sucursales en el exterior),Interbank (con sucursales en el exterior),29479499.181,16189761.051,35.45001817142638,
2023-01,Mibanco,Mibanco,8441864.587,496882.554,5.558749410428144,
2023-01,Scotiabank Perú,Scotiabank Perú,26177320.67,18290646.728,41.132185252125204,
2023-02,Alfin Banco,Alfin Banco,852207.515,39361.453,4.414852289924025,
2023-02,B. BBVA Perú,B. BBVA Perú,40251027.465,27089292.135,40.22744812604067,
2023-02,B. de Comercio,B. de Comercio,1290000.442,256920.887,16.608529611915383,
2023-02,B. de Crédito del Perú (con sucursales en el exterior),B. de Crédito del Perú (con sucursales en el exterior),64823510.474,54613424.625,45.725741856764415,
2023-02,B. Falabella Perú .,B. Falabella Perú .,2912262.885,513561.833,14.990896361440756,
2023-02,B. GNB,B. GNB,3137557.714,947165.162,23.187990734086704,
2023-02,B. ICBC,B. ICBC,277445.158,2043982.406,88.04851108419078,
2023-02,B. Interamericano de Finanzas,B. Interamericano de Finanzas,7427698.231,5805094.378,43.86900444621031,
2023-02,B. Pichincha,B. Pichincha,5808047.987,1871100.473,24.36598905134333,
2023-02,B. Ripley,B. Ripley,1607797.382,10855.781,0.6706675184126522,
2023-02,B. Santander Perú,B. Santander Perú,1633651.373,4275348.624,72.3531667992993,
2023-02,Banco BCI Perú,Banco BCI Perú,41454.035,194536.144,82.43399993353113,
2023-02,Bank of China,Bank of China,43337.088,441899.576,91.06887603200569,
2023-02,Citibank,Citibank,3745353.709,2257097.175,37.602926181644705,
2023-02,Interbank (con sucursales en el exterior),Interbank (con sucursales en el exterior),29061012.451,16503081.581,36.219488023639315,
2023-02,Mibanco,Mibanco,8741695.108,483424.378,5.240304786660408,
2023-02,Scotiabank Perú,Scotiabank Perú,25033414.705,18245939.334,42.158529717329365,
2023-03,Alfin Banco,Alfin Banco,816114.159,74011.035,8.314677025083732,
2023-03,B. BBVA Perú,B. BBVA Perú,40196011.798,27596150.437,40.706992559609716,
2023-03,B. de Comercio,B. de Comercio,1251619.953,252594.901,16.79247484681467,
2023-03,B. de Crédito del Perú (con sucursales en el exterior),B. de Crédito del Perú (con sucursales en el exterior),65283960.745,54994360.465,45.7225873388959,
2023-03,B. Falabella Perú .,B. Falabella Perú .,2779177.021,494781.802,15.112645844049455,
2023-03,B. GNB,B. GNB,3167564.127,906412.47,22.248838411773527,
2023-03,B. ICBC,B. ICBC,224157.841,1503975.539,87.0289039263856,
2023-03,B. Interamericano de Finanzas,B. Interamericano de Finanzas,7705118.047,5245441.471,40.503589545373345,
2023-03,B. Pichincha,B. Pichincha,5691942.058,1773610.466,23.757256549977495,
2023-03,B. Ripley,B. Ripley,1669400.442,9946.692,0.592295172249956,
2023-03,B. Santander Perú,B. Santander Perú,1714702.119,4144362.707,70.7342012774651,
2023-03,Banco BCI Perú,Banco BCI Perú,58557.266,190907.836,76.52687068029259,
2023-03,Bank of China,Bank of China,68524.154,293471.402,81.07044330676811,
2023-03,Citibank,Citibank,4036779.528,2149908.102,34.75055200095822,
2023-03,Interbank (con sucursales en el exterior),Interbank (con sucursales en el exterior),29293315.761,16198113.706,35.606956949440985,
2023-03,Mibanco,Mibanco,8888641.662,488173.248,5.206173446799965,
2023-03,Scotiabank Perú,Scotiabank Perú,25636112.503,18058689.86,41.32914873942028,
2023-04,Alfin Banco,Alfin Banco,797091.709,84856.56,9.621489488971376,
2023-04,B. BBVA Perú,B. BBVA Perú,40460449.432,27621010.652,40.5705321506336,
2023-04,B. de Comercio,B. de Comercio,1245971.077,242959.614,16.317724892676015,
2023-04,B. de Crédito del Perú (con sucursales en el exterior),B. de Crédito del Perú (con sucursales en el exterior),62899104.875,53144388.777,45.796956903394694,
2023-04,B. Falabella Perú .,B. Falabella Perú .,2847230.043,498722.025,14.905235187606996,
2023-04,B. GNB,B. GNB,3187366.809,857650.042,21.202632117292016,
2023-04,B. ICBC,B. ICBC,109464.119,1494354.365,93.17478130523902,
2023-04,B. Interamericano de Finanzas,B. Interamericano de Finanzas,7639910.342,5110989.191,40.08336178771145,
2023-04,B. Pichincha,B. Pichincha,5713882.078,1790911.411,23.86356684730889,
2023-04,B. Ripley,B. Ripley,1605457.036,9601.211,0.5944807884071316,
2023-04,B. Santander Perú,B. Santander Perú,1537192.085,4222850.295,73.31283376772654,
2023-04,Banco BCI Perú,Banco BCI Perú,36912.761,265274.823,87.78481878328925,
2023-04,Bank of China,Bank of China,90075.371,430963.378,82.71234698515676,
2023-04,Citibank,Citibank,3558506.826,2145636.995,37.61540841766233,
2023-04,Interbank (con sucursales en el exterior),Interbank (con sucursales en el exterior),29338267.68,16283224.018,35.692002632859634,
2023-04,Mibanco,Mibanco,8999546.228,456733.881,4.829952959677075,
2023-04,Scotiabank Perú,Scotiabank Perú,25753437.439,16870057.193,39.57924458951951,
2023-05,Alfin Banco,Alfin Banco,822892.078,76879.595,8.544344894040691,
2023-05,B. BBVA Perú,B. BBVA Perú,40709305.329,28147973.887,40.878719298074444,
2023-05,B. de Comercio,B. de Comercio,1245562.468,248415.143,16.627768794588714,
2023-05,B. de Crédito del Perú (con sucursales en el exterior),B. de Crédito del Perú (con sucursales en el exterior),67393627.046,52918252.879,43.98422908193951,
2023-05,B. Falabella Perú .,B. Falabella Perú .,2850664.274,469742.362,14.147133574154196,
2023-05,B. GNB,B. GNB,3086761.414,797217.602,20.52579580671967,
2023-05,B. ICBC,B. ICBC,101867.813,2202644.757,95.57963734604407,
2023-05,B. Interamericano de Finanzas,B. Interamericano de Finanzas,7322687.345,5230081.675,41.66476469587744,
2023-05,B. Pichincha,B. Pichincha,5905201.046,1874182.314,24.091656462601684,
2023-05,B. Ripley,B. Ripley,1443426.97,10118.721,0.6961405522132982,
2023-05,B. Santander Perú,B. Santander Perú,1675041.737,4139318.348,71.19129684930753,
2023-05,Banco BCI Perú,Banco BCI Perú,55032.07,225888.115,80.41006914472878,
2023-05,Bank of China,Bank of China,95311.998,406670.517,81.01288488106005,
2023-05,Citibank,Citibank,3072364.302,2301602.782,42.828747292714155,
2023-05,Interbank (con sucursales en el exterior),Interbank (con sucursales en el exterior),27722597.684,16053840.21,36.67233101257044,
2023-05,Mibanco,Mibanco,8871442.765,452182.388,4.849855936716892,
2023-05,Scotiabank Perú,Scotiabank Perú,24451179.188,16641856.527,40.497997379456926,
2023-06,Alfin Banco,Alfin Banco,883606.75,117073.978,11.699433667918106,
2023-06,B. BBVA Perú,B. BBVA Perú,40826536.471,26360306.898,39.23432859202109,
2023-06,B. de Comercio,B. de Comercio,1240682.369,238986.768,16.151365330532,
2023-06,B. de Crédito del Perú (con sucursales en el exterior),B. de Crédito del Perú (con sucursales en el exterior),63367957.811,52403826.001,45.26476510554399,
2023-06,B. Falabella Perú .,B. Falabella Perú .,2828642.403,445248.699,13.599985006465253,
2023-06,B. GNB,B. GNB,3024856.047,810403.203,21.130336964834907,
2023-06,B. ICBC,B. ICBC,217116.415,1504795.78,87.39097059475787,
2023-06,B. Interamericano de Finanzas,B. Interamericano de Finanzas,7666027.81,5205545.204,40.44218370464973,
2023-06,B. Pichincha,B. Pichincha,5778891.151,1830548.295,24.05628309404908,
2023-06,B. Ripley,B. Ripley,1497270.675,9382.472,0.6227360304315614,
2023-06,B. Santander Perú,B. Santander Perú,1644509.398,4213474.973,71.92704360665151,
2023-06,Banco BCI Perú,Banco BCI Perú,59829.378,259976.312,81.29195950203388,
2023-06,Bank of China,Bank of China,77375.253,710275.867,90.17645617008708,
2023-06,Citibank,Citibank,2969118.941,2203155.926,42.59549197697346,
2023-06,Interbank (con sucursales en el exterior),Interbank (con sucursales en el exterior),28969546.281,15925877.485,35.473275779748654,
2023-06,Mibanco,Mibanco,9174739.972,431968.405,4.49652875936363,
2023-06,Scotiabank Perú,Scotiabank Perú,25446496.822,16446358.841,39.258146957800996,
2023-07,Alfin Banco,Alfin Banco,904379.632,121001.506,11.800637003720658,
2023-07,B. BBVA Perú,B. BBVA Perú,40980972.498,26092723.479,38.90157400592232,
2023-07,B. de Comercio,B. de Comercio,1285750.006,234407.48,15.419947088297931,
2023-07,B. de Crédito del Perú (con sucursales en el exterior),B. de Crédito del Perú (con sucursales en el exterior),65486450.432,51984578.826,44.25310576944634,
2023-07,B. Falabella Perú .,B. Falabella Perú .,2729633.808,434315.134,13.72699566148688,
2023-07,B. GNB,B. GNB,3099655.682,787863.895,20.26649331006057,
2023-07,B. ICBC,B. ICBC,185002.049,1610440.534,89.6960197584887,
2023-07,B. Interamericano de Finanzas,B. Interamericano de Finanzas,8720241.33,5245201.297,37.55843217499761,
2023-07,B. Pichincha,B. Pichincha,5673470.515,1830040.157,24.389119133647046,
2023-07,B. Ripley,B. Ripley,1380357.511,8483.803,0.6108547401694013,
2023-07,B. Santander Perú,B. Santander Perú,1674211.413,4556935.474,73.13156882093574,
2023-07,Banco BCI Perú,Banco BCI Perú,92378.87,293186.849,76.04069411575463,
2023-07,Bank of China,Bank of China,85326.246,803819.229,90.40356742522926,
2023-07,Citibank,Citibank,3473784.679,2156985.593,38.307114103482284,
2023-07,Interbank (con sucursales en el exterior),Interbank (con sucursales en el exterior),28408535.73,15848413.711,35.8100002625077,
2023-07,Mibanco,Mibanco,9333668.201,400787.871,4.117208686706373,
2023-07,Scotiabank Perú,Scotiabank Perú,25644746.388,15948064.545,38.343319884510876,
2023-08,Alfin Banco,Alfin Banco,877486.307,104454.304,10.63753783374176,
2023-08,B. BBVA Perú,B. BBVA Perú,40798215.746,27024358.335,39.845668940145224,
2023-08,B. de Comercio,B. de Comercio,1260884.183,236359.877,15.786329250823677,
2023-08,B. de Crédito del Perú (con sucursales en el exterior),B. de Crédito del Perú (con sucursales en el exterior),65172980.81,51836754.449,44.30123214470984,
2023-08,B. Falabella Perú .,B. Falabella Perú .,2714519.793,444860.755,14.080632207526017,
2023-08,B. GNB,B. GNB,3198931.84,830590.098,20.61262131785917,
2023-08,B. ICBC,B. ICBC,238968.282,1564598.0,86.75023566447445,
2023-08,B. Interamericano de Finanzas,B. Interamericano de Finanzas,8061645.35,5968063.838,42.53875656314138,
2023-08,B. Pichincha,B. Pichincha,5676731.382,1910849.731,25.18391174396925,
2023-08,B. Ripley,B. Ripley,1390717.043,8367.664,0.5980812997336266,
2023-08,B. Santander Perú,B. Santander Perú,1963340.701,5153759.624,72.41375544330269,
2023-08,Banco BCI Perú,Banco BCI Perú,191071.779,299855.9,61.0794446568575,
2023-08,Bank of China,Bank of China,30568.091,958502.783,96.90941349062514,
2023-08,Citibank,Citibank,3691002.449,2202995.454,37.3769297216528,
2023-08,Interbank (con sucursales en el exterior),Interbank (con sucursales en el exterior),29645612.183,15342919.213,34.10406771883237,
2023-08,Mibanco,Mibanco,9461460.758,394260.954,4.000325552211574,
2023-08,Scotiabank Perú,Scotiabank Perú,25950520.143,15779844.745,37.813819235349314,
2023-09,Alfin Banco,Alfin Banco,842527.07,92667.124,9.908864340105175,
2023-09,B. BBVA Perú,B. BBVA Perú,40446605.292,26295389.824,39.398567241356304,
2023-09,B. de Crédito del Perú (con sucursales en el exterior),B. de Crédito del Perú (con sucursales en el exterior),65770048.691,54304411.677,45.22561376546665,
2023-09,B. Falabella Perú .,B. Falabella Perú .,2834989.077,429647.985,13.160666157995117,
2023-09,B. GNB,B. GNB,3291025.383,859987.925,20.717541987702052,
2023-09,B. ICBC,B. ICBC,183601.481,1342060.094,87.96577930462725,
2023-09,B. Interamericano de Finanzas,B. Interamericano de Finanzas,7992590.406,5416154.141,40.39270136003733,
2023-09,B. Pichincha,B. Pichincha,5857209.249,1967960.608,25.149110421412292,
2023-09,B. Ripley,B. Ripley,1341993.911,7976.735,0.5908821072247225,
2023-09,B. Santander Perú,B. Santander Perú,2263318.945,5206533.978,69.70062237730085,
2023-09,Banco BCI Perú,Banco BCI Perú,325067.011,280168.739,46.290844352799716,
2023-09,BANCOM,BANCOM,1269836.592,249671.624,16.43108088334285,
2023-09,Bank of China,Bank of China,65097.987,1266128.762,95.1099249583964,
2023-09,Citibank,Citibank,3619190.056,2133411.061,37.0860245236781,
2023-09,Interbank (con sucursales en el exterior),Interbank (con sucursales en el exterior),29245192.468,15612859.811,34.80503280413059,
2023-09,Mibanco,Mibanco,9368063.768,394394.623,4.03991092411305,
2023-09,Scotiabank Perú,Scotiabank Perú,24498614.063,15836756.259,39.26270202200723,
2023-10,Alfin Banco,Alfin Banco,828901.954,93541.815,10.140652269937984,
2023-10,B. BBVA Perú,B. BBVA Perú,41841612.918,26196055.751,38.502283019782105,
2023-10,B. de Crédito del Perú (con sucursales en el exterior),B. de Crédito del Perú (con sucursales en el exterior),64182681.073,55620963.548,46.42677084153613,
2023-10,B. Falabella Perú .,B. Falabella Perú .,2635943.709,428182.996,13.974062994891723,
2023-10,B. GNB,B. GNB,3288642.662,817371.42,19.906688181689486,
2023-10,B. ICBC,B. ICBC,141965.936,1365412.174,90.58192930770369,
2023-10,B. Interamericano de Finanzas,B. Interamericano de Finanzas,8330783.467,5753326.603,40.84977023329952,
2023-10,B. Pichincha,B. Pichincha,5857846.244,1969811.64,25.164764086411623,
2023-10,B. Ripley,B. Ripley,1348366.378,8322.656,0.6134534732297394,
2023-10,B. Santander Perú,B. Santander Perú,2242435.03,5083188.969,69.38916015473755,
2023-10,Banco BCI Perú,Banco BCI Perú,421249.757,422504.708,50.074367073127135,
2023-10,BANCOM,BANCOM,1273474.74,255717.301,16.722379802132387,
2023-10,Bank of China,Bank of China,71908.444,1517661.12,95.47623170268503,
2023-10,Citibank,Citibank,4283956.863,2189974.504,33.827582960843586,
2023-10,Interbank (con sucursales en el exterior),Interbank (con sucursales en el exterior),29030031.122,16431886.07,36.1442875376394,
2023-10,Mibanco,Mibanco,9617577.836,389785.835,3.894990207356481,
2023-10,Scotiabank Perú,Scotiabank Perú,25019446.815,16339652.882,39.50679052906271,
2023-11,Alfin Banco,Alfin Banco,833880.061,88129.96,9.558460102680382,
2023-11,B. BBVA Perú,B. BBVA Perú,43169881.086,25833501.337,37.438021774986574,
2023-11,B. de Crédito del Perú (con sucursales en el exterior),B. de Crédito del Perú (con sucursales en el exterior),63831904.186,54368651.31,45.996950760387826,
2023-11,B. Falabella Perú .,B. Falabella Perú .,2643600.14,426413.507,13.889629038512219,
2023-11,B. GNB,B. GNB,3282571.85,821483.143,20.016377568067348,
2023-11,B. ICBC,B. ICBC,147344.473,1231975.172,89.31759773493258,
2023-11,B. Interamericano de Finanzas,B. Interamericano de Finanzas,8409210.162,5886196.522,41.175439440894465,
2023-11,B. Pichincha,B. Pichincha,5821563.369,2023001.85,25.788578379081738,
2023-11,B. Ripley,B. Ripley,1363081.935,7449.202,0.5435266517407112,
2023-11,B. Santander Perú,B. Santander Perú,1995191.664,4849373.857,70.84998809817077,
2023-11,Banco BCI Perú,Banco BCI Perú,237504.635,405369.676,63.05582118679494,
2023-11,BANCOM,BANCOM,1273014.356,273581.053,17.689245125646174,
2023-11,Bank of China,Bank of China,48507.129,1785869.297,97.3556611220864,
2023-11,Citibank,Citibank,4464950.535,2316213.054,34.15657244661113,
2023-11,Interbank (con sucursales en el exterior),Interbank (con sucursales en el exterior),29629131.9,15587133.154,34.47240309518025,
2023-11,Mibanco,Mibanco,9320663.07,389064.241,4.006953321533913,
2023-11,Scotiabank Perú,Scotiabank Perú,24964564.56,16174764.595,39.31703537035958,
2023-12,Alfin Banco,Alfin Banco,830730.809,86471.913,9.427786347105933,
2023-12,B. BBVA Perú,B. BBVA Perú,43664803.932,26010741.511,37.33123486242215,
2023-12,B. de Crédito del Perú (con sucursales en el exterior),B. de Crédito del Perú (con sucursales en el exterior),65759423.291,54591190.279,45.36012626744766,
2023-12,B. Falabella Perú .,B. Falabella Perú .,2565847.659,436191.044,14.52982746571872,
2023-12,B. GNB,B. GNB,3382893.306,754978.366,18.24557226142996,
2023-12,B. ICBC,B. ICBC,177021.056,1233515.497,87.4500908449694,
2023-12,B. Interamericano de Finanzas,B. Interamericano de Finanzas,8343746.443,5728874.278,40.70936317818211,
2023-12,B. Pichincha,B. Pichincha,5775845.91,1945872.035,25.199988511105865,
2023-12,B. Ripley,B. Ripley,1387620.972,7045.356,0.5051642718085325,
2023-12,B. Santander Perú,B. Santander Perú,2451792.688,4736209.421,65.89048457665109,
2023-12,Banco BCI Perú,Banco BCI Perú,424721.636,484418.181,53.283133346694015,
2023-12,BANCOM,BANCOM,1238611.978,270984.624,17.950797162697906,
2023-12,Bank of China,Bank of China,42636.9,1423644.707,97.09217521406174,
2023-12,Citibank,Citibank,4125234.473,2081054.085,33.53137814253721,
2023-12,Interbank (con sucursales en el exterior),Interbank (con sucursales en el exterior),30097827.926,15244138.631,33.620373769709325,
2023-12,Mibanco,Mibanco,9318542.307,389132.591,4.008504560450104,
2023-12,Scotiabank Perú,Scotiabank Perú,24604849.987,15634320.07,38.85348541695446,
2024-01,Alfin Banco,Alfin Banco,809287.822,165076.856,16.941999204942444,
2024-01,B. BBVA Perú,B. BBVA Perú,42558329.019,27811350.008,39.52178039255958,
2024-01,B. de Crédito del Perú (con sucursales en el exterior),B. de Crédito del Perú (con sucursales en el exterior),66067204.733,55645159.201,45.71857566678621,
2024-01,B. Falabella Perú .,B. Falabella Perú .,2671294.864,444387.152,14.262917387523286,
2024-01,B. GNB,B. GNB,3566488.978,771445.941,17.783714034553498,
2024-01,B. ICBC,B. ICBC,218629.954,1302095.424,85.6233112721816,
2024-01,B. Interamericano de Finanzas,B. Interamericano de Finanzas,9043683.203,6336132.434,41.19771383186705,
2024-01,B. Pichincha,B. Pichincha,5762243.068,2052561.717,26.265041462580818,
2024-01,B. Ripley,B. Ripley,1380849.767,7393.732,0.5325961911815875,
2024-01,B. Santander Perú,B. Santander Perú,2577156.103,4865581.862,65.37354781104402,
2024-01,Banco BCI Perú,Banco BCI Perú,280373.493,334927.533,54.43311791259714,
2024-01,BANCOM,BANCOM,1307050.384,282606.736,17.777842306018794,
2024-01,Bank of China,Bank of China,52251.743,1633957.095,96.90122944308752,
2024-01,Citibank,Citibank,3801373.818,2175246.526,36.39592948519401,
2024-01,Interbank (con sucursales en el exterior),Interbank (con sucursales en el exterior),30331313.013,15724238.219,34.1418955986235,
2024-01,Mibanco,Mibanco,9437791.382,421944.268,4.279468364854184,
2024-01,Scotiabank Perú,Scotiabank Perú,25304620.451,15299953.416,37.68036937443277,
2024-02,Alfin Banco,Alfin Banco,843800.073,135438.634,13.831013115783627,
2024-02,B. BBVA Perú,B. BBVA Perú,42375514.848,27256365.387,39.143514859878465,
2024-02,B. de Crédito del Perú (con sucursales en el exterior),B. de Crédito del Perú (con sucursales en el exterior),64679583.846,56058566.69,46.429870294630064,
2024-02,B. Falabella Perú .,B. Falabella Perú .,2456907.478,436815.641,15.095281166739714,
2024-02,B. GNB,B. GNB,3556942.42,912761.766,20.421077727222997,
2024-02,B. ICBC,B. ICBC,313845.188,1472005.409,82.42601097050225,
2024-02,B. Interamericano de Finanzas,B. Interamericano de Finanzas,9118283.039,6549619.756,41.80278523358045,
2024-02,B. Pichincha,B. Pichincha,5707973.358,2032020.462,26.25351530319439,
2024-02,B. Ripley,B. Ripley,1357627.739,7236.315,0.5301857704283858,
2024-02,B. Santander Perú,B. Santander Perú,2439324.655,4564143.306,65.16976063025072,
2024-02,Banco BCI Perú,Banco BCI Perú,256559.311,280084.75,52.191903415101805,
2024-02,BANCOM,BANCOM,1307507.385,290166.403,18.16180531842086,
2024-02,Bank of China,Bank of China,94487.942,1695163.733,94.720316622507,
2024-02,Citibank,Citibank,4266803.134,2298051.953,35.00537213000632,
2024-02,Interbank (con sucursales en el exterior),Interbank (con sucursales en el exterior),30403490.777,15843742.419,34.2587898217668,
2024-02,Mibanco,Mibanco,9714659.01,426127.523,4.202115108264058,
2024-02,Scotiabank Perú,Scotiabank Perú,25436054.496,15839818.784,38.37549039010907,
2024-03,Alfin Banco,Alfin Banco,876134.789,149833.239,14.604084621631113,
2024-03,B. BBVA Perú,B. BBVA Perú,41544976.531,32979185.414,44.25301077298817,
2024-03,B. de Crédito del Perú (con sucursales en el exterior),B. de Crédito del Perú (con sucursales en el exterior),64963862.027,55890029.348,46.2459493129416,
2024-03,B. Falabella Perú .,B. Falabella Perú .,2558081.538,427090.473,14.307064096347647,
2024-03,B. GNB,B. GNB,3639633.791,896797.542,19.768789080445227,
2024-03,B. ICBC,B. ICBC,248641.475,1516234.993,85.91167826710463,
2024-03,B. Interamericano de Finanzas,B. Interamericano de Finanzas,8976303.233,6297807.631,41.23190991001307,
2024-03,B. Pichincha,B. Pichincha,5751562.338,2123915.582,26.96871991230216,
2024-03,B. Ripley,B. Ripley,1340252.197,6497.678,0.4824710304873798,
2024-03,B. Santander Perú,B. Santander Perú,2053221.778,4560708.324,68.95610104226651,
2024-03,Banco BCI Perú,Banco BCI Perú,249851.364,384949.277,60.6409716905122,
2024-03,BANCOM,BANCOM,1291457.34,292368.308,18.459627066223643,
2024-03,Bank of China,Bank of China,94411.26,2126720.363,95.74940723807795,
2024-03,Citibank,Citibank,4114053.88,2366535.485,36.51728803835421,
2024-03,Interbank (con sucursales en el exterior),Interbank (con sucursales en el exterior),30810055.482,16542126.117,34.934242855136674,
2024-03,Mibanco,Mibanco,9415876.147,411102.793,4.183409728565064,
2024-03,Scotiabank Perú,Scotiabank Perú,26156563.237,15835054.768,37.71003719388593,
2024-04,Alfin Banco,Alfin Banco,908485.775,131313.407,12.628727669070239,
2024-04,B. BBVA Perú,B. BBVA Perú,41774166.896,32627445.224,43.853142820852085,
2024-04,B. de Crédito del Perú (con sucursales en el exterior),B. de Crédito del Perú (con sucursales en el exterior),65569973.961,55625773.995,45.89746334598709,
2024-04,B. Falabella Perú .,B. Falabella Perú .,2455173.033,424810.101,14.750437111414003,
2024-04,B. GNB,B. GNB,3621367.992,860049.171,19.19145528563684,
2024-04,B. ICBC,B. ICBC,254768.221,1504894.609,85.52175924520722,
2024-04,B. Interamericano de Finanzas,B. Interamericano de Finanzas,9381869.768,5859821.09,38.44600408572333,
2024-04,B. Pichincha,B. Pichincha,5693816.124,2082130.24,26.776550949985435,
2024-04,B. Ripley,B. Ripley,1313502.55,6525.093,0.4943148754953762,
2024-04,B. Santander Perú,B. Santander Perú,2248893.563,4365248.593,65.99871139812254,
2024-04,Banco BCI Perú,Banco BCI Perú,218783.319,315977.199,59.08760807206788,
2024-04,BANCOM,BANCOM,1247515.294,288127.821,18.762681132458304,
2024-04,Bank of China,Bank of China,125694.687,2247178.139,94.70284772016686,
2024-04,Citibank,Citibank,4263256.602,1970373.353,31.608763549070822,
2024-04,Interbank (con sucursales en el exterior),Interbank (con sucursales en el exterior),30994254.421,16392597.081,34.593134089755125,
2024-04,Mibanco,Mibanco,9697920.68,422730.754,4.176912491816977,
2024-04,Scotiabank Perú,Scotiabank Perú,25547867.894,15642905.941,37.976722660422915,
2024-05,Alfin Banco,Alfin Banco,888699.754,138168.019,13.455288269135309,
2024-05,B. BBVA Perú,B. BBVA Perú,41913860.884,26764728.128,38.97099301694082,
2024-05,B. de Crédito del Perú (con sucursales en el exterior),B. de Crédito del Perú (con sucursales en el exterior),72301154.491,54899732.139,43.1598659360697,
2024-05,B. Falabella Perú .,B. Falabella Perú .,2404966.598,475842.524,16.517669302214877,
2024-05,B. GNB,B. GNB,3306585.822,779772.098,19.08232497656495,
2024-05,B. ICBC,B. ICBC,249670.984,1721455.906,87.33359149699389,
2024-05,B. Interamericano de Finanzas,B. Interamericano de Finanzas,8860490.025,6304441.007,41.57250035425021,
2024-05,B. Pichincha,B. Pichincha,5597904.837,2145690.374,27.70922698738158,
2024-05,B. Ripley,B. Ripley,1325825.598,7199.598,0.5400946674979428,
2024-05,B. Santander Perú,B. Santander Perú,2484178.664,4041219.373,61.9306186394404,
2024-05,Banco BCI Perú,Banco BCI Perú,334287.965,306897.82,47.86410228979109,
2024-05,BANCOM,BANCOM,1260116.445,285452.219,18.46907391750794,
2024-05,Bank of China,Bank of China,117233.867,2469965.633,95.4686962872403,
2024-05,Citibank,Citibank,4086095.42,1985320.296,32.69946234727571,
2024-05,Interbank (con sucursales en el exterior),Interbank (con sucursales en el exterior),29824707.498,16424217.997,35.512647745244664,
2024-05,Mibanco,Mibanco,9953457.511,419354.876,4.042827155782433,
2024-05,Scotiabank Perú,Scotiabank Perú,25428882.883,16726154.915,39.67771300585467,
2024-06,Alfin Banco,Alfin Banco,872066.134,145684.63,14.314371961503142,
2024-06,B. BBVA Perú,B. BBVA Perú,44212796.786,28677723.678,39.343557290366284,
2024-06,B. de Crédito del Perú (con sucursales en el exterior),B. de Crédito del Perú (con sucursales en el exterior),70155218.419,54677061.863,43.80041904183983,
2024-06,B. Falabella Perú .,B. Falabella Perú .,2492910.177,477515.28,16.075652693950097,
2024-06,B. GNB,B. GNB,3334059.028,765019.997,18.66321659900177,
2024-06,B. ICBC,B. ICBC,227007.882,1843436.409,89.03578893734166,
2024-06,B. Interamericano de Finanzas,B. Interamericano de Finanzas,8933732.561,6734373.086,42.981412288916005,
2024-06,B. Pichincha,B. Pichincha,5632368.027,2133840.324,27.475960308549286,
2024-06,B. Ripley,B. Ripley,1363819.407,7104.91,0.5182569097284457,
2024-06,B. Santander Perú,B. Santander Perú,3002458.01,3848417.102,56.17409512047751,
2024-06,Banco BCI Perú,Banco BCI Perú,430003.454,402403.133,48.34213703789443,
2024-06,BANCOM,BANCOM,1251835.607,290990.014,18.86084921323717,
2024-06,Bank of China,Bank of China,133807.979,1748438.467,92.89104892271901,
2024-06,Citibank,Citibank,3985764.55,2171063.433,35.26269434511827,
2024-06,Interbank (con sucursales en el exterior),Interbank (con sucursales en el exterior),31655564.716,16124900.263,33.74789314019245,
2024-06,Mibanco,Mibanco,9841998.195,417034.467,4.065046683638291,
2024-06,Scotiabank Perú,Scotiabank Perú,27564972.41,16197886.749,37.01286218560252,
2024-07,Alfin Banco,Alfin Banco,865412.707,123662.031,12.502799459832126,
2024-07,B. BBVA Perú,B. BBVA Perú,46587149.799,28382839.758,37.858935189553954,
2024-07,B. de Crédito del Perú (con sucursales en el exterior),B. de Crédito del Perú (con sucursales en el exterior),71717433.823,54337770.379,43.10632847171087,
2024-07,B. Falabella Perú .,B. Falabella Perú .,2506139.404,446375.339,15.118479596360816,
2024-07,B. GNB,B. GNB,3434923.693,768373.906,18.280264195016855,
2024-07,B. ICBC,B. ICBC,269774.709,1708862.838,86.3656327855988,
2024-07,B. Interamericano de Finanzas,B. Interamericano de Finanzas,9229447.767,6306625.396,40.59343265079087,
2024-07,B. Pichincha,B. Pichincha,5719624.406,2152750.348,27.345628419253988,
2024-07,B. Ripley,B. Ripley,1351781.669,6760.327,0.4976163431019912,
2024-07,B. Santander Perú,B. Santander Perú,1805808.802,4497720.799,71.35241814818282,
2024-07,Banco BCI Perú,Banco BCI Perú,563428.491,407685.066,41.98119396658778,
2024-07,BANCOM,BANCOM,1218014.196,280796.907,18.73464284044605,
2024-07,Bank of China,Bank of China,97647.638,1356709.132,93.2858539242747,
2024-07,Citibank,Citibank,3503529.972,2147908.092,38.006398861243895,
2024-07,Interbank (con sucursales en el exterior),Interbank (con sucursales en el exterior),32679943.554,16804461.917,33.9591064236351,
2024-07,Mibanco,Mibanco,9858884.486,413941.996,4.029484939955983,
2024-07,Scotiabank Perú,Scotiabank Perú,25807252.964,16224168.453,38.600094657845624,
2024-08,Alfin Banco,Alfin Banco,846823.292,155768.695,15.53659883778824,
2024-08,B. BBVA Perú,B. BBVA Perú,47166353.21,28711240.012,37.838891289023444,
2024-08,B. de Crédito del Perú (con sucursales en el exterior),B. de Crédito del Perú (con sucursales en el exterior),71955724.435,56338091.726,43.91333379256528,
2024-08,B. Falabella Perú .,B. Falabella Perú .,2477623.019,953970.786,27.799641805216513,
2024-08,B. GNB,B. GNB,3440020.293,782611.099,18.533729950539808,
2024-08,B. ICBC,B. ICBC,316083.794,2425320.352,88.47000379490927,
2024-08,B. Interamericano de Finanzas,B. Interamericano de Finanzas,9304801.818,6719506.958,41.93320942531992,
2024-08,B. Pichincha,B. Pichincha,5768019.711,2224541.663,27.83265037208834,
2024-08,B. Ripley,B. Ripley,1337928.874,6444.846,0.4793939292416397,
2024-08,B. Santander Perú,B. Santander Perú,2056012.509,4382167.2,68.06531345923943,
2024-08,Banco BCI Perú,Banco BCI Perú,689908.927,462351.439,40.1256046500171,
2024-08,BANCOM,BANCOM,1199927.863,277499.518,18.782616429659903,
2024-08,Bank of China,Bank of China,148693.084,1526881.753,91.12584644287064,
2024-08,Citibank,Citibank,3324790.467,2224039.121,40.08122948684075,
2024-08,Interbank (con sucursales en el exterior),Interbank (con sucursales en el exterior),33645076.523,16791794.908,33.292697250209024,
2024-08,Mibanco,Mibanco,9932817.704,403896.345,3.9073959392257147,
2024-08,Scotiabank Perú,Scotiabank Perú,26590496.34,16937484.982,38.911717170397296,
2024-09,Alfin Banco,Alfin Banco,837540.308,149652.493,15.15939873633661,
2024-09,B. BBVA Perú,B. BBVA Perú,46227737.688,28779836.622,38.36924055570089,
2024-09,B. de Crédito del Perú (con sucursales en el exterior),B. de Crédito del Perú (con sucursales en el exterior),71520545.845,56925422.426,44.318574722327334,
2024-09,B. Falabella Perú .,B. Falabella Perú .,2479222.102,381372.608,13.33193432354491,
2024-09,B. GNB,B. GNB,3356290.105,769065.664,18.642408244620903,
2024-09,B. ICBC,B. ICBC,315504.407,2136390.854,87.1322233042156,
2024-09,B. Interamericano de Finanzas,B. Interamericano de Finanzas,10039690.925,6602743.293,39.6741438572649,
2024-09,B. Pichincha,B. Pichincha,5775343.536,2277331.767,28.28043701391495,
2024-09,B. Ripley,B. Ripley,1302756.951,6259.721,0.47820025014929685,
2024-09,B. Santander Perú,B. Santander Perú,1853014.985,4622417.086,71.38391747944259,
2024-09,Banco BCI Perú,Banco BCI Perú,803390.985,492693.574,38.01399920851924,
2024-09,BANCOM,BANCOM,1207610.188,273708.721,18.477366307622013,
2024-09,Bank of China,Bank of China,219189.636,1605090.447,87.98486931680216,
2024-09,Citibank,Citibank,4109647.725,2266093.172,35.54242885036738,
2024-09,Interbank (con sucursales en el exterior),Interbank (con sucursales en el exterior),33135995.186,17557082.441,34.63408272463773,
2024-09,Mibanco,Mibanco,10198022.772,386507.35,3.6516250182579433,
2024-09,Scotiabank Perú,Scotiabank Perú,28007190.428,16796340.21,37.48887636938645,
2024-10,Alfin Banco,Alfin Banco,822698.267,147964.097,15.243621519459674,
2024-10,B. BBVA Perú,B. BBVA Perú,48288846.285,32582864.294,40.28956981461551,
2024-10,B. de Crédito del Perú (con sucursales en el exterior),B. de Crédito del Perú (con sucursales en el exterior),73427846.702,57274565.36,43.82058789613709,
2024-10,B. Falabella Perú .,B. Falabella Perú .,2490378.979,381085.31,13.271462628313396,
2024-10,B. GNB,B. GNB,3542064.948,851509.608,19.380793409711288,
2024-10,B. ICBC,B. ICBC,256398.134,1816759.885,87.63248475754514,
2024-10,B. Interamericano de Finanzas,B. Interamericano de Finanzas,9539066.707,6596316.829,40.8810662249386,
2024-10,B. Pichincha,B. Pichincha,5714526.436,2394098.603,29.525333721625056,
2024-10,B. Ripley,B. Ripley,1291228.726,5879.841,0.45330369019141636,
2024-10,B. Santander Perú,B. Santander Perú,2751072.384,4903729.368,64.06082778980895,
2024-10,Banco BCI Perú,Banco BCI Perú,749087.628,462683.143,38.182398360555936,
2024-10,BANCOM,BANCOM,1214762.361,276221.677,18.52613240383999,
2024-10,Bank of China,Bank of China,152517.939,2220543.549,93.57294618065119,
2024-10,Citibank,Citibank,3696580.423,1936791.29,34.38067623924962,
2024-10,Interbank (con sucursales en el exterior),Interbank (con sucursales en el exterior),33109216.4,16661626.587,33.47668150075732,
2024-10,Mibanco,Mibanco,10179465.27,389964.534,3.6895512930358643,
2024-10,Scotiabank Perú,Scotiabank Perú,27604602.097,16696038.897,37.688030065436934,
2024-11,Alfin Banco,Alfin Banco,836077.386,133660.364,13.783145391627787,
2024-11,B. BBVA Perú,B. BBVA Perú,46298181.773,30293946.255,39.55229739004687,
2024-11,B. de Crédito del Perú (con sucursales en el exterior),B. de Crédito del Perú (con sucursales en el exterior),74243324.073,57686327.351,43.72506614574894,
2024-11,B. Falabella Perú .,B. Falabella Perú .,2692407.495,354320.152,11.62953151880464,
2024-11,B. GNB,B. GNB,3489956.712,839020.332,19.381491827564425,
2024-11,B. ICBC,B. ICBC,249448.52,1759515.605,87.58322675373807,
2024-11,B. Interamericano de Finanzas,B. Interamericano de Finanzas,9570977.898,6455605.139,40.280608312428015,
2024-11,B. Pichincha,B. Pichincha,5597845.394,2338993.055,29.470085223855108,
2024-11,B. Ripley,B. Ripley,1312406.191,6310.078,0.4785015661318121,
2024-11,B. Santander Perú,B. Santander Perú,2057119.233,4861696.499,70.26775516674506,
2024-11,Banco BCI Perú,Banco BCI Perú,777378.689,672469.943,46.38207935350868,
2024-11,BANCOM,BANCOM,1176082.447,281960.371,19.33827782827157,
2024-11,Bank of China,Bank of China,73996.242,1959778.314,96.36163006456651,
2024-11,Citibank,Citibank,3824910.566,2605484.909,40.518268575075474,
2024-11,Interbank (con sucursales en el exterior),Interbank (con sucursales en el exterior),33287558.733,16896375.248,33.668893423933426,
2024-11,Mibanco,Mibanco,10149437.893,395232.419,3.7481723686535684,
2024-11,Scotiabank Perú,Scotiabank Perú,27791888.629,16756365.412,37.613966636219395,
2024-12,Alfin Banco,Alfin Banco,844910.872,157125.122,15.680586619725759,
2024-12,B. BBVA Perú,B. BBVA Perú,47548523.639,31424856.606,39.791707672269204,
2024-12,B. de Crédito del Perú (con sucursales en el exterior),B. de Crédito del Perú (con sucursales en el exterior),76660872.864,58147827.161,43.133586445249165,
2024-12,B. Falabella Perú .,B. Falabella Perú .,3017139.217,352105.269,10.450570460620469,
2024-12,B. GNB,B. GNB,3385868.014,865365.789,20.35563860047713,
2024-12,B. ICBC,B. ICBC,253736.393,1417749.906,84.81971445701932,
2024-12,B. Interamericano de Finanzas,B. Interamericano de Finanzas,9453314.334,6207000.634,39.635222194976734,
2024-12,B. Pichincha,B. Pichincha,5572062.362,2360375.602,29.755991949917,
2024-12,B. Ripley,B. Ripley,1328266.285,5615.957,0.42102344743562464,
2024-12,B. Santander Perú,B. Santander Perú,2143572.075,4390780.398,67.19534056576748,
2024-12,Banco BCI Perú,Banco BCI Perú,1022392.958,382465.479,27.224485323712372,
2024-12,BANCOM,BANCOM,1173397.488,288833.463,19.75293046577018,
2024-12,Bank of China,Bank of China,241574.96,2119690.749,89.76925980505992,
2024-12,Citibank,Citibank,3457851.478,1935102.392,35.88204977544152,
2024-12,Interbank (con sucursales en el exterior),Interbank (con sucursales en el exterior),33242351.273,17195675.513,34.092680877383124,
2024-12,Mibanco,Mibanco,10422032.542,421631.179,3.8882723574640448,
2024-12,Scotiabank Perú,Scotiabank Perú,27772747.105,17227231.903,38.282755420702266,
2025-01,Alfin Banco,Alfin Banco,843364.592,152607.928,15.322503877918239,
2025-01,B. BBVA Perú,B. BBVA Perú,46811161.342,31656754.359,40.34356472475611,
2025-01,B. de Crédito del Perú (con sucursales en el exterior),B. de Crédito del Perú (con sucursales en el exterior),76709866.036,57342573.619,42.77622530897459,
2025-01,B. Falabella Perú .,B. Falabella Perú .,3014521.124,344054.22,10.244052455593803,
2025-01,B. GNB,B. GNB,3727393.293,848335.613,18.539901083029765,
2025-01,B. ICBC,B. ICBC,289449.392,1012352.1,77.76547393909424,
2025-01,B. Interamericano de Finanzas,B. Interamericano de Finanzas,9105481.12,6374338.606,41.17837751878739,
2025-01,B. Pichincha,B. Pichincha,5535598.581,2324550.594,29.573873755392178,
2025-01,B. Ripley,B. Ripley,1315635.773,5357.797,0.40558842387098065,
2025-01,B. Santander Perú,B. Santander Perú,2254916.298,5321102.473,70.23613105828723,
2025-01,Banco BCI Perú,Banco BCI Perú,1020283.629,1016631.801,49.91035887042203,
2025-01,BANCOM,BANCOM,1187942.715,282043.901,19.18683462353374,
2025-01,Bank of China,Bank of China,259959.42,2356622.623,90.06492379264563,
2025-01,Citibank,Citibank,3074882.867,2225423.169,41.98669197372361,
2025-01,Compartamos Banco,Compartamos Banco,2808553.018,31263.735,1.1009067738956324,
2025-01,Interbank (con sucursales en el exterior),Interbank (con sucursales en el exterior),33268721.343,16597815.334,33.28447580289936,
2025-01,Mibanco,Mibanco,10253200.758,424012.676,3.971192283651412,
2025-01,Scotiabank Perú,Scotiabank Perú,27720629.903,17618871.836,38.85987088571079,
2025-02,Alfin Banco,Alfin Banco,905277.718,200640.379,18.1424265996074,
2025-02,B. BBVA Perú,B. BBVA Perú,45828079.514,31058093.164,40.394900776335405,
2025-02,B. de Crédito del Perú (con sucursales en el exterior),B. de Crédito del Perú (con sucursales en el exterior),77040543.3,57726448.568,42.83426361889953,
2025-02,B. Falabella Perú .,B. Falabella Perú .,2987274.645,342483.612,10.28553983701406,
2025-02,B. GNB,B. GNB,3569615.648,827353.718,18.816453996645834,
2025-02,B. ICBC,B. ICBC,285979.11,958148.45,77.01368258412344,
2025-02,B. Interamericano de Finanzas,B. Interamericano de Finanzas,9728516.728,6174652.539,38.82655359653854,
2025-02,B. Pichincha,B. Pichincha,5438080.046,2311819.683,29.830317343967792,
2025-02,B. Ripley,B. Ripley,1322482.849,5260.29,0.39618280415004276,
2025-02,B. Santander Perú,B. Santander Perú,1856063.632,5050384.309,73.12564073665838,
2025-02,Banco BCI Perú,Banco BCI Perú,1220499.853,1079459.888,46.93386013490225,
2025-02,BANCOM,BANCOM,1191619.218,278387.603,18.937844302696607,
2025-02,Bank of China,Bank of China,323196.303,2775214.894,89.56896672356042,
2025-02,Citibank,Citibank,3685809.221,2178131.148,37.14449689009107,
2025-02,Compartamos Banco,Compartamos Banco,2802416.287,32121.367,1.133213628496748,
2025-02,Interbank (con sucursales en el exterior),Interbank (con sucursales en el exterior),33768791.013,16485815.331,32.804585550132906,
2025-02,Mibanco,Mibanco,10395594.732,441528.37,4.074221228681213,
2025-02,Scotiabank Perú,Scotiabank Perú,26840559.62,18412395.836,40.68772006262131,
2025-03,Alfin Banco,Alfin Banco,820951.564,157165.353,16.06815609344992,
2025-03,B. BBVA Perú,B. BBVA Perú,45282822.793,31195311.743,40.789843962937745,
2025-03,B. de Crédito del Perú (con sucursales en el exterior),B. de Crédito del Perú (con sucursales en el exterior),76439821.609,56390362.958,42.45297342755441,
2025-03,B. Falabella Perú .,B. Falabella Perú .,2982102.833,347914.629,10.447831969957399,
2025-03,B. GNB,B. GNB,3687281.239,844506.453,18.635172483715724,
2025-03,B. ICBC,B. ICBC,183504.357,1173269.254,86.47494648243125,
2025-03,B. Interamericano de Finanzas,B. Interamericano de Finanzas,10456049.232,5777586.554,35.590219160778695,
2025-03,B. Pichincha,B. Pichincha,5330502.387,2323574.198,30.35734189743543,
2025-03,B. Ripley,B. Ripley,1319508.511,5494.123,0.4146499681599879,
2025-03,B. Santander Perú,B. Santander Perú,1900414.342,5452551.503,74.15445165854703,
2025-03,Banco BCI Perú,Banco BCI Perú,923607.425,1318778.112,58.811390380458015,
2025-03,BANCOM,BANCOM,1193408.702,286119.355,19.338555537781193,
2025-03,Bank of China,Bank of China,160077.744,2536283.479,94.06319366134869,
2025-03,Citibank,Citibank,3675768.936,2434464.319,39.84241218627586,
2025-03,Compartamos Banco,Compartamos Banco,2810924.719,32962.215,1.159055045611036,
2025-03,Interbank (con sucursales en el exterior),Interbank (con sucursales en el exterior),33072346.944,16913377.714,33.83641595619658,
2025-03,Mibanco,Mibanco,10655556.762,450287.376,4.054508332773074,
2025-03,Scotiabank Perú,Scotiabank Perú,27809964.759,17354781.975,38.425504912519145,
2025-04,Alfin Banco,Alfin Banco,856831.701,151997.997,15.066764717705606,
2025-04,B. BBVA Perú,B. BBVA Perú,46098350.688,31190475.612,40.355737181119544,
2025-04,B. de Crédito del Perú (con sucursales en el exterior),B. de Crédito del Perú (con sucursales en el exterior),75224498.308,57601887.92,43.366299088439284,
2025-04,B. Falabella Perú .,B. Falabella Perú .,3117283.356,349481.396,10.080908887699454,
2025-04,B. GNB,B. GNB,3529922.691,853122.659,19.464153137270188,
2025-04,B. ICBC,B. ICBC,164001.833,1092806.74,86.95092979764388,
2025-04,B. Interamericano de Finanzas,B. Interamericano de Finanzas,8940449.51,6129463.848,40.67351750729289,
2025-04,B. Pichincha,B. Pichincha,5247544.96,2276634.863,30.257581777096238,
2025-04,B. Ripley,B. Ripley,1323783.174,5312.983,0.3997440645673313,
2025-04,B. Santander Perú,B. Santander Perú,1854621.713,3806472.531,67.23916555592322,
2025-04,Banco BCI Perú,Banco BCI Perú,1168889.983,1253265.685,51.741748127808606,
2025-04,BANCOM,BANCOM,1164400.156,285268.793,19.678202612864272,
2025-04,Bank of China,Bank of China,185926.464,2588747.506,93.29915997301838,
2025-04,Citibank,Citibank,3385066.51,2540163.766,42.87029613496831,
2025-04,Compartamos Banco,Compartamos Banco,2841315.716,32966.63,1.1469516919894132,
2025-04,Interbank (con sucursales en el exterior),Interbank (con sucursales en el exterior),33505089.421,15937456.63,32.23429597165266,
2025-04,Mibanco,Mibanco,10431699.786,457854.086,4.204525652582217,
2025-04,Scotiabank Perú,Scotiabank Perú,27857657.342,19156236.836,40.745905377402444,
2025-05,Alfin Banco,Alfin Banco,842453.259,161703.124,16.103380582703526,
2025-05,B. BBVA Perú,B. BBVA Perú,47329256.347,29712387.154,38.56665798363236,
2025-05,B. de Crédito del Perú (con sucursales en el exterior),B. de Crédito del Perú (con sucursales en el exterior),78832391.618,58186925.841,42.46622076366068,
2025-05,B. Falabella Perú .,B. Falabella Perú .,2905936.335,349749.142,10.74271899023494,
2025-05,B. GNB,B. GNB,3644313.398,866578.004,19.21079287379395,
2025-05,B. ICBC,B. ICBC,183125.951,1288064.064,87.55252896411208,
2025-05,B. Interamericano de Finanzas,B. Interamericano de Finanzas,9433475.293,6270062.316,39.927705922813885,
2025-05,B. Pichincha,B. Pichincha,5162221.828,2218218.01,30.05536334811595,
2025-05,B. Ripley,B. Ripley,1352300.042,5838.534,0.42989236173496337,
2025-05,B. Santander Perú,B. Santander Perú,2143970.251,3996214.558,65.08296871036411,
2025-05,Banco BCI Perú,Banco BCI Perú,1282162.649,1364782.623,51.560666457179394,
2025-05,BANCOM,BANCOM,1174668.193,279093.103,19.19800064618036,
2025-05,Bank of China,Bank of China,249433.311,2621493.001,91.31174805994115,
2025-05,Citibank,Citibank,3677073.961,2440949.16,39.89767792183537,
2025-05,Compartamos Banco,Compartamos Banco,2869224.568,35505.752,1.2223424582837006,
2025-05,Interbank (con sucursales en el exterior),Interbank (con sucursales en el exterior),34291960.528,16516815.427,32.50780030919956,
2025-05,Mibanco,Mibanco,10465124.953,462943.269,4.236277259580234,
2025-05,Scotiabank Perú,Scotiabank Perú,28390700.319,17617006.759,38.29142523693408,
2025-06,Alfin Banco,Alfin Banco,890695.762,196788.179,18.095731953433965,
2025-06,B. BBVA Perú,B. BBVA Perú,46176068.068,29584245.795,39.049793073056975,
2025-06,B. de Crédito del Perú (con sucursales en el exterior),B. de Crédito del Perú (con sucursales en el exterior),75521571.662,58015293.507,43.4451515943389,
2025-06,B. Falabella Perú .,B. Falabella Perú .,3034687.373,348712.609,10.306573590328759,
2025-06,B. GNB,B. GNB,3586966.245,858025.837,19.303202821768263,
2025-06,B. ICBC,B. ICBC,194418.423,1105937.872,85.0488344042661,
2025-06,B. Interamericano de Finanzas,B. Interamericano de Finanzas,9421674.33,6943608.718,42.428894737928644,
2025-06,B. Pichincha,B. Pichincha,5006819.531,2298893.788,31.46706813722429,
2025-06,B. Ripley,B. Ripley,1340748.188,5513.781,0.40956226402916385,
2025-06,B. Santander Perú,B. Santander Perú,2027701.281,4060965.426,66.69712141298851,
2025-06,Banco BCI Perú,Banco BCI Perú,809107.253,1254257.679,60.787001831239806,
2025-06,BANCOM,BANCOM,1126270.723,274696.604,19.607638144440465,
2025-06,Bank of China,Bank of China,189897.622,1689484.163,89.89573999728853,
2025-06,Citibank,Citibank,3846148.226,2314979.325,37.57395551118335,
2025-06,Compartamos Banco,Compartamos Banco,2876874.897,35181.24,1.2081236880358943,
2025-06,Interbank (con sucursales en el exterior),Interbank (con sucursales en el exterior),33908980.188,17430647.866,33.951644230196045,
2025-06,Mibanco,Mibanco,10176454.303,455575.113,4.2849308930091095,
2025-06,Santander Consumer Bank*,Santander Consumer Bank*,1140730.98,53465.88,4.477141231136716,
2025-06,Scotiabank Perú,Scotiabank Perú,28361047.498,17179878.101,37.724042441019776,
2025-07,Alfin Banco,Alfin Banco,898425.418,179866.476,16.680685165198877,
2025-07,B. BBVA Perú,B. BBVA Perú,48425353.16,30995498.437,39.026902650551285,
2025-07,B. de Crédito del Perú (con sucursales en el exterior),B. de Crédito del Perú (con sucursales en el exterior),77288473.965,58564059.11,43.1085514450206,
2025-07,B. Falabella Perú .,B. Falabella Perú .,2880554.24,331548.682,10.321857364195628,
2025-07,B. GNB,B. GNB,3509704.106,922247.642,20.809063239828397,
2025-07,B. ICBC,B. ICBC,203118.524,1369030.849,87.08020195228612,
2025-07,B. Interamericano de Finanzas,B. Interamericano de Finanzas,9731160.591,6283217.567,39.234851987438624,
2025-07,B. Pichincha,B. Pichincha,4944163.049,2372669.304,32.42754773556037,
2025-07,B. Ripley,B. Ripley,1352866.039,5477.758,0.4032674211122414,
2025-07,B. Santander Perú,B. Santander Perú,1934465.846,3978555.272,67.28464506728656,
2025-07,Banco BCI Perú,Banco BCI Perú,1167536.552,1182579.433,50.32004550192445,
2025-07,BANCOM,BANCOM,1113808.002,294382.57,20.905023499901688,
2025-07,Bank of China,Bank of China,123365.656,1590752.035,92.80296465944356,
2025-07,Citibank,Citibank,3531615.024,2371718.588,40.17591997814404,
2025-07,Compartamos Banco,Compartamos Banco,2899215.834,35490.353,1.2093324080350263,
2025-07,Interbank (con sucursales en el exterior),Interbank (con sucursales en el exterior),34068190.062,17380614.85,33.782349035567435,
2025-07,Mibanco,Mibanco,10348915.232,467643.813,4.323406464611039,
2025-07,Santander Consumer Bank*,Santander Consumer Bank*,1159368.346,54324.6,4.475975589957824,
2025-07,Scotiabank Perú,Scotiabank Perú,27529273.31,16614387.603,37.63708595837637,
2025-08,Alfin Banco,Alfin Banco,887836.324,184143.078,17.17785599764724,
2025-08,B. BBVA Perú,B. BBVA Perú,49138016.475,30546137.041,38.334017107763536,
2025-08,B. de Crédito del Perú (con sucursales en el exterior),B. de Crédito del Perú (con sucursales en el exterior),76936448.844,57588925.629,42.80896883179346,
2025-08,B. Falabella Perú .,B. Falabella Perú .,3093964.211,324527.79,9.49330259965701,
2025-08,B. GNB,B. GNB,3681109.273,951140.653,20.533016745521778,
2025-08,B. ICBC,B. ICBC,264663.594,1409439.895,84.19072681354407,
2025-08,B. Interamericano de Finanzas,B. Interamericano de Finanzas,8862921.242,6610529.941,42.72175523623778,
2025-08,B. Pichincha,B. Pichincha,4908317.172,2309326.078,31.9955697173035,
2025-08,B. Ripley,B. Ripley,1356911.348,5252.0,0.38556315640934424,
2025-08,B. Santander Perú,B. Santander Perú,1982462.744,3374136.52,62.990273375059026,
2025-08,Banco BCI Perú,Banco BCI Perú,1233658.208,1425102.172,53.60024854891211,
2025-08,BANCOM,BANCOM,1115160.179,289840.344,20.6291982995938,
2025-08,Bank of China,Bank of China,183661.087,1635478.745,89.90395989526108,
2025-08,Citibank,Citibank,3892091.771,2385310.039,37.99836478844102,
2025-08,Compartamos Banco,Compartamos Banco,2914309.537,34506.391,1.1701778558759877,
2025-08,Interbank (con sucursales en el exterior),Interbank (con sucursales en el exterior),33696391.367,16172003.071,32.4293638350563,
2025-08,Mibanco,Mibanco,10377358.228,471474.73,4.345856663341207,
2025-08,Santander Consumer Bank*,Santander Consumer Bank*,1184106.445,55230.947,4.456490004781523,
2025-08,Scotiabank Perú,Scotiabank Perú,26980355.93,16439860.725,37.862226380915324,
2025-09,Alfin Banco,Alfin Banco,868520.098,225678.33,20.624991247017217,
2025-09,B. BBVA Perú,B. BBVA Perú,48092699.651,31023355.44,39.21246503546803,
2025-09,B. de Crédito del Perú (con sucursales en el exterior),B. de Crédito del Perú (con sucursales en el exterior),76765545.525,57028467.625,42.62408031745328,
2025-09,B. Falabella Perú .,B. Falabella Perú .,2916893.185,385187.937,11.665005272998862,
2025-09,B. GNB,B. GNB,3696617.093,932694.021,20.14757699432512,
2025-09,B. ICBC,B. ICBC,232301.047,1431005.575,86.03378090801588,
2025-09,B. Interamericano de Finanzas,B. Interamericano de Finanzas,9525769.136,5948136.309,38.439787099267754,
2025-09,B. Pichincha,B. Pichincha,4857708.007,2397197.505,33.04243592194147,
2025-09,B. Ripley,B. Ripley,1353241.099,5235.869,0.38542199266789484,
2025-09,B. Santander Perú,B. Santander Perú,2203831.055,4282399.758,66.02293198411962,
2025-09,Banco BCI Perú,Banco BCI Perú,1330261.753,1460477.642,52.33299979986128,
2025-09,BANCOM,BANCOM,1122054.872,282331.079,20.103524874979332,
2025-09,Bank of China,Bank of China,172884.093,1631499.173,90.4186601451224,
2025-09,Citibank,Citibank,3567857.025,2403409.468,40.2495763807807,
2025-09,Compartamos Banco,Compartamos Banco,2928282.425,33818.799,1.1417165195432228,
2025-09,Interbank (con sucursales en el exterior),Interbank (con sucursales en el exterior),33674123.957,16801173.874,33.28593311178317,
2025-09,Mibanco,Mibanco,10265401.929,474392.358,4.4171456670657925,
2025-09,Santander Consumer Bank,Santander Consumer Bank,1208940.904,55223.093,4.368348816375918,
2025-09,Scotiabank Perú,Scotiabank Perú,27906280.884,17052143.623,37.92869481079123,
2025-10,Alfin Banco,Alfin Banco,870685.215,208145.822,19.29364421872857,
2025-10,B. BBVA Perú,B. BBVA Perú,49719461.009,30270396.364,37.842793271709915,
2025-10,B. de Crédito del Perú (con sucursales en el exterior),B. de Crédito del Perú (con sucursales en el exterior),77062732.857,57170342.761,42.59035449928537,
2025-10,B. Falabella Perú .,B. Falabella Perú .,2987806.874,389494.752,11.532720352884466,
2025-10,B. GNB,B. GNB,3527967.772,818068.002,18.823314959671105,
2025-10,B. ICBC,B. ICBC,184045.279,1390350.941,88.31010411089528,
2025-10,B. Interamericano de Finanzas,B. Interamericano de Finanzas,9011826.881,5883774.312,39.50007949168916,
2025-10,B. Pichincha,B. Pichincha,4679721.737,2265031.96,32.61500780047031,
2025-10,B. Ripley,B. Ripley,1357112.605,5114.528,0.37545339364489083,
2025-10,B. Santander Perú,B. Santander Perú,2160563.773,3642637.979,62.7694527033221,
2025-10,Banco BCI Perú,Banco BCI Perú,1465281.265,1567491.434,51.685094452243355,
2025-10,BANCOM,BANCOM,1111253.918,271065.164,19.609449621994006,
2025-10,Bank of China,Bank of China,120396.674,1692213.737,93.35782949996529,
2025-10,Citibank,Citibank,3288216.606,2022193.954,38.079804398400405,
2025-10,Compartamos Banco,Compartamos Banco,2949687.265,32734.173,1.0975703360673066,
2025-10,Interbank (con sucursales en el exterior),Interbank (con sucursales en el exterior),33708102.55,16571104.423,32.9581658515392,
2025-10,Mibanco,Mibanco,10465804.592,472810.829,4.322401060853605,
2025-10,Santander Consumer Bank,Santander Consumer Bank,1149556.184,55167.627,4.5792758884882705,
2025-10,Scotiabank Perú,Scotiabank Perú,28588177.504,17016805.288,37.313478146921,
2025-11,Alfin Banco,Alfin Banco,842539.175,198598.574,19.07514871982612,
2025-11,B. BBVA Perú,B. BBVA Perú,50761391.738,29780354.243,36.97505421601521,
2025-11,B. de Crédito del Perú (con sucursales en el exterior),B. de Crédito del Perú (con sucursales en el exterior),80413428.56,57220660.404,41.57448262615144,
2025-11,B. Falabella Perú .,B. Falabella Perú .,3010065.697,367865.021,10.890247660786983,
2025-11,B. GNB,B. GNB,3613946.023,861144.471,19.243062730342185,
2025-11,B. ICBC,B. ICBC,225147.481,1354141.727,85.74374599284921,
2025-11,B. Interamericano de Finanzas,B. Interamericano de Finanzas,9450620.98,5420728.201,36.45081649972724,
2025-11,B. Pichincha,B. Pichincha,4638649.485,2326992.784,33.406722512238154,
2025-11,B. Ripley,B. Ripley,1392791.694,5834.053,0.4171275276830722,
2025-11,B. Santander Perú,B. Santander Perú,2100910.137,4861701.639,69.82583253827535,
2025-11,Banco BCI Perú,Banco BCI Perú,1526165.525,1471533.377,49.088765253182196,
2025-11,BANCOM,BANCOM,1097521.032,296380.81,21.262674391386593,
2025-11,Bank of China,Bank of China,89235.24,2040115.782,95.80927526377565,
2025-11,Citibank,Citibank,3244506.508,2141933.716,39.76529260375582,
2025-11,Compartamos Banco,Compartamos Banco,3000126.873,30801.808,1.0162498442502943,
2025-11,Interbank (con sucursales en el exterior),Interbank (con sucursales en el exterior),34195502.683,15907390.374,31.749444799330885,
2025-11,Mibanco,Mibanco,10572061.418,485031.649,4.386610893667718,
2025-11,Santander Consumer Bank,Santander Consumer Bank,1152346.844,65564.384,5.383346708090288,
2025-11,Scotiabank Perú,Scotiabank Perú,30422472.524,15078234.958,33.13846265789367,
2025-12,Alfin Banco,Alfin Banco,895525.055,182130.858,16.90065036556803,
2025-12,B. BBVA Perú,B. BBVA Perú,52765237.857,29332391.013,35.728670141554595,
2025-12,B. de Crédito del Perú (con sucursales en el exterior),B. de Crédito del Perú (con sucursales en el exterior),86946396.815,56946634.245,39.5756721680667,
2025-12,B. Falabella Perú .,B. Falabella Perú .,3138396.697,301286.066,8.75912363898426,
2025-12,B. GNB,B. GNB,3730320.186,877016.232,19.03521150688415,
2025-12,B. ICBC,B. ICBC,243086.127,1247639.237,83.69343321913183,
2025-12,B. Interamericano de Finanzas,B. Interamericano de Finanzas,10413645.374,5372155.18,34.031566290369334,
2025-12,B. Pichincha,B. Pichincha,4707828.256,2381094.12,33.58894333589188,
2025-12,B. Ripley,B. Ripley,1410921.003,5402.972,0.38147853848198815,
2025-12,B. Santander Perú,B. Santander Perú,2727083.103,3892327.776,58.801724914045785,
2025-12,Banco BCI Perú,Banco BCI Perú,1848636.291,1328812.092,41.82010002458,
2025-12,BANCOM,BANCOM,1087435.281,293715.192,21.26598062570406,
2025-12,Bank of China,Bank of China,100699.88,1669258.29,94.31060678682593,
2025-12,Citibank,Citibank,3763587.274,2025586.386,34.98921443652115,
2025-12,Compartamos Banco,Compartamos Banco,3068607.743,31281.482,1.0091161241415008,
2025-12,Interbank (con sucursales en el exterior),Interbank (con sucursales en el exterior),35927110.654,17006017.34,32.12736141708391,
2025-12,Mibanco,Mibanco,10466234.864,479685.843,4.3823252135678015,
2025-12,Santander Consumer Bank,Santander Consumer Bank,1180605.475,72593.965,5.792690507426334,
2025-12,Scotiabank Perú,Scotiabank Perú,30944918.39,15737799.285,33.71226027277342,
