mes,banco_original,mn_soles_miles,me_usd_miles,total_soles_miles,dolcred_pct,problemas
2015-11,Banco Continental,32190088.531999998,4986250.852400711,49013698.911,34.32430270065647,
2015-11,Banco de Comercio,1008290.219,43147.85566093657,1153871.088,12.61673600404831,
2015-11,Banco de Crédito del Perú,47420409.140999995,8539650.53023118,76233190.034,37.79558599102242,
2015-11,Banco Financiero,4115171.9790000003,674316.0835803201,6390314.449,35.60298148326691,
2015-11,Banco Interamericano de Finanzas,5211954.711,860233.3369887375,8114381.995,35.768925911898734,
2015-11,Scotiabank Perú,23327800.663,4083761.029342027,37106410.379,37.13269371859765,
2015-11,Citibank,1626357.6860000002,216130.37907528155,2355581.588,30.957276356500362,
2015-11,Interbank,18046520.116,2126111.838767042,25220021.462,28.44367661149138,
2015-11,Mibanco,7475840.567,89018.35921754595,7776188.513,3.8624056695370452,
2015-11,Banco GNB,2635118.652,317682.54534676945,3706979.563,28.91467009147901,
2015-11,Banco Falabella Perú,3603220.0700000003,28102.47540011855,3698037.824,2.5640017358567646,
2015-11,Santander Perú S.A.,1421599.186,434989.4463544754,2889253.58,50.79700875545856,
2015-11,Banco Ripley,1444065.796,0.0,1444065.796,0.0,
2015-11,Banco Azteca,432858.254,0.0,432858.254,0.0,
2015-11,Deutsche Bank,0.0,0.0,0.0,,TOTAL_NO_POSITIVO
2015-11,B. Cencosud,410106.113,0.0,410106.113,0.0,
2015-11,B. ICBC,4518.0,34399.99970361588,120583.599,96.25322180008908,
2015-12,Banco Continental,32787846.927000005,4965103.220463208,49723814.016,34.06007247060812,
2015-12,Banco de Comercio,999830.259,41317.03078276165,1140762.655,12.35422595421482,
2015-12,Banco de Crédito del Perú,48087231.171000004,8213261.671943712,76102666.738,36.812685767568745,
2015-12,Banco Financiero,4114205.7739999997,652989.963060686,6341554.541,35.12307199440674,
2015-12,Banco Interamericano de Finanzas,5224406.581,855385.9460568747,8142128.046,35.834875704680115,
2015-12,Scotiabank Perú,23638803.871000003,3907611.133685136,36967665.451,36.05545932476361,
2015-12,Citibank,1550241.977,212860.09645265318,2276307.768,31.896644259046443,
2015-12,Interbank,17850677.36,2119432.2157725007,25080060.651,28.82522252079063,
2015-12,Mibanco,7542118.151,84010.96511287012,7828679.554,3.6604053215281205,
2015-12,Banco GNB,2645331.9299999997,317356.70272647316,3727835.647,29.03839706214388,
2015-12,Banco Falabella Perú,3765251.384,26739.225740252125,3856458.886,2.3650583267232026,
2015-12,Santander Perú S.A.,1436220.7539999997,415117.502785107,2852186.559,49.64492243790846,
2015-12,Banco Ripley,1540652.954,0.0,1540652.954,0.0,
2015-12,Banco Azteca,434235.89400000003,0.0,434235.895,2.3028957320301455e-07,
2015-12,Deutsche Bank,0.0,0.0,0.0,,TOTAL_NO_POSITIVO
2015-12,B. Cencosud,444201.721,0.0,444201.721,0.0,
2015-12,B. ICBC,4518.0,36699.99970683084,129701.699,96.51662234586456,
2016-01,Banco Continental,32442583.969999995,4798149.233717579,49092161.815,33.91494126443778,
2016-01,Banco de Comercio,1027007.705,41582.22997118155,1171298.046,12.318840750460888,
2016-01,Banco de Crédito del Perú,49020221.783,8212690.655907781,77518258.362,36.762999042003685,
2016-01,Banco Financiero,4038812.634,627318.9608069165,6215609.432,35.02145399923513,
2016-01,Banco Interamericano de Finanzas,5272353.007,857214.9798270892,8246888.991,36.06858279826699,
2016-01,Scotiabank Perú,24134273.867,3898571.074927954,37662315.503,35.91930409834313,
2016-01,Citibank,1609799.506,223705.38731988473,2386057.203,32.533071546818235,
2016-01,Interbank,17889501.292999998,2162744.082708934,25394223.264,29.55287071780232,
2016-01,Mibanco,7601062.846,79808.02997118155,7877996.712,3.515282832984259,
2016-01,Banco GNB,2625161.8159999996,315038.89798270894,3718346.795,29.39975852897821,
2016-01,Banco Falabella Perú,3741038.0300000003,24855.727089337175,3827287.406,2.253537998342832,
2016-01,Santander Perú S.A.,1446759.1390000002,416622.5449567723,2892439.372,49.9813495485775,
2016-01,Banco Ripley,1533155.081,0.0,1533155.081,0.0,
2016-01,Banco Azteca,417599.97500000003,0.0,417599.976,2.3946361273013825e-07,
2016-01,Deutsche Bank,0.0,0.0,0.0,,TOTAL_NO_POSITIVO
2016-01,B. Cencosud,446042.562,0.0,446042.562,0.0,
2016-01,B. ICBC,7918.0,31935.249567723342,118733.316,93.3312735913145,
2016-02,Banco Continental,33670156.20899999,4712289.722758229,50276265.195,33.029718738239715,
2016-02,Banco de Comercio,1054376.763,36085.65891032917,1181542.628,10.76269801752764,
2016-02,Banco de Crédito del Perú,48888338.024000004,8146571.508513053,77596856.024,36.997011826253264,
2016-02,Banco Financiero,4020011.73,598468.65692395,6129015.281,34.410153251500766,
2016-02,Banco Interamericano de Finanzas,5396755.255,836793.9463677639,8345617.125,35.33425780061771,
2016-02,Scotiabank Perú,23964678.701,3864039.286889898,37581553.15,36.2328677440517,
2016-02,Citibank,1389637.601,205157.0133371169,2112610.918,34.221792135981,
2016-02,Interbank,18014097.546,2166079.94892168,25647363.289,29.762380081674372,
2016-02,Mibanco,7676384.577000001,75847.79313280364,7943672.203,3.364786702792881,
2016-02,Banco GNB,2659089.807,305138.1214528944,3734396.551,28.79465877055969,
2016-02,Banco Falabella Perú,3751885.155,23733.890749148693,3835523.388,2.180621118402629,
2016-02,Santander Perú S.A.,1414534.052,402658.0862656072,2833501.151,50.07822560789212,
2016-02,Banco Ripley,1549560.618,0.0,1549560.618,0.0,
2016-02,Banco Azteca,402492.048,0.0,402492.048,0.0,
2016-02,Deutsche Bank,0.0,0.0,0.0,,TOTAL_NO_POSITIVO
2016-02,B. Cencosud,457657.734,0.0,457657.734,0.0,
2016-02,B. ICBC,9918.0,32741.603291713964,125299.41,92.08455969585172,
2016-03,Banco Continental,33750984.791,4778266.029464822,49643497.609,32.013281866583874,
2016-03,Banco de Comercio,1041441.361,35727.86770895971,1160272.253,10.241638692363006,
2016-03,Banco de Crédito del Perú,49846698.33499999,8368262.629284426,77679539.844,35.83033777606733,
2016-03,Banco Financiero,4062229.517,590522.6383042694,6026307.815,32.59173540905495,
2016-03,Banco Interamericano de Finanzas,5549494.821,838539.2143716175,8338476.253,33.44713527242564,
2016-03,Scotiabank Perú,23226283.07,3918042.238725195,36257691.56,35.94108706130766,
2016-03,Citibank,1516916.0729999999,188863.4203247144,2145075.812,29.28380132235625,
2016-03,Interbank,18474391.559,2029250.2558628982,25223677.914,26.757740794231744,
2016-03,Mibanco,7735954.216,72370.11094407697,7976657.208,3.0175922786125526,
2016-03,Banco GNB,2733593.8559999997,316777.17137702944,3787194.729,27.820087119687166,
2016-03,Banco Falabella Perú,3777124.4129999997,22418.474143114854,3851688.259,1.935874374717935,
2016-03,Santander Perú S.A.,1452164.2319999998,402195.5613349368,2789866.673,47.948615392489046,
2016-03,Banco Ripley,1565908.798,0.0,1565908.798,0.0,
2016-03,Banco Azteca,389775.607,0.0,389775.607,0.0,
2016-03,Deutsche Bank,0.0,0.0,0.0,,TOTAL_NO_POSITIVO
2016-03,B. Cencosud,473408.308,0.0,473408.308,0.0,
2016-03,B. ICBC,29368.0,36016.23601924234,149158.001,80.31081148640494,
2016-04,Banco Continental,33685016.407000005,4860760.455850901,49594285.382,32.07883499572349,
2016-04,Banco de Comercio,1081649.912,33816.17629086465,1192330.261,9.282692272455872,
2016-04,Banco de Crédito del Perú,50375366.544,8252006.666361135,77384184.367,34.902245263591276,
2016-04,Banco Financiero,4097496.0239999997,599830.9896119768,6060742.857,32.39284159255332,
2016-04,Banco Interamericano de Finanzas,5599445.493,845627.3507485487,8367183.816,33.078493121036026,
2016-04,Scotiabank Perú,23827755.281,3963767.8075160403,36801167.318,35.25271881974927,
2016-04,Citibank,1596250.057,191233.635502597,2222157.749,28.166663337995086,
2016-04,Interbank,18683444.916,2005950.25817293,25248920.115,26.002994065079037,
2016-04,Mibanco,7829933.981999999,69597.3809960281,8057726.213,2.827003859134492,
2016-04,Banco GNB,2751299.018,302801.80659945,3742369.334,26.482429379590457,
2016-04,Banco Falabella Perú,3788357.696,21434.11610143599,3858511.56,1.818158709883457,
2016-04,Santander Perú S.A.,1571184.533,388721.7085242896,2843470.688,44.744127673596054,
2016-04,Banco Ripley,1587209.354,0.0,1587209.354,0.0,
2016-04,Banco Azteca,377519.69,0.0,377519.69,0.0,
2016-04,Deutsche Bank,0.0,0.0,0.0,,TOTAL_NO_POSITIVO
2016-04,B. Cencosud,484041.92,0.0,484041.92,0.0,
2016-04,B. ICBC,47293.0,35009.92086770547,161880.471,70.78523449564216,
2016-05,Banco Continental,33407591.169,4888280.547449585,49890873.18,33.03867212652381,
2016-05,Banco de Comercio,1103129.716,34894.67052194543,1220794.547,9.638381109184296,
2016-05,Banco de Crédito del Perú,49905560.595,8175869.00415184,77474590.881,35.58460906020876,
2016-05,Banco Financiero,4178702.611,610052.0456702254,6235798.112,32.98848782550194,
2016-05,Banco Interamericano de Finanzas,5685203.725000001,843030.4739027284,8527902.487,33.33409084277677,
2016-05,Scotiabank Perú,23592808.759,3891235.3102016607,36714054.23,35.73902622903,
2016-05,Citibank,1564229.6030000001,250425.01779359434,2408662.766,35.05817314568808,
2016-05,Interbank,18887667.351999998,1963130.4329774615,25507343.176,25.952039686471508,
2016-05,Mibanco,7893259.1110000005,66561.03054567023,8117702.908,2.7648683321338337,
2016-05,Banco GNB,2707498.392,295882.7310201661,3705214.965,26.927360016208933,
2016-05,Banco Falabella Perú,3836313.477,20330.375741399763,3904867.506,1.7556044832421032,
2016-05,Santander Perú S.A.,1557180.1449999998,385096.3140569395,2855724.919,45.4716336773332,
2016-05,Banco Ripley,1615755.835,0.0,1615755.835,0.0,
2016-05,Banco Azteca,366649.357,0.0,366649.357,0.0,
2016-05,Deutsche Bank,0.0,0.0,0.0,,TOTAL_NO_POSITIVO
2016-05,B. Cencosud,514682.496,0.0,514682.496,0.0,
2016-05,B. ICBC,46968.0,36699.12247924081,170717.441,72.48787251912943,
2016-06,Banco Continental,33258031.235,4960609.6266342355,49573476.3,32.911642036691305,
2016-06,Banco de Comercio,1116976.966,33493.708117968985,1227137.776,8.977053119420884,
2016-06,Banco de Crédito del Perú,49617592.938999996,8284321.251140163,76864725.536,35.4481622187523,
2016-06,Banco Financiero,4239845.951,591787.041958042,6186233.535,31.463208962091016,
2016-06,Banco Interamericano de Finanzas,5749077.794,820179.4138035878,8446647.89,31.93657568221422,
2016-06,Scotiabank Perú,23935208.949,3896654.477348738,36751305.528,34.872493357373926,
2016-06,Citibank,1676879.169,253583.9306780176,2510916.719,33.21645611297553,
2016-06,Interbank,18996251.733999997,2048963.9364548496,25735294.124,26.18599328039296,
2016-06,Mibanco,7947746.361,64126.090909090904,8158657.076,2.5851155776656984,
2016-06,Banco GNB,2686900.4050000003,307617.54454241414,3698654.512,27.354652988470306,
2016-06,Banco Falabella Perú,3867956.58,19510.276375798112,3932125.881,1.63192387380235,
2016-06,Santander Perú S.A.,1622962.6930000002,383035.6612952265,2882766.986,43.70121827807001,
2016-06,Banco Ripley,1646733.591,0.0,1646733.591,0.0,
2016-06,Banco Azteca,355725.847,0.0,355725.847,0.0,
2016-06,Deutsche Bank,0.0,0.0,0.0,,TOTAL_NO_POSITIVO
2016-06,B. Cencosud,534541.073,0.0,534541.073,0.0,
2016-06,B. ICBC,44968.0,31272.98297354819,147824.841,69.58021419417592,
2016-07,Banco Continental,33512247.581999995,5057827.217883755,50481257.901,33.61447599479065,
2016-07,Banco de Comercio,1100180.0320000001,33612.99403874814,1212951.63,9.297287312273102,
2016-07,Banco de Crédito del Perú,49415590.528,8306848.97138599,77285068.832,36.060624290290605,
2016-07,Banco Financiero,4289027.943,601146.9096870343,6305875.828,31.983628285932685,
2016-07,Banco Interamericano de Finanzas,5765169.573,827313.0888226528,8540804.99,32.498522331909605,
2016-07,Scotiabank Perú,24763058.429999996,3917324.296274218,37905681.448,34.67190805164496,
2016-07,Citibank,1752707.6979999999,254161.44679582713,2605419.355,32.72838421820967,
2016-07,Interbank,18942585.264,2114190.391356185,26035694.029,27.24378600047805,
2016-07,Mibanco,7995916.009,62278.565424739194,8204860.599,2.54659524654772,
2016-07,Banco GNB,2700982.045,319290.2116244411,3772200.709,28.397711220513955,
2016-07,Banco Falabella Perú,3840799.841,18597.07123695976,3903193.017,1.5985162846995322,
2016-07,Santander Perú S.A.,1612382.199,402054.6041728763,2961275.399,45.55108925213477,
2016-07,Banco Ripley,1674162.915,0.0,1674162.915,0.0,
2016-07,Banco Azteca,346542.458,0.0,346542.458,0.0,
2016-07,B. Cencosud,521534.539,0.0,521534.539,0.0,
2016-07,B. ICBC,52293.0,44743.83606557377,202408.57,74.16463146792648,
2016-08,Banco Continental,33519623.382,4970465.701945755,50379443.046,33.46567299008405,
2016-08,Banco de Comercio,1084665.2280000001,36319.29009433962,1207860.263,10.199444320985988,
2016-08,Banco de Crédito del Perú,48496722.40799999,8516094.94870283,77383316.478,37.32922726077841,
2016-08,Banco Financiero,4398625.927,626660.576356132,6524258.606,32.580447946149356,
2016-08,Banco Interamericano de Finanzas,5750290.795000001,832112.6297169812,8572816.838,32.924137962318596,
2016-08,Scotiabank Perú,25008854.540000003,3925167.0232900945,38323021.086,34.741954492893235,
2016-08,Citibank,1636377.4970000002,240715.02152122642,2452882.854,33.28758059800926,
2016-08,Interbank,19052560.132999998,2160895.5822523586,26382317.953,27.782842406258386,
2016-08,Mibanco,8059508.5430000005,60237.06043632075,8263832.655,2.472510281005923,
2016-08,Banco GNB,2696930.92,322469.21491745283,3790746.501,28.854885989117218,
2016-08,Banco Falabella Perú,3814658.8710000003,17513.541273584906,3874064.806,1.533426464833371,
2016-08,Santander Perú S.A.,1600076.437,394483.7747641509,2938165.402,45.54164867945035,
2016-08,Banco Ripley,1661128.925,0.0,1661128.925,0.0,
2016-08,Banco Azteca,339769.798,0.0,339769.798,0.0,
2016-08,B. Cencosud,513958.215,0.0,513958.215,0.0,
2016-08,B. ICBC,49168.0,47068.369103773584,208823.908,76.45480324982712,
2016-09,Banco Continental,33224928.503,4987798.902647059,50183444.776,33.79304937852798,
2016-09,Banco de Comercio,1097371.2670000002,39396.126176470585,1231318.1,10.878328922477454,
2016-09,Banco de Crédito del Perú,48480598.833,8736561.27,78184907.153,37.99238165221794,
2016-09,Banco Financiero,4446233.725000001,607602.2626470588,6512081.421,31.72330876174405,
2016-09,Banco Interamericano de Finanzas,5793687.938000001,829727.7182352942,8614762.183,32.7469776306418,
2016-09,Scotiabank Perú,25117294.226999998,4032477.356764706,38827717.244,35.31091702054325,
2016-09,Citibank,1625186.435,247114.97235294117,2465377.343,34.079606936665186,
2016-09,Interbank,19066845.389,2062691.9964705883,26079998.181,26.89092515776814,
2016-09,Mibanco,8172546.376999999,58151.730588235296,8370262.264,2.3621229629848672,
2016-09,Banco GNB,2675569.4280000003,304301.71647058823,3710195.266,27.886021188190462,
2016-09,Banco Falabella Perú,3766896.501,16375.247058823528,3822572.343,1.4565019835910982,
2016-09,Santander Perú S.A.,1621626.1079999998,355086.6811764706,2828920.825,42.67686484297419,
2016-09,Banco Ripley,1657442.76,0.0,1657442.76,0.0,
2016-09,Banco Azteca,334073.268,0.0,334073.268,0.0,
2016-09,B. Cencosud,505733.582,0.0,505733.582,0.0,
2016-09,B. ICBC,49318.0,44670.2705882353,201196.92,75.48769633252836,
2016-10,Banco Continental,33057240.636999995,5121036.630686887,50279286.83,34.2527654603171,
2016-10,Banco de Comercio,1094809.143,38402.20993160868,1223955.779,10.551576961834023,
2016-10,Banco de Crédito del Perú,48736009.078,8485436.961344037,77272533.583,36.92971251466518,
2016-10,Banco Financiero,4505155.148,595501.6666666666,6507827.256,30.77328314382658,
2016-10,Banco Interamericano de Finanzas,5780913.108,829503.2952720785,8570532.693,32.54896381503133,
2016-10,Scotiabank Perú,25381998.312,3954958.2494796314,38682522.91,34.38380849394292,
2016-10,Citibank,1549938.0870000003,253507.37288135596,2402483.385,35.486001831392464,
2016-10,Interbank,19037412.094,2070432.7859054415,26000277.556,26.77996589460716,
2016-10,Mibanco,8284978.156,56115.793339280404,8473695.572,2.227096954292143,
2016-10,Banco GNB,2695082.99,313856.9571810883,3750583.941,28.14230977373024,
2016-10,Banco Falabella Perú,3731933.2150000003,15475.957181088314,3783978.86,1.375421135412991,
2016-10,Santander Perú S.A.,1650838.974,347383.3749628308,2819089.266,41.44069881325992,
2016-10,Banco Ripley,1670364.964,0.0,1670364.964,0.0,
2016-10,Banco Azteca,333555.279,0.0,333555.279,0.0,
2016-10,B. Cencosud,494958.053,0.0,494958.053,0.0,
2016-10,B. ICBC,46118.0,43884.862920011896,193702.794,76.19136046122289,
2016-11,Banco Continental,33108672.077999994,5114769.83260041,50555151.982,34.50979617312153,
2016-11,Banco de Comercio,1096984.682,38822.311931984754,1229407.592,10.771278041692776,
2016-11,Banco de Crédito del Perú,49978471.093,8426802.966578716,78722296.016,36.512940269371626,
2016-11,Banco Financiero,4571131.115,573934.6127235414,6528822.083,29.985362491306223,
2016-11,Banco Interamericano de Finanzas,5815041.919,821356.4934036939,8616688.922,32.514194586355295,
2016-11,Scotiabank Perú,25910010.507,3890755.0257988856,39181375.903,33.871616527340606,
2016-11,Citibank,1708092.698,260073.8158897684,2595204.487,34.18273178255337,
2016-11,Interbank,19085880.437,2037335.8431545,26035233.001,26.69210820480492,
2016-11,Mibanco,8397744.848,54414.577543242456,8583352.974,2.162419820811626,
2016-11,Banco GNB,2751583.3880000003,307761.6449721489,3801358.363,27.61578558911573,
2016-11,Banco Falabella Perú,3786106.709,14703.507768982703,3836260.376,1.3073582625873454,
2016-11,Santander Perú S.A.,1608898.3640000003,320484.6552330695,2702071.525,40.456855078993506,
2016-11,Banco Ripley,1695118.244,0.0,1695118.244,0.0,
2016-11,Banco Azteca,339124.457,0.0,339124.457,0.0,
2016-11,B. Cencosud,499212.898,0.0,499212.898,0.0,
2016-11,B. ICBC,37468.0,44309.177367340955,188606.604,80.13431173385635,
2016-12,Banco Continental,34530430.91500001,5178039.712753278,51907932.193,33.4775448449542,
2016-12,Banco de Comercio,1140073.088,38935.488974970205,1270740.593,10.282783576742174,
2016-12,Banco de Crédito del Perú,48576413.620000005,8933647.480929678,78557734.571,38.16469646779727,
2016-12,Banco Financiero,4575285.054,505404.4728843862,6271422.469,27.045497626481147,
2016-12,Banco Interamericano de Finanzas,5863090.136,786924.5235399285,8504008.842,31.05498542001634,
2016-12,Scotiabank Perú,25760916.668,3833590.7792014303,38626447.326,33.30756916217876,
2016-12,Citibank,1484674.0340000002,224517.41865315856,2238154.492,33.66525683071568,
2016-12,Interbank,19149172.119,2109151.858760429,26227485.761,26.9881516913275,
2016-12,Mibanco,8443493.877,52350.36710369487,8619181.712,2.0383354345041687,
2016-12,Banco GNB,2761219.982,283395.360250298,3712294.814,25.61959326110784,
2016-12,Banco Falabella Perú,3883972.4609999997,13895.674910607868,3930606.347,1.1864298248944034,
2016-12,Santander Perú S.A.,1556447.284,337082.42491060786,2687695.905,42.08990380554231,
2016-12,Banco Ripley,1775733.22,0.0,1775733.22,0.0,
2016-12,Banco Azteca,360186.836,0.0,360186.836,0.0,
2016-12,B. Cencosud,516630.423,0.0,516630.423,0.0,
2016-12,B. ICBC,34750.0,38863.378128724675,165175.497,78.96177058271543,
2017-01,Banco Continental,33862207.967,5030169.944901065,50386316.239,32.79483301303542,
2017-01,Banco de Comercio,1169971.534,32941.314155251144,1278183.755,8.466092655042381,
2017-01,Banco de Crédito del Perú,47882070.335,9121917.481887367,77847569.267,38.49252997126339,
2017-01,Banco Financiero,4542430.185,483572.27914764074,6130965.126,25.910030612690854,
2017-01,Banco Interamericano de Finanzas,5919309.739,811164.8934550988,8583986.417,31.042414893886473,
2017-01,Scotiabank Perú,25985072.826,3792591.7339421613,38443736.676,32.40752571738897,
2017-01,Citibank,1444467.3140000002,217728.2225266362,2159704.527,33.117364160620646,
2017-01,Interbank,19145614.09,2146915.1835616436,26198230.471,26.92020130446161,
2017-01,Mibanco,8487119.312,50677.73637747336,8653595.677,1.9237825663899268,
2017-01,Banco GNB,2790756.5700000003,274245.78234398784,3691653.969,24.403625219620352,
2017-01,Banco Falabella Perú,3808331.511,13137.06088280061,3851486.757,1.1204827829556074,
2017-01,Santander Perú S.A.,1556291.5189999999,326702.73120243533,2629509.994,40.8143904168025,
2017-01,Banco Ripley,1740872.917,0.0,1740872.917,0.0,
2017-01,Banco Azteca,361918.9,0.0,361918.9,0.0,
2017-01,B. Cencosud,505771.498,0.0,505771.498,0.0,
2017-01,B. ICBC,29500.0,44761.74368340944,176542.328,83.29012632030093,
2017-02,Banco Continental,33316794.955,4929735.153327201,49392661.293,32.54707464057681,
2017-02,Banco de Comercio,1201317.5790000001,32290.9996933456,1306618.532,8.059043280123916,
2017-02,Banco de Crédito del Perú,47863784.545,9337069.243176939,78311967.35,38.88062557401707,
2017-02,Banco Financiero,4580144.4229999995,481211.89359092305,6149376.411,25.518554778870907,
2017-02,Banco Interamericano de Finanzas,5944365.914,798993.7138914444,8549884.42,30.4743126106493,
2017-02,Scotiabank Perú,26280393.348,3796703.716651334,38661444.172,32.02428437209492,
2017-02,Citibank,1438788.5420000001,202029.42072983747,2097606.486,31.40808099122172,
2017-02,Interbank,19367662.093,2174753.542471634,26459533.4,26.802707363690704,
2017-02,Mibanco,8561113.920999998,48878.29714811408,8720506.05,1.8277853152799832,
2017-02,Banco GNB,2863009.3660000004,286051.0867831953,3795821.964,24.574719437499933,
2017-02,Banco Falabella Perú,3770008.918,12366.409996933455,3810335.783,1.0583546253303986,
2017-02,Santander Perú S.A.,1526886.8859999997,320385.3416130021,2571663.488,40.6264896972399,
2017-02,Banco Ripley,1724914.019,0.0,1724914.019,0.0,
2017-02,Banco Azteca,369945.093,0.0,369945.093,0.0,
2017-02,B. Cencosud,494416.758,0.0,494416.758,0.0,
2017-02,B. ICBC,30144.0,47496.34713278135,185029.588,83.70855152095999,
2017-03,Banco Continental,33185363.367,4910135.792795566,49133484.425,32.45876258245855,
2017-03,Banco de Comercio,1224298.512,36552.661945812804,1343021.562,8.839995824281473,
2017-03,Banco de Crédito del Perú,46892940.861,9150024.940270936,76612221.87,38.79182757475612,
2017-03,Banco Financiero,4615075.243,482284.9168719211,6181536.658,25.340971050826372,
2017-03,Banco Interamericano de Finanzas,5984815.517,826894.6483990147,8670569.339,30.97551864235198,
2017-03,Scotiabank Perú,27172188.832000002,4147793.060036945,40644220.695,33.14624227659828,
2017-03,Citibank,1417104.1649999998,192498.44827586206,2042339.126,30.613670033563277,
2017-03,Interbank,19518726.656999998,2128776.977832512,26432994.285,26.15771619912035,
2017-03,Mibanco,8575690.295,47905.487684729065,8731287.321,1.7820628308241253,
2017-03,Banco GNB,2875560.513,286225.7715517241,3805221.823,24.431198843148234,
2017-03,Banco Falabella Perú,3742582.511,11738.821120689654,3780710.203,1.0084796229487751,
2017-03,Santander Perú S.A.,1525856.1700000002,392674.92764778325,2801264.338,45.52973279596293,
2017-03,Banco Ripley,1717066.214,0.0,1717066.214,0.0,
2017-03,Banco Azteca,379507.057,0.0,379507.057,0.0,
2017-03,B. Cencosud,486629.123,0.0,486629.123,0.0,
2017-03,B. ICBC,43644.0,51734.810652709355,211678.665,79.38195613620296,
2017-04,Banco Continental,32198931.882999998,4857967.492293465,47958178.431,32.86039433435462,
2017-04,Banco de Comercio,1237683.3250000002,34618.40875462392,1349985.445,8.318765244168976,
2017-04,Banco de Crédito del Perú,47608691.558,9259375.076448828,77646104.309,38.68502227937062,
2017-04,Banco Financiero,4640243.463,482801.01602959307,6206449.964,25.23514263523674,
2017-04,Banco Interamericano de Finanzas,6035850.663,836419.26972873,8749194.779,31.012500973376717,
2017-04,Scotiabank Perú,27318591.945,4168144.5086313193,40840052.735,33.108333325955975,
2017-04,Citibank,1478546.4159999997,186192.7296547472,2082555.635,29.003269293211474,
2017-04,Interbank,19821875.062,2126216.729654747,26719322.136,25.814453820693295,
2017-04,Mibanco,8602507.51,46504.99136868064,8753369.704,1.7234756339728357,
2017-04,Banco GNB,2902800.3899999997,278813.4081381011,3807271.089,23.75640394016609,
2017-04,Banco Falabella Perú,3745979.617,11125.693588162761,3782071.369,0.9542853235353598,
2017-04,Santander Perú S.A.,1537255.2959999999,422463.9374229346,2907728.312,47.132086252493046,
2017-04,Banco Ripley,1721574.008,0.0,1721574.008,0.0,
2017-04,Banco Azteca,379608.962,0.0,379608.962,0.0,
2017-04,B. Cencosud,474157.057,0.0,474157.057,0.0,
2017-04,B. ICBC,68644.0,58781.16368680641,259330.095,73.53026072812722,
2017-05,Banco Continental,32593180.543,4855705.605930909,48476193.583,32.76456311035521,
2017-05,Banco de Comercio,1240900.5,35819.26566799144,1358065.321,8.627333250342234,
2017-05,Banco de Crédito del Perú,46936486.488000005,9410807.17211862,77719236.751,39.60763325767468,
2017-05,Banco Financiero,4694899.856000001,485891.76734943443,6284251.831,25.291029349902566,
2017-05,Banco Interamericano de Finanzas,6069296.112,857084.9177621523,8872820.882,31.596769587532396,
2017-05,Scotiabank Perú,26994066.038,4220377.488535617,40798920.806,33.836323351890776,
2017-05,Citibank,1388354.953,166654.8639559768,1933483.014,28.19409620114718,
2017-05,Interbank,19897169.275,2143021.4393151943,26906992.407,26.05205006181352,
2017-05,Mibanco,8672949.444,44816.10027514522,8819542.91,1.6621435770076662,
2017-05,Banco GNB,2957040.59,285796.47416692146,3891880.861,24.020269488922573,
2017-05,Banco Falabella Perú,3792009.6769999997,10457.626719657597,3826216.576,0.8940136639040114,
2017-05,Santander Perú S.A.,1516172.8699999999,421538.77193518804,2895026.195,47.62835401563612,
2017-05,Banco Ripley,1772073.42,0.0,1772073.42,0.0,
2017-05,Banco Azteca,376884.055,0.0,376884.055,0.0,
2017-05,B. Cencosud,489379.43,0.0,489379.43,0.0,
2017-05,B. ICBC,68650.0,52362.36196881688,239927.286,71.38716435945514,
2017-06,Banco Continental,32670990.491000004,5016361.287734399,48989213.764,33.309828877048716,
2017-06,Banco de Comercio,1246363.235,35065.93728865663,1360432.732,8.384795096212075,
2017-06,Banco de Crédito del Perú,46206267.717,9356476.682446972,76642886.368,39.71225523117553,
2017-06,Banco Financiero,4732788.644,496764.1112818936,6348762.301,25.45336524483624,
2017-06,Banco Interamericano de Finanzas,6089911.987,872963.1386412542,8929661.08,31.801308779347316,
2017-06,Scotiabank Perú,26237402.647,4440479.915155241,40682283.814,35.50656406863049,
2017-06,Citibank,1374586.018,157619.45711650784,1887322.115,27.16738668640038,
2017-06,Interbank,19654577.217,2138455.4804795575,26610972.899,26.141079878599292,
2017-06,Mibanco,8739298.044,43515.15800799262,8880852.856,1.5939326356968617,
2017-06,Banco GNB,2916294.758,292428.5262834307,3867564.757,24.59609751273779,
2017-06,Banco Falabella Perú,3750006.5650000004,9929.583768828774,3782307.503,0.8540008440450596,
2017-06,Santander Perú S.A.,1483159.5380000002,432017.2041192745,2888511.505,48.65315455961806,
2017-06,Banco Ripley,1793153.08,0.0,1793153.08,0.0,
2017-06,Banco Azteca,376595.048,0.0,376595.048,0.0,
2017-06,B. Cencosud,495607.769,0.0,495607.769,0.0,
2017-06,B. ICBC,72450.0,41188.83338456809,206437.275,64.90459390146475,
2017-07,Banco Continental,31788848.725,5027730.81610614,48083724.304,33.888547143267886,
2017-07,Banco de Comercio,1258127.396,35632.08022215366,1373610.971,8.407298531980054,
2017-07,Banco de Crédito del Perú,47226831.319,9544486.189447701,78160511.061,39.577120622788605,
2017-07,Banco Financiero,4697525.868000001,494804.0759024992,6301185.883,25.450130257647558,
2017-07,Banco Interamericano de Finanzas,6101246.886,914868.14501697,9066334.549,32.704370735216735,
2017-07,Scotiabank Perú,26766280.182,4679120.10614008,41931308.449,36.16636071694458,
2017-07,Citibank,1389685.234,135927.41468682504,1830225.987,24.07029274685957,
2017-07,Interbank,19877358.734,2132132.6531934584,26787600.667,25.79641983954471,
2017-07,Mibanco,8752240.725,41835.6207960506,8887829.975,1.525560799220847,
2017-07,Banco GNB,2898296.872,291685.30546127737,3843648.95,24.595172199583946,
2017-07,Banco Falabella Perú,3633297.9260000004,9393.663684048133,3663742.792,0.8309771653861082,
2017-07,Santander Perú S.A.,1526384.257,423364.19222462206,2898507.608,47.33895978788819,
2017-07,Banco Ripley,1791896.876,0.0,1791896.876,0.0,
2017-07,Banco Azteca,376504.787,0.0,376504.787,0.0,
2017-07,B. Cencosud,506899.695,0.0,506899.695,0.0,
2017-07,B. ICBC,80446.0,44602.058315334776,225001.271,64.24642419019936,
2017-08,Banco Continental,32134626.94,5142699.66152422,48802116.545,34.15321052649644,
2017-08,Banco de Comercio,1267145.8460000001,34541.52638074668,1379094.936,8.117576758326944,
2017-08,Banco de Crédito del Perú,47405075.847,9279505.85220611,77479954.316,38.81633479846978,
2017-08,Banco Financiero,4765982.822,498520.14717679727,6381686.623,25.31781794450548,
2017-08,Banco Interamericano de Finanzas,6109671.447,929165.3943227399,9121096.494,33.01604197456921,
2017-08,Scotiabank Perú,26810805.745999996,4727475.802530083,42132554.825,36.36558272490186,
2017-08,Citibank,1379307.2210000001,149083.8046899105,1862487.835,25.94275274823472,
2017-08,Interbank,19974524.838,2118580.4942918853,26840844.223,25.5816073740193,
2017-08,Mibanco,8814340.449999997,40609.3366244986,8945955.312,1.4712219926189078,
2017-08,Banco GNB,2947364.16,291263.340944153,3891348.652,24.258543153536984,
2017-08,Banco Falabella Perú,3519262.2290000003,8859.455106448626,3547975.726,0.8092923745104424,
2017-08,Santander Perú S.A.,1557897.182,452501.3955569269,3024454.208,48.4899729055511,
2017-08,Banco Ripley,1800671.016,0.0,1800671.016,0.0,
2017-08,Banco Azteca,381452.035,0.0,381452.035,0.0,
2017-08,B. Cencosud,516023.112,0.0,516023.112,0.0,
2017-08,B. ICBC,90446.0,47268.46220302376,243643.086,62.877666062725865,
2017-09,Banco Continental,33514482.893,5492636.485758039,51447941.022,34.85748461990219,
2017-09,Banco de Comercio,1269771.81,34031.33231240429,1380884.113,8.046461100823734,
2017-09,Banco de Crédito del Perú,47611557.032,9189375.374272587,77614867.632,38.656653699722185,
2017-09,Banco Financiero,4779374.723,502542.20857580396,6420175.037,25.556940496854548,
2017-09,Banco Interamericano de Finanzas,6122106.4520000005,953135.5124042878,9234093.904,33.70105918732272,
2017-09,Scotiabank Perú,26013222.261,4668613.5194486985,41256245.407,36.94718943913809,
2017-09,Citibank,1333900.5089999998,160888.19387442572,1859200.464,28.254078307932268,
2017-09,Interbank,20126817.842,2160188.487901991,27179833.258,25.949443284108614,
2017-09,Mibanco,8914323.339000002,39428.70934150076,9043058.078,1.4235752760803866,
2017-09,Banco GNB,2931391.455,295354.73843797855,3895724.679,24.753628745847003,
2017-09,Banco Falabella Perú,3438723.5759999994,8401.055742725881,3466153.025,0.7913513570278821,
2017-09,Santander Perú S.A.,1468547.2500000002,430416.89494640124,2873858.414,48.89980512449837,
2017-09,Banco Ripley,1783584.281,0.0,1783584.281,0.0,
2017-09,Banco Azteca,381737.211,0.0,381737.211,0.0,
2017-09,B. Cencosud,528456.202,0.0,528456.202,0.0,
2017-09,B. ICBC,90440.0,47557.04104134763,245713.739,63.19294136010848,
2017-10,Banco Continental,33479271.853,5452537.591440886,51189113.954,34.596891278318616,
2017-10,Banco de Comercio,1299584.04,30471.06773399015,1398554.072,7.076596749560634,
2017-10,Banco de Crédito del Perú,49067582.729,9352829.908866994,79445574.277,38.23748751828787,
2017-10,Banco Financiero,4799028.597999999,483843.2398399015,6370551.445,24.668552802182116,
2017-10,Banco Interamericano de Finanzas,6173600.992,966522.8349753694,9312867.164,33.70891173166529,
2017-10,Scotiabank Perú,26003124.001000002,4598301.591133005,40938407.572,36.482326638457344,
2017-10,Citibank,1241285.773,173252.45381773397,1804009.746,31.192956371090467,
2017-10,Interbank,20427395.57,2202111.3091133004,27579853.104,25.933631723958143,
2017-10,Mibanco,9032476.871000001,37772.30295566502,9155161.315,1.3400576983716237,
2017-10,Banco GNB,2863850.154,317062.62407635467,3893669.56,26.44855682103645,
2017-10,Banco Falabella Perú,3394326.0280000004,7897.3583743842355,3419976.65,0.750023307907658,
2017-10,Santander Perú S.A.,1410955.337,423483.27432266006,2786429.016,49.363313082869496,
2017-10,Banco Ripley,1781167.918,0.0,1781167.918,0.0,
2017-10,Banco Azteca,377735.857,0.0,377735.857,0.0,
2017-10,B. Cencosud,549259.139,0.0,549259.139,0.0,
2017-10,B. ICBC,65440.0,44314.60899014778,209373.85,68.74490295707892,
2017-11,Banco Continental,33489956.454000004,5519230.570986699,51333628.894,34.76020071919289,
2017-11,Banco de Comercio,1308342.381,34640.33529229817,1420334.587,7.884917189586119,
2017-11,Banco de Crédito del Perú,49884657.535,9568127.685740797,80818414.346,38.275629460590906,
2017-11,Banco Financiero,4886586.538,497929.54624188057,6496392.764,24.780001525166416,
2017-11,Banco Interamericano de Finanzas,6187884.456,961963.881843489,9297913.689,33.44867824143554,
2017-11,Scotiabank Perú,26638827.819,4755011.2462109495,42011779.182,36.59200267716003,
2017-11,Citibank,1064677.453,269989.1187751315,1937552.277,45.050388284310536,
2017-11,Interbank,20400236.272000004,2238874.915558305,27638518.876,26.189111784442915,
2017-11,Mibanco,9187263.265999999,36586.367769873184,9305546.996,1.271109909507145,
2017-11,Banco GNB,2890474.7810000004,304842.5666563563,3876030.803,25.42693987976544,
2017-11,Banco Falabella Perú,3445190.6199999996,7548.2551809464885,3469594.13,0.7033534495863424,
2017-11,Santander Perú S.A.,1429868.1550000003,445985.81596040825,2871740.302,50.20900204645314,
2017-11,Banco Ripley,1800447.616,0.0,1800447.616,0.0,
2017-11,Banco Azteca,383967.656,0.0,383967.656,0.0,
2017-11,B. Cencosud,570135.418,0.0,570135.418,0.0,
2017-11,B. ICBC,51640.0,42199.00371172285,188069.379,72.54204790031235,
2017-12,Banco Continental,33869247.953,5573251.542116631,51932156.206,34.781741357608205,
2017-12,Banco de Comercio,1311111.0489999999,40092.17247763036,1441049.784,9.016949757233377,
2017-12,Banco de Crédito del Perú,50841126.651,9777708.465905584,82530679.792,38.397300520081,
2017-12,Banco Financiero,4886033.927,485404.62604134524,6459230.323,24.355787258400877,
2017-12,Banco Interamericano de Finanzas*,6228569.903000001,950562.4538722617,9309342.82,33.09334478886448,
2017-12,Scotiabank Perú,25957124.025,4692577.136069114,41165766.526,36.9448786806735,
2017-12,Citibank,1060321.033,290084.07250848506,2000483.515,46.996762280243026,
2017-12,Interbank,20488968.532,2279346.096575131,27876329.234,26.50047873946702,
2017-12,Mibanco,9260595.852000002,35688.08423326134,9376260.935,1.233594967139198,
2017-12,Banco GNB,2917425.8030000003,303121.4470842332,3899842.418,25.191187481462997,
2017-12,Banco Falabella Perú,3499807.869,7123.141005862388,3522893.971,0.6553164015165291,
2017-12,Santander Perú S.A.,1474898.234,466358.4853440296,2986366.087,50.612276223588125,
2017-12,Banco Ripley,1853998.549,0.0,1853998.549,0.0,
2017-12,Banco Azteca,393739.111,0.0,393739.111,0.0,
2017-12,B. Cencosud,615659.935,0.0,615659.935,0.0,
2017-12,B. ICBC,49240.0,42739.42733724159,187758.484,73.77482020998849,
2018-01,Banco Continental,33507488.053,5413428.296330846,50917073.458,34.19203858870768,
2018-01,Banco de Comercio,1266923.899,45016.914800995015,1411698.301,10.255335853095994,
2018-01,Banco de Crédito del Perú,50808447.219000004,9742966.591417909,82141827.779,38.145463045090096,
2018-01,Banco Financiero,4892593.162,487263.9191542288,6459633.929,24.2589717037199,
2018-01,Banco Interamericano de Finanzas*,6213879.18,957751.083022388,9294006.666,33.141007927914906,
2018-01,Scotiabank Perú,26527287.188,4717375.166666666,41698365.727,36.38290919679045,
2018-01,Citibank,1001616.385,280318.62220149254,1903121.076,47.369802287870826,
2018-01,Interbank,20472838.309,2374466.3482587063,28109122.088,27.16656804539615,
2018-01,Mibanco,9322652.783,34753.16573383084,9434418.966,1.18466418973745,
2018-01,Banco GNB,2909138.158,306160.6209577114,3893750.719,25.286995292109253,
2018-01,Banco Falabella Perú,3368656.4269999997,6674.143034825871,3390120.473,0.6331351989095094,
2018-01,Santander Perú S.A.,1493641.4560000002,449367.13526119397,2938806.167,49.17523065072565,
2018-01,Banco Ripley,1801545.671,0.0,1801545.671,0.0,
2018-01,Banco Azteca,390643.038,0.0,390643.038,0.0,
2018-01,B. Cencosud,631400.49,0.0,631400.49,0.0,
2018-01,B. ICBC,48600.0,46401.2913557214,197826.553,75.43302490844088,
2018-02,Banco Continental,33566192.861999996,5333297.855521472,50952743.875,34.122894452266635,
2018-02,Banco de Comercio,1252429.913,42767.474846625766,1391851.885,10.017012119073293,
2018-02,Banco de Crédito del Perú,50351694.972,9953611.919325154,82800469.832,39.189119247557066,
2018-02,Banco Financiero,4916289.63,491630.33435582824,6519004.524,24.585270467285845,
2018-02,Banco Interamericano de Finanzas*,6264466.680999999,982874.0266871166,9468636.012,33.83981945170585,
2018-02,Scotiabank Perú,27023751.097999997,4868398.688343558,42894730.825,36.99983522859653,
2018-02,Citibank,929062.888,220314.21901840493,1647287.244,43.60043208104876,
2018-02,Interbank,20752542.248,2269532.9279141105,28151219.598,26.281906985392702,
2018-02,Mibanco,9401632.142,33874.75214723926,9512063.836,1.160964601415426,
2018-02,Banco GNB,2877809.3720000004,308995.82822085894,3885135.774,25.927701387972128,
2018-02,Banco Falabella Perú,3278122.224,6364.42699386503,3298870.258,0.6289436194007477,
2018-02,Santander Perú S.A.,1541079.38,437858.70613496937,2968498.764,48.08556437047585,
2018-02,Banco Ripley,1772373.935,0.0,1772373.935,0.0,
2018-02,Banco Azteca,388390.621,0.0,388390.621,0.0,
2018-02,B. Cencosud,647693.393,0.0,647693.393,0.0,
2018-02,B. ICBC,48600.0,49158.33588957055,208856.175,76.73039832315229,
2018-03,Banco Continental,34170187.272,5543327.22218779,52058504.221,34.36194953481586,
2018-03,Banco de Comercio,1227579.556,46297.31639293462,1376980.999,10.849927712038092,
2018-03,Banco de Crédito del Perú,50873195.857,9917449.108149985,82876804.133,38.615881259900995,
2018-03,Banco Financiero,4900142.969,488644.76076851564,6476999.616,24.345480013689112,
2018-03,Banco Interamericano de Finanzas,6259294.178,999369.3250697242,9484258.992,34.00333981516392,
2018-03,Scotiabank Perú,27591407.501,4896392.97737837,43392067.642,36.413706466723525,
2018-03,Citibank,959557.709,233588.11899597148,1713346.572,43.995118986352985,
2018-03,Interbank,21272067.491,2245964.5559343044,28519795.116,25.41297227248987,
2018-03,Mibanco,9446526.533,32872.79516578866,9552607.045,1.1104875506788954,
2018-03,Banco GNB,2798522.6509999996,292753.1911992563,3743237.202,25.237902382869095,
2018-03,Banco Falabella Perú,3228067.605,5890.515649209792,3247076.301,0.5854095881315108,
2018-03,Santander Perú S.A.,1553830.0369999998,455566.0495816548,3023941.682,48.61574063252719,
2018-03,Banco Ripley,1750006.263,0.0,1750006.263,0.0,
2018-03,Banco Azteca,385299.905,0.0,385299.905,0.0,
2018-03,B. Cencosud,655692.88,0.0,655692.88,0.0,
2018-03,B. ICBC,30600.0,53765.25534552216,204100.479,85.00738452456056,
2018-04,Banco Continental,34479937.16500001,5357110.78270237,51885190.103,33.54570524546198,
2018-04,Banco de Comercio,1253183.818,44743.05540166205,1398554.009,10.394320853146265,
2018-04,Banco de Crédito del Perú,51153293.691999994,10119521.966451215,84031620.564,39.12613686529974,
2018-04,Banco Financiero,4975089.0,514280.7131425054,6645987.04,25.141457994778154,
2018-04,Banco Interamericano de Finanzas,6289365.197,1030217.8827331486,9636543.102,34.73421816901661,
2018-04,Scotiabank Perú,28167739.696999997,4959638.072945521,44281603.801,36.389522331700434,
2018-04,Citibank,1020507.178,227337.47491535856,1759126.636,41.98785027094548,
2018-04,Interbank,21948034.827999998,2270730.7377654663,29325638.998,25.157522298160846,
2018-04,Mibanco,9518544.614999998,32090.93659587565,9622808.071,1.0835034350754442,
2018-04,Banco GNB,2852235.233,286957.2006771314,3784559.182,24.63494172410593,
2018-04,Banco Falabella Perú,3192868.254,5492.455216989843,3210713.243,0.5557951660399837,
2018-04,Santander Perú S.A.,1583189.2399999998,495209.99538319476,3192126.517,50.40330539630676,
2018-04,Banco Ripley,1749556.662,0.0,1749556.662,0.0,
2018-04,Banco Azteca,374870.578,0.0,374870.578,0.0,
2018-04,B. Cencosud,669040.917,0.0,669040.917,0.0,
2018-04,B. ICBC,18950.0,43448.28439519852,160113.476,88.16464393040846,
2018-05,Banco Continental,34569671.981,5419100.665139017,52306388.461,33.90927380357109,
2018-05,Banco de Comercio,1253716.46,51103.441185456766,1420978.026,11.770876321770798,
2018-05,Banco de Crédito del Perú,51456026.478,10193989.705774518,84820954.789,39.3357141451642,
2018-05,Banco Financiero,5062888.851,527931.0696608616,6790807.246,25.444963056752922,
2018-05,Banco Interamericano de Finanzas,6389709.284,1026027.4201038801,9747897.034,34.45038184427749,
2018-05,Scotiabank Perú,28327992.625,5041056.331194622,44827370.0,36.806480895488626,
2018-05,Citibank,1405925.779,195859.0571341277,2046972.475,31.316820515625153,
2018-05,Interbank,21846349.397,2484713.683470822,29978817.286,27.127380681551543,
2018-05,Mibanco,9589258.368999999,30675.674915979223,9689659.855,1.0361714188366773,
2018-05,Banco GNB,2871734.972,274499.683776352,3770172.442,23.830142621365006,
2018-05,Banco Falabella Perú,3237361.233,5198.418576229758,3254375.659,0.5228169020053495,
2018-05,Santander Perú S.A.,1633378.346,511278.53040024434,3306792.979,50.60536427974556,
2018-05,Banco Ripley,1762604.819,0.0,1762604.819,0.0,
2018-05,Banco Azteca,368373.622,0.0,368373.622,0.0,
2018-05,B. Cencosud,691131.201,0.0,691131.201,0.0,
2018-05,B. ICBC,18950.0,57110.15918117935,205871.551,90.79523134306207,
2018-06,Banco Continental,35219320.124,5480011.076100245,53149916.368,33.73588797365537,
2018-06,Banco de Comercio,1265546.5,54815.8163202934,1444903.854,12.413099563924344,
2018-06,Banco de Crédito del Perú,51423177.825,10060948.34841076,84342600.825,39.03059981314016,
2018-06,Banco Financiero,5142469.749,538605.2970660147,6904786.283,25.523114862206953,
2018-06,Banco Interamericano de Finanzas,6445747.777000001,1044030.5106968215,9861815.611,34.639339942532196,
2018-06,Scotiabank Perú,28495129.476,5084245.065709047,45130779.334,36.86098512698908,
2018-06,Citibank,1567526.8059999999,181012.89180929097,2159800.989,27.422627640995128,
2018-06,Interbank,21885562.846,2522134.086797066,30137985.579,27.382131136031358,
2018-06,Mibanco,9612304.242999999,29576.55959657702,9709078.748,0.9967424048335757,
2018-06,Banco GNB,2826911.829,272437.10574572126,3718326.043,23.973535502034515,
2018-06,Banco Falabella Perú,3261450.148,4835.8600244498775,3277273.084,0.48280798073401426,
2018-06,Santander Perú S.A.,1631151.6509999998,542973.1026894866,3407759.646,52.13419312260969,
2018-06,Banco Ripley,1770499.72,0.0,1770499.72,0.0,
2018-06,Banco Azteca,360305.682,0.0,360305.682,0.0,
2018-06,B. Cencosud,704455.856,0.0,704455.856,0.0,
2018-06,B. ICBC,67200.0,58933.785452322736,260031.346,74.15696183028642,
2018-07,Banco Continental,34809059.044,5521702.4677665755,52881591.225,34.17546969058702,
2018-07,Banco de Comercio,1266913.9749999999,55494.57714634891,1448547.73,12.53902451664469,
2018-07,Banco de Crédito del Perú,51948440.362,10054716.298502902,84857526.81,38.78157623151685,
2018-07,Banco Financiero,5158771.357999999,542243.0525511763,6933532.871,25.59678516017525,
2018-07,Banco Interamericano de Finanzas,6447886.623,1047052.6694164375,9874890.013,34.70421833041636,
2018-07,Scotiabank Perú,29683282.114,4803101.054078827,45403831.868,34.62383923829043,
2018-07,Citibank,1808847.5410000002,159173.18881759854,2329821.39,22.361106788533686,
2018-07,Interbank,22080018.246999998,2492662.874732661,30238503.839,26.980453912133136,
2018-07,Mibanco,9576353.918000001,29136.457378551786,9671717.546,0.9860050972997948,
2018-07,Banco GNB,2846704.802,271148.96669721964,3734175.374,23.76617279893185,
2018-07,Banco Falabella Perú,3144773.771,4565.412465627864,3159716.368,0.4729094405855736,
2018-07,Santander Perú S.A.,1685554.6549999998,533330.142071494,3431144.212,50.87485250241065,
2018-07,Banco Ripley,1764258.684,0.0,1764258.684,0.0,
2018-07,Banco Azteca,350146.779,0.0,350146.779,0.0,
2018-07,B. Cencosud,710479.483,0.0,710479.483,0.0,
2018-07,B. ICBC,94080.0,71299.25633974945,327442.466,71.26823495154107,
2018-08,Banco Continental,34464553.109,5537724.009708738,52716891.448,34.62332060494145,
2018-08,Banco de Comercio,1278072.3110000002,55942.834344660194,1462459.896,12.608043851617504,
2018-08,Banco de Crédito del Perú,53539565.566,9834972.847390777,85955636.074,37.71255962796053,
2018-08,Banco Pichincha,5202873.799,554698.3564927184,7031159.587,26.002621123553237,
2018-08,Banco Interamericano de Finanzas,6465211.864,1061373.682645631,9963499.526,35.11103355674511,
2018-08,Scotiabank Perú,29921980.769,4601338.4050364075,45087992.155,33.636475392081024,
2018-08,Citibank,2147899.943,175717.04368932042,2727063.323,21.237621257832448,
2018-08,Interbank,22218791.856,2467285.2952063107,30350964.192,26.793785807119452,
2018-08,Mibanco,9585125.36,28128.768507281555,9677837.784,0.9579869601997101,
2018-08,Banco GNB,2871242.185,263109.9538834952,3738452.598,23.197041831263046,
2018-08,Banco Falabella Perú,3132661.285,4285.212075242718,3146785.345,0.4488409106913537,
2018-08,Santander Perú S.A.,1660299.5650000002,546829.744842233,3462650.406,52.05119286304295,
2018-08,Banco Ripley,1785217.582,0.0,1785217.582,0.0,
2018-08,Banco Azteca,346138.548,0.0,346138.548,0.0,
2018-08,B. Cencosud,719995.653,0.0,719995.653,0.0,
2018-08,B. ICBC,95680.0,75618.58707524273,344918.863,72.26014281509447,
2018-09,Banco Continental,35147371.618,5711512.460909091,53995362.743,34.90668488460793,
2018-09,Banco de Comercio,1284934.052,55753.84606060607,1468921.746,12.525357085972374,
2018-09,Banco de Crédito del Perú,53650050.793,9884405.14939394,86268587.79,37.81044506767856,
2018-09,Banco Pichincha*,5235885.879,559422.0084848485,7081978.512,26.06747012677183,
2018-09,Banco Interamericano de Finanzas,6574567.245,1040195.3157575758,10007211.79,34.301707778685866,
2018-09,Scotiabank Perú,30776831.311000004,4464567.001515152,45509902.419,32.37333047290618,
2018-09,Citibank,1942257.0389999999,166802.0472727273,2492703.797,22.082317147447263,
2018-09,Interbank,22461701.317,2638678.444545455,31169340.189,27.93655181405803,
2018-09,Mibanco,9601470.214000002,27266.12818181818,9691448.439,0.9284290740062181,
2018-09,Banco GNB,2940019.323,261836.95000000004,3804081.263,22.714076810193525,
2018-09,Banco Falabella Perú,2975936.5840000003,4120.112727272727,2989532.957,0.4547992343808663,
2018-09,Santander Perú S.A.,1734613.387,572240.3415151516,3623006.517,52.12226699397902,
2018-09,Banco Ripley,1790438.279,0.0,1790438.279,0.0,
2018-09,Banco Azteca,344364.415,0.0,344364.415,0.0,
2018-09,B. Cencosud,732473.668,0.0,732473.668,0.0,
2018-09,B. ICBC,107317.5,76536.78606060607,359888.894,70.18038017033112,
2018-10,Banco Continental,35847772.455,5552728.616047548,54532704.25,34.26371762042225,
2018-10,Banco de Comercio,1298761.889,54341.66805349182,1481621.605,12.341863494896863,
2018-10,Banco de Crédito del Perú,54640417.251,9912167.547399702,87994861.052,37.90499058949523,
2018-10,Banco Pichincha,5261121.808,580741.2413075779,7215316.088,27.083973261408147,
2018-10,Banco Interamericano de Finanzas,6558346.256000001,1032792.9851411589,10033694.653,34.636776553299796,
2018-10,Scotiabank Perú,31078990.683000006,4374226.439524517,45798262.656,32.13936756413539,
2018-10,Citibank,2103365.5280000004,156054.97949479942,2628490.537,19.97819667250336,
2018-10,Interbank,23022720.755999997,2526644.2035661214,31524878.504,26.96967649509328,
2018-10,Mibanco,9706679.792,26380.90430906389,9795451.537,0.9062547516537323,
2018-10,Banco GNB,2957921.369,255522.54799405643,3817754.747,22.521964740549638,
2018-10,Banco Falabella Perú,2961483.7129999995,2385.8249628528974,2969512.015,0.2703576196845463,
2018-10,Santander Perú S.A.,1868668.7780000002,603133.9257057948,3898214.441,52.06346889627152,
2018-10,Banco Ripley,1805139.136,0.0,1805139.136,0.0,
2018-10,Banco Azteca,344942.879,0.0,344942.879,0.0,
2018-10,B. Cencosud,755414.044,0.0,755414.044,0.0,
2018-10,B. ICBC,87317.5,74057.22852897474,336520.074,74.05281088818494,
2018-11,Banco Continental,36013062.909,5509750.447337278,54636019.424,34.085492887901495,
2018-11,Banco de Comercio,1305114.4270000001,53410.662130177516,1485642.468,12.151513226666859,
2018-11,Banco de Crédito del Perú,54781566.33500001,10060058.15177515,88784562.892,38.298320619500245,
2018-11,Banco Pichincha,5358154.580999999,598266.874852071,7380296.621,27.399197401445484,
2018-11,Banco Interamericano de Finanzas,6717234.2700000005,1020240.549408284,10165647.33,33.92221811417099,
2018-11,Scotiabank Perú,30773596.656,4358442.960355029,45505133.866,32.37335209996369,
2018-11,Citibank,2247653.434,145781.24437869823,2740394.042,17.980648054554486,
2018-11,Interbank,23508608.84,2533061.9715976333,32070358.308,26.696768978300618,
2018-11,Mibanco,9862301.558000002,25674.899408284025,9949082.719,0.8722528845224132,
2018-11,Banco GNB,2971220.6399999997,256985.775147929,3839832.564,22.62108853765115,
2018-11,Banco Falabella Perú,2979916.7060000002,2222.3529585798815,2987428.262,0.2514388745512867,
2018-11,Santander Perú S.A.,1871140.765,639509.8884615385,4032684.191,53.600612485948076,
2018-11,Banco Ripley,1841644.667,0.0,1841644.667,0.0,
2018-11,Banco Azteca,347438.765,0.0,347438.765,0.0,
2018-11,B. Cencosud,784339.393,0.0,784339.393,0.0,
2018-11,B. ICBC,137017.5,97344.4878698225,466041.869,70.59974454784448,
2018-12,Banco Continental,36225241.044,5330716.794544915,54205748.795,33.170850233985774,
2018-12,Banco de Comercio,1305032.6250000002,48826.03883782982,1469722.858,11.205529811525853,
2018-12,Banco de Crédito del Perú,56558765.666,10455213.308923805,91824200.16,38.405381623309964,
2018-12,Banco Pichincha,5415519.334999999,588720.4198043285,7401273.315,26.829896633806467,
2018-12,Banco Interamericano de Finanzas,6761325.897,992853.6240735251,10110221.175,33.123857728067954,
2018-12,Scotiabank Perú,31069345.353,4431010.900681885,46015145.126,32.48017523811993,
2018-12,Citibank,2270062.8340000003,140819.80966498665,2745048.055,17.30334811934649,
2018-12,Interbank,23822525.277,2577968.2745330567,32518012.271,26.740524363953067,
2018-12,Mibanco,9865339.379999999,24952.019863622885,9949502.545,0.8459032461104915,
2018-12,Banco GNB,2910140.631,261579.21553513192,3792447.328,23.26483720646153,
2018-12,Banco Falabella Perú,3048556.4029999995,2094.126000592944,3055619.892,0.23116386362366714,
2018-12,Santander Perú S.A.,1795010.449,635174.3290839016,3937453.463,54.41189423906596,
2018-12,Banco Ripley,1911402.186,0.0,1911402.186,0.0,
2018-12,Banco Azteca,353835.767,0.0,353835.767,0.0,
2018-12,B. Cencosud,816226.472,0.0,816226.472,0.0,
2018-12,B. ICBC,153770.617,119413.62970649273,556552.79,72.3708838113991,
2019-01,Banco Continental,36317809.846999995,5329199.961607678,54085362.523,32.85094496398039,
2019-01,Banco de Comercio,1309564.636,49792.267246550684,1475572.059,11.250377234203238,
2019-01,Banco de Crédito del Perú,55175118.95200001,9960056.641871626,88381947.801,37.57195861282464,
2019-01,Banco Pichincha,5460262.231,618361.5113977204,7521879.513,27.408273137543947,
2019-01,Banco Interamericano de Finanzas,6811073.309,1007021.0932813438,10168481.637,33.01779408032184,
2019-01,Scotiabank Perú,30776743.071,4502148.822135573,45786907.247,32.78265573830274,
2019-01,Citibank,2369817.294,130236.54619076184,2804025.941,15.48518651882186,
2019-01,Interbank,24036137.807,2626558.450809838,32793083.686,26.703636543758492,
2019-01,Mibanco,9904616.099000001,24268.662567486503,9985527.822,0.8102898959605873,
2019-01,Banco GNB,2887140.46,274265.60197960405,3801541.981,24.05343740961308,
2019-01,Banco Falabella Perú,2995906.802,1916.9022195560888,3002297.754,0.2128686933694468,
2019-01,Santander Perú S.A.,1790884.9540000001,646877.2807438512,3947573.811,54.633275025544535,
2019-01,Banco Ripley,1884613.781,0.0,1884613.781,0.0,
2019-01,Banco Azteca,351885.11,0.0,351885.11,0.0,
2019-01,B. Cencosud,816041.815,0.0,816041.815,0.0,
2019-01,B. ICBC,137890.617,115579.14367126575,523231.483,73.64634555065564,
2019-02,Banco Continental,35729060.241000004,5245554.012715713,53055125.148,32.65672234052421,
2019-02,Banco de Comercio,1328550.317,50421.11928549803,1495091.279,11.139183562851887,
2019-02,Banco de Crédito del Perú,54942561.761999995,9754316.729336968,87161069.923,36.96433303246798,
2019-02,Banco Pichincha,5507137.175,617247.1895246746,7545904.645,27.01819816065274,
2019-02,Banco Interamericano de Finanzas,6882737.557,1006773.5401150469,10208110.563,32.57579338974877,
2019-02,Scotiabank Perú,30642905.205999997,4559607.611565243,45703289.15,32.952516600219354,
2019-02,Citibank,2401093.0749999997,102534.60187708144,2739764.868,12.361345199934146,
2019-02,Interbank,24339008.961,2726769.6333636087,33345529.065,27.009678228357725,
2019-02,Mibanco,9974044.596,23267.05540417802,10050895.682,0.7646192780373859,
2019-02,Banco GNB,2885777.989,273112.31244323344,3787867.959,23.815243291589084,
2019-02,Banco Falabella Perú,2965292.137,1785.3542234332424,2971189.163,0.19847359681555457,
2019-02,Santander Perú S.A.,1764068.73,669700.8910081744,3976090.775,55.63308712437532,
2019-02,Banco Ripley,1868389.872,0.0,1868389.872,0.0,
2019-02,Banco Azteca,354794.755,0.0,354794.755,0.0,
2019-02,B. Cencosud,820264.384,0.0,820264.384,0.0,
2019-02,B. ICBC,149887.5,123641.13290947623,558274.162,73.15163226199962,
2019-03,Banco Continental,37245195.787,5588192.7100663055,55786819.202,33.236566773707125,
2019-03,Banco de Comercio,1331319.358,52274.98432790837,1504767.759,11.526589399766642,
2019-03,Banco de Crédito del Perú,55687845.870000005,10154864.764617238,89381687.164,37.69658233478811,
2019-03,Banco Pichincha,5528649.277000001,626859.2778782399,7608568.364,27.336536750345207,
2019-03,Banco Interamericano de Finanzas,6839818.239,1010225.1901748041,10191745.424,32.88864709185852,
2019-03,Scotiabank Perú,30688740.867,4448299.795057263,45448199.589,32.47534303993043,
2019-03,Citibank,2305286.3270000005,86124.29053646776,2591046.725,11.028762825571954,
2019-03,Interbank,24441540.150000002,2669003.3749246537,33297293.351,26.596015200538925,
2019-03,Mibanco,10017078.292,22318.612417118748,10091131.451,0.7338439634800471,
2019-03,Banco GNB,2892922.132,264781.6726943942,3771467.725,23.294527676224508,
2019-03,Banco Falabella Perú,2978005.081,1662.672393007836,2983521.831,0.18490731130835825,
2019-03,Santander Perú S.A.,1761653.5890000002,698980.3616636527,4080870.431,56.83142557975519,
2019-03,Banco Ripley,1871945.495,0.0,1871945.495,0.0,
2019-03,Banco Azteca,359514.683,0.0,359514.683,0.0,
2019-03,B. ICBC,156155.321,114196.41259795056,535059.019,70.8153090678021,
2019-04,Banco Continental,36242242.946,5714504.525234209,55151538.423,34.286070738353516,
2019-04,Banco de Comercio,1336099.2480000001,54604.17316409791,1516784.461,11.912385552847496,
2019-04,Banco de Crédito del Perú,56179185.031,9989055.395889996,89232969.339,37.042120813471094,
2019-04,Banco Pichincha,5581799.039999999,628807.3798730734,7662522.663,27.1545509815871,
2019-04,Banco Interamericano de Finanzas,6815373.223,1045017.3726201269,10273335.712,33.65958814098568,
2019-04,Scotiabank Perú,31928314.656999998,4536532.549108492,46939700.864,31.980148852019752,
2019-04,Citibank,2455721.321,83608.04865518284,2732380.356,10.125202166400003,
2019-04,Interbank,24761820.873000003,2651958.532789362,33537151.659,26.165999054499483,
2019-04,Mibanco,10060794.169,21646.26956784527,10132421.678,0.7069140159802143,
2019-04,Banco GNB,2919193.278,263682.3043215473,3791718.026,23.011330009696245,
2019-04,Banco Falabella Perú,2998942.831,1558.1217890601388,3004098.658,0.17162642066597697,
2019-04,Santander Perú S.A.,1707936.4270000001,686296.2260501662,3978890.642,57.07505984277312,
2019-04,Banco Ripley,1883594.662,0.0,1883594.662,0.0,
2019-04,Banco Azteca,360927.129,0.0,360927.129,0.0,
2019-04,B. ICBC,124687.5,129560.67754608643,553403.782,77.46898303633205,
2019-05,Banco Continental,36412779.413,5710895.392994953,55652785.996,34.57150659875834,
2019-05,Banco de Comercio,1352935.837,57083.72989017513,1545250.927,12.445557329214264,
2019-05,Banco de Crédito del Perú,56817948.313,10109715.417037698,90877579.557,37.47858537829697,
2019-05,Banco Pichincha,5678950.193,629352.9516176907,7799240.29,27.18585423914411,
2019-05,Banco Interamericano de Finanzas,6808739.601,1005445.9115464529,10196086.88,33.222032323443685,
2019-05,Scotiabank Perú,32276573.249999996,4608734.675274562,47803400.375,32.480591345380844,
2019-05,Citibank,2370127.0130000003,68617.5161769071,2601299.428,8.886805283224765,
2019-05,Interbank,24902826.175,2685992.2603146336,33951934.104,26.652702321114287,
2019-05,Mibanco,10100574.685,21015.453250222617,10171375.749,0.696081491306229,
2019-05,Banco GNB,2892907.143,264050.2742653606,3782492.519,23.518496640283765,
2019-05,Banco Falabella Perú,3004662.073,1448.1308993766695,3009540.828,0.16210961335395957,
2019-05,Santander Perú S.A.,1730858.01,684211.7833184921,4035967.51,57.11417384526963,
2019-05,Banco Ripley,1904788.5,0.0,1904788.5,0.0,
2019-05,Banco Azteca,367225.231,0.0,367225.231,0.0,
2019-05,B. ICBC,151577.5,140260.13861680022,624113.907,75.71316737218612,
2019-06,Banco BBVA Perú*,37520400.561000004,5715985.243991482,56308844.062,33.36677179931557,
2019-06,Banco de Comercio,1374111.1539999999,54280.67660480682,1552531.741,11.49223441223029,
2019-06,Banco de Crédito del Perú,56670682.081999995,10166464.790690599,90087851.853,37.09398002466321,
2019-06,Banco Pichincha,5668525.595000001,627314.839671433,7730509.476,26.67332453833214,
2019-06,Banco Interamericano de Finanzas,6756461.795999999,1051561.141162154,10212943.268,33.844126823166846,
2019-06,Scotiabank Perú,32943856.711999997,4514316.574383937,47782415.296,31.054433921096024,
2019-06,Citibank,2399827.443,73504.18040766657,2641435.687,9.146853174926456,
2019-06,Interbank,25117130.329000004,2666632.760267721,33882352.216,25.869579039618333,
2019-06,Mibanco,10088611.084000003,20391.627319744446,10155638.365,0.6600006675207919,
2019-06,Banco GNB,2946558.106,268990.91998783086,3830731.262,23.081054125900202,
2019-06,Banco Falabella Perú,3010506.179,1350.5841192576818,3014945.551,0.14724551156578994,
2019-06,Santander Perú S.A.,1696151.5389999999,680969.9418923031,3934499.739,56.89028716440843,
2019-06,Banco Ripley,1908212.018,0.0,1908212.018,0.0,
2019-06,Banco Azteca,375865.817,0.0,375865.817,0.0,
2019-06,B. ICBC,154827.5,127304.52479464558,573277.473,72.99257213269219,
2019-07,Banco BBVA Perú,37352952.83,5529828.121184647,55651154.087,32.880182912998066,
2019-07,Banco de Comercio,1405332.575,57539.148685403445,1595729.622,11.931660876318558,
2019-07,Banco de Crédito del Perú,57396294.248,10292240.435781201,91453317.853,37.23979009678193,
2019-07,Banco Pichincha,5712710.8319999995,629398.2175883952,7795389.537,26.716800938744417,
2019-07,Banco Interamericano de Finanzas,6765536.166,1042738.3771532185,10215957.46,33.77482049538605,
2019-07,Scotiabank Perú,33490704.227,4327441.6001813235,47810208.486,29.950725404581952,
2019-07,Citibank,2248033.428,69989.67361740707,2479629.261,9.339937894852907,
2019-07,Interbank,25119502.652,2808675.815654276,34413410.927,27.006646608541228,
2019-07,Mibanco,10068425.076,19694.33726201269,10133593.641,0.6430943188439358,
2019-07,Banco GNB,2969235.25,261924.32759141733,3835942.854,22.59438258044498,
2019-07,Banco Falabella Perú,3032364.346,1253.7518887881533,3036513.013,0.13662602406900667,
2019-07,Santander Perú S.A.,1712793.97,727238.3880326382,4119225.798,58.41951730755789,
2019-07,Banco Ripley,1884906.928,0.0,1884906.928,0.0,
2019-07,Banco Azteca,392641.268,0.0,392641.268,0.0,
2019-07,B. ICBC,162701.576,126246.0734360834,580449.833,71.96974367981255,
2019-08,Banco BBVA Perú,37909417.675000004,5705290.248895435,57278878.073,33.816061085055246,
2019-08,Banco de Comercio,1425227.327,58479.58615611193,1623765.526,12.227023903449963,
2019-08,Banco de Crédito del Perú,58140229.278,10160905.053019146,92636501.936,37.238315282924354,
2019-08,Banco Pichincha,5731431.22,622401.713107511,7844485.038,26.936807295367554,
2019-08,Banco Interamericano de Finanzas,6852602.356000001,1046463.8789396171,10405347.228,34.14345330485303,
2019-08,Scotiabank Perú,33744098.854,4325613.829749632,48429557.809,30.323338926441522,
2019-08,Citibank,1977716.1849999998,74732.22120765832,2231432.077,11.370092534526213,
2019-08,Interbank,25417835.487,2786882.2126656845,34879300.604,27.12630400597812,
2019-08,Mibanco,10128985.579999998,19135.41030927835,10193950.301,0.6372870092728412,
2019-08,Banco GNB,3017364.4359999998,255137.6653902798,3883556.813,22.304099533202844,
2019-08,Banco Falabella Perú,3064470.572,1185.1602356406481,3068494.195,0.13112695492649196,
2019-08,Santander Perú S.A.,1625058.511,775747.8913107511,4258722.603,61.841644490879744,
2019-08,Banco Ripley,1877045.014,0.0,1877045.014,0.0,
2019-08,Banco Azteca,410754.423,0.0,410754.423,0.0,
2019-08,B. ICBC,163236.071,120153.42621502209,571156.953,71.42010262807743,
2019-09,Banco BBVA Perú,38350106.055,5820210.841265149,58039879.335,33.924559295433276,
2019-09,Banco de Comercio,1433106.548,57415.71741058232,1627343.925,11.935852896000462,
2019-09,Banco de Crédito del Perú,59475098.948,9786056.525569022,92581328.178,35.7590778632478,
2019-09,Banco Pichincha,5742026.397,608218.5770026604,7799629.846,26.380783314418842,
2019-09,Banco Interamericano de Finanzas,6855926.346000001,1056438.8031333135,10429858.82,34.266355237203484,
2019-09,Scotiabank Perú,33250966.356000002,4439959.468814662,48271349.241,31.11655903796906,
2019-09,Citibank,1871657.3059999999,82190.34466449896,2149707.243,12.934316424034115,
2019-09,Interbank,25832018.459,2725908.3346142475,35053766.357,26.307438133986654,
2019-09,Mibanco,10193161.945000002,18341.289979308305,10255210.532,0.6050444971986022,
2019-09,Banco GNB,3069834.2509999997,241179.29766479458,3885743.817,20.997513074084374,
2019-09,Banco Falabella Perú,3068251.4020000002,1130.2054389595035,3072074.889,0.12445943338459194,
2019-09,Santander Perú S.A.,1748785.11,757862.6618386047,4312634.497,59.44972588758661,
2019-09,Banco Ripley,1872034.363,0.0,1872034.363,0.0,
2019-09,Banco Azteca,425794.87,0.0,425794.87,0.0,
2019-09,B. ICBC,161899.206,110549.77357375111,535889.09,69.78867287632222,
2019-10,Banco BBVA Perú,39015129.17,5592729.461906184,57733994.683,32.42260580751368,
2019-10,Banco de Comercio,1455783.5420000001,56842.4813265611,1646035.331,11.558183801827512,
2019-10,Banco de Crédito del Perú,61182344.89,10126409.783686882,95075438.438,35.64863239637033,
2019-10,Banco Pichincha,5765920.38,594343.0065730505,7755186.427,25.65078306917663,
2019-10,Banco Interamericano de Finanzas,6929160.082999999,1047266.2375261429,10434360.185,33.59286089279274,
2019-10,Scotiabank Perú,33597622.878,4482092.507618763,48599186.506,30.867931557142263,
2019-10,Citibank,1658957.5729999999,76904.90887361817,1916358.306,13.431764414519684,
2019-10,Interbank,26143185.041999996,2789678.3289512997,35480238.412,26.316208086251358,
2019-10,Mibanco,10304579.468,17640.854496564087,10363623.412,0.5697229786604691,
2019-10,Banco GNB,3142571.829,240442.49955183745,3947332.878,20.387463481614184,
2019-10,Banco Falabella Perú,3089318.137,1064.8034060352554,3092882.035,0.1152290310354512,
2019-10,Santander Perú S.A.,1806842.34,773993.2919031968,4397397.891,58.91110186553733,
2019-10,Banco Ripley,1857429.295,0.0,1857429.295,0.0,
2019-10,Banco Azteca,442524.421,0.0,442524.421,0.0,
2019-10,B. ICBC,154544.418,113430.13773528532,534195.089,71.06966702196695,
2019-11,Banco BBVA Perú,40033577.133,5773294.732921083,59639686.051,32.87426580554788,
2019-11,Banco de Comercio,1471830.577,56121.92167255595,1662420.625,11.464610408090909,
2019-11,Banco de Crédito del Perú,61226242.006,10102710.616018845,95535047.262,35.912271191858885,
2019-11,Banco Pichincha,5795423.619,588126.9366902239,7792702.699,25.630120346517277,
2019-11,Banco Interamericano de Finanzas,6928247.596,1053843.266195524,10507099.332,34.061272506488955,
2019-11,Scotiabank Perú,33849770.596,4564460.065959953,49350676.983,31.409713776245972,
2019-11,Citibank,1541917.9130000002,83825.3863368669,1826588.927,15.584842861581617,
2019-11,Interbank,26439314.139000002,2740523.7117196703,35746132.667,26.035875306286876,
2019-11,Mibanco,10500736.434999999,17968.79858657244,10561758.478,0.5777640449467724,
2019-11,Banco GNB,3058241.275,237560.39252061248,3864996.371,20.873372664804503,
2019-11,Banco Falabella Perú,3173934.4799999995,1024.1875736160189,3177412.623,0.10946463090200362,
2019-11,Santander Perú S.A.,1878858.5999999999,749057.921672556,4422659.304,57.51744661179988,
2019-11,Banco Ripley,1888491.227,0.0,1888491.227,0.0,
2019-11,Banco Azteca,451481.792,0.0,451481.792,0.0,
2019-11,B. ICBC,165844.418,130786.16431095407,609994.232,72.81213341046805,
2019-12,Banco BBVA Perú,40268783.426,5587598.896197948,58786086.172,31.499465182664004,
2019-12,Banco de Comercio,1471412.7959999999,52243.692818346404,1644548.397,10.527850765342981,
2019-12,Banco de Crédito del Perú,61396919.63599999,10148975.512975257,95030624.489,35.39249061432105,
2019-12,Banco Pichincha,5787553.68,579421.4577549788,7707756.393,24.912602514836646,
2019-12,Banco Interamericano de Finanzas,7021732.475000001,1064962.2691611345,10551017.438,33.44971216035629,
2019-12,Scotiabank Perú,34723770.905999996,4357646.821062161,49165012.475,29.373004992815282,
2019-12,Citibank,1553438.8790000002,90906.3114061557,1854702.397,16.243226864174908,
2019-12,Interbank,26688734.617,2859737.7613156303,36165905.561,26.20471075448429,
2019-12,Mibanco,10573393.318,17211.751659625832,10630433.065,0.5365703038740643,
2019-12,Banco GNB,3022020.361,241683.7462281231,3822960.299,20.95077833294549,
2019-12,Banco Falabella Perú,3279040.057,989.7706698853349,3282320.158,0.09993239056845812,
2019-12,Santander Perú S.A.,1945612.746,738238.1228123114,4392133.886,55.702335208822454,
2019-12,Banco Ripley,1943735.736,0.0,1943735.736,0.0,
2019-12,Banco Azteca,468363.412,0.0,468363.412,0.0,
2019-12,B. ICBC,186367.304,136913.57754978878,640098.9,70.88460798792187,
2020-01,Banco BBVA Perú,39951357.4,5406828.852400711,58193997.952,31.347976069709166,
2020-01,Banco de Comercio,1526961.875,51792.08417308832,1701708.371,10.268886195659436,
2020-01,Banco de Crédito del Perú,60746848.61799999,10054327.048310611,94670148.084,35.83315348350376,
2020-01,Banco Pichincha,5745824.398,579804.1810906936,7702083.709,25.39909179010975,
2020-01,Banco Interamericano de Finanzas,7152695.966,1071559.5740960285,10768137.971,33.575368506020794,
2020-01,Scotiabank Perú,35319466.263,4305985.344101956,49847860.817,29.14547247541117,
2020-01,Citibank,1663775.492,81956.8195020747,1940297.804,14.251539708488991,
2020-01,Interbank,26662212.393,2944579.547125074,36597223.789,27.146899046987706,
2020-01,Mibanco,10668194.052,16685.327504445762,10724490.349,0.5249321428616845,
2020-01,Banco GNB,2987779.1659999997,236634.8195020747,3786185.051,21.087344497045297,
2020-01,Banco Falabella Perú,3274955.1350000002,939.242145820984,3278124.14,0.09667129323540163,
2020-01,Santander Perú S.A.,1891738.161,757925.1742738589,4448977.7,57.47926178636499,
2020-01,Banco Ripley,1912285.678,0.0,1912285.678,0.0,
2020-01,Banco Azteca,468505.222,0.0,468505.222,0.0,
2020-01,B. ICBC,165129.304,132183.4315352697,611116.202,72.9790662627531,
2020-02,Banco BBVA Perú,40258431.135000005,5502608.470861119,59236927.754,32.0382864854406,
2020-02,Banco de Comercio,1552289.577,49847.19802841404,1724212.566,9.9711017301564,
2020-02,Banco de Crédito del Perú,61804897.351,9955441.537257178,96141215.216,35.714462093969544,
2020-02,Banco Pichincha,5742310.221000001,548717.9913018267,7634838.578,24.788059860929767,
2020-02,Banco Interamericano de Finanzas,7218680.732,1061902.915337779,10881183.89,33.65905029291809,
2020-02,Scotiabank Perú,35497217.695,4207812.783125544,50009963.987,29.019709543827233,
2020-02,Citibank,1870155.2559999998,79490.48622789214,2144317.945,12.785542817438857,
2020-02,Interbank,26845163.881,2870101.110176863,36744142.613,26.940290419234763,
2020-02,Mibanco,10735689.323,15893.622789214267,10790506.431,0.5080123750495643,
2020-02,Banco GNB,3005801.127,233186.34183821396,3810060.822,21.108841369566996,
2020-02,Banco Falabella Perú,3298388.463,911.6993331400406,3301532.915,0.09524218237273119,
2020-02,Santander Perú S.A.,1883621.302,727418.151928095,4392486.509,57.11719778443148,
2020-02,Banco Ripley,1897835.278,0.0,1897835.278,0.0,
2020-02,Banco Azteca,467571.293,0.0,467571.293,0.0,
2020-02,B. ICBC,190825.522,129514.29138880836,637520.314,70.06753858513126,
2020-03,Banco BBVA Perú,41598806.003000006,5630386.781495491,60950445.374,31.749791576182538,
2020-03,Banco de Comercio,1551305.44,45102.813791096894,1706323.813,9.084932872586016,
2020-03,Banco de Crédito del Perú,63070898.426,10750029.614780331,100018750.216,36.94092528671635,
2020-03,Banco Pichincha,5679202.223,528805.7617107943,7496707.629,24.244048133466293,
2020-03,Banco Interamericano de Finanzas,7485790.120999999,1115874.4250800118,11321050.523,33.87724835436635,
2020-03,Scotiabank Perú,35395996.722,4245060.090194938,49986268.255,29.188559263054355,
2020-03,Citibank,1903154.665,89892.36456211812,2212114.725,13.966728601745556,
2020-03,Interbank,26842454.037,2739510.4829793423,36258151.569,25.9684984604958,
2020-03,Mibanco,10634637.479999997,15611.270875763748,10688293.42,0.502006615009295,
2020-03,Banco GNB,3010132.6089999997,232950.3057899331,3810782.813,21.01012425238941,
2020-03,Banco Falabella Perú,3247769.361,893.1632237416352,3250839.165,0.0944311251399607,
2020-03,Santander Perú S.A.,2139266.2890000003,744937.4562118127,4699616.328,54.47998007296053,
2020-03,Banco Ripley,1898674.015,0.0,1898674.015,0.0,
2020-03,Banco Azteca,472661.769,0.0,472661.769,0.0,
2020-03,B. ICBC,202442.37399999998,121487.05411696248,619993.379,67.34765549810815,
2020-04,Banco BBVA Perú,41018637.862,5688096.056525599,60238714.44,31.906518518325793,
2020-04,Banco de Comercio,1548096.17,44174.04172832199,1697360.259,8.793895592202631,
2020-04,Banco de Crédito del Perú,64787451.30900001,10720294.051494526,101011324.912,35.86120035011703,
2020-04,Banco Pichincha,5605048.931,521754.93755548977,7368058.868,23.927739565937465,
2020-04,Banco Interamericano de Finanzas,7434111.1620000005,1137471.662326132,11277627.912,34.0808969757753,
2020-04,Scotiabank Perú,35919925.385,4313556.525007399,50495432.886,28.865001581244197,
2020-04,Citibank,2071799.321,67499.2559928973,2299879.31,9.917041646850592,
2020-04,Interbank,27246366.010999996,2751361.914471737,36543217.924,25.440704024300597,
2020-04,Mibanco,10776171.121,15545.73157738976,10828700.15,0.48509080750565453,
2020-04,Banco GNB,2970539.9499999997,235447.91032849954,3766118.442,21.12462749784119,
2020-04,Banco Falabella Perú,2989513.85,879.4871263687481,2992485.64,0.09930841305557735,
2020-04,Santander Perú S.A.,2272612.095,761143.0088783663,4844514.326,53.08895913872874,
2020-04,Banco Ripley,1850735.138,0.0,1850735.138,0.0,
2020-04,Banco Azteca,470933.122,0.0,470933.122,0.0,
2020-04,B. ICBC,204364.663,168876.77833678602,774999.297,73.63034214468456,
2020-05,Banco BBVA Perú,43924814.452,5428775.334207459,62556371.402,29.783628002125983,
2020-05,Banco de Comercio,1561224.5860000001,42436.18968531468,1706865.592,8.532658147344025,
2020-05,Banco de Crédito del Perú,77000467.417,10333027.731060605,112463418.595,31.53287675320288,
2020-05,Banco Pichincha,6333351.371,504636.5562354313,8065264.037,21.47372557246385,
2020-05,Banco Interamericano de Finanzas,8211193.582000001,1120854.8805361306,12057967.535,31.90234126799711,
2020-05,Scotiabank Perú,38781744.203,4314805.480477856,53590156.616,27.632709714042452,
2020-05,Citibank,2008483.1570000001,56996.506410256414,2204095.169,8.874934928002652,
2020-05,Interbank,30259428.614,2716948.301573427,39583995.188,23.556405890092595,
2020-05,Mibanco,10969196.406,15591.429195804198,11022706.193,0.48545054239023455,
2020-05,Banco GNB,2939604.1440000003,234814.49213286716,3745487.483,21.516113527484446,
2020-05,Banco Falabella Perú,2874247.617,865.5649766899768,2877218.238,0.10324628701313723,
2020-05,Santander Perú S.A.,2370429.148,743596.3432400932,4922451.801,51.84454325142512,
2020-05,Banco Ripley,1803219.929,0.0,1803219.929,0.0,
2020-05,Banco Azteca,462539.618,0.0,462539.618,0.0,
2020-05,B. ICBC,198086.53699999998,163346.9114219114,758693.137,73.8910862192233,
2020-06,Banco BBVA Perú,47305550.453,5323751.8908988135,66140984.646,28.47770454856557,
2020-06,Banco de Comercio,1596527.693,41086.58479366874,1741892.035,8.345198156899544,
2020-06,Banco de Crédito del Perú,76017987.458,9944901.676370831,111203049.594,31.640375209546782,
2020-06,Banco Pichincha,6317418.047,499731.5308083663,8085468.208,21.867010240058065,
2020-06,Banco Interamericano de Finanzas,8164970.614999998,1107260.5706613907,12082458.519,32.42293691999557,
2020-06,Scotiabank Perú,38935755.766,4170346.1107970607,53690440.31,27.48102727191063,
2020-06,Citibank,1801135.9789999998,53010.95392877332,1988688.735,9.430975933999058,
2020-06,Interbank,31183655.086,2581265.168739401,40316171.256,22.652240739851663,
2020-06,Mibanco,10932762.672,15379.476540418318,10987175.263,0.4952373080207232,
2020-06,Banco GNB,2896456.2909999997,230367.14330130018,3711495.247,21.959854499579272,
2020-06,Banco Falabella Perú,2765536.9839999997,847.9672131147541,2768537.094,0.10836445018209083,
2020-06,Santander Perú S.A.,2339290.1280000005,756809.8196721312,5016883.273,53.37164528842725,
2020-06,Banco Ripley,1743524.287,0.0,1743524.287,0.0,
2020-06,Banco Azteca,438695.005,0.0,438695.005,0.0,
2020-06,B. ICBC,176639.194,183199.13029960432,824797.717,78.58393756926463,
2020-07,Banco BBVA Perú,50087675.648,5221385.469653999,68498280.817,26.877470426134884,
2020-07,Banco de Comercio,1615839.553,29804.217810550203,1720929.228,6.106565760529917,
2020-07,Banco de Crédito del Perú,77220671.273,9637665.46511628,111203079.706,30.558873479802074,
2020-07,Banco Pichincha,6346871.252,515154.6959727737,8163306.713,22.251221531433348,
2020-07,Banco Interamericano de Finanzas,8047792.528999999,1095567.6069200228,11910763.915,32.432608131331605,
2020-07,Scotiabank Perú,39252825.443,4191876.8539421447,54033383.233,27.35449254817902,
2020-07,Citibank,1734367.102,73027.53970504821,1991862.21,12.927355451961711,
2020-07,Interbank,32006422.813,2592521.9781622235,41147655.31,22.21568259025061,
2020-07,Mibanco,11421271.507000001,15067.963414634149,11474401.148,0.46302757167644826,
2020-07,Banco GNB,2877330.3520000004,220379.0076574022,3654386.737,21.263660387458323,
2020-07,Banco Falabella Perú,2711834.894,830.091888825865,2714761.801,0.10781450508556509,
2020-07,Santander Perú S.A.,2285031.971,714293.853374929,4803632.1,52.4311620159254,
2020-07,Banco Ripley,1703472.804,0.0,1703472.804,0.0,
2020-07,Banco Azteca,422273.519,0.0,422273.519,0.0,
2020-07,B. ICBC,178545.562,184565.57685762906,829323.787,78.47094647485373,
2020-07,Bank of China*,0.0,0.0,0.0,,TOTAL_NO_POSITIVO
2020-08,Banco BBVA Perú,51765462.907,4976606.047404063,69402554.742,25.412741505791647,
2020-08,Banco de Comercio,1648714.696,26793.247460496616,1743669.968,5.445713566364533,
2020-08,Banco de Crédito del Perú,79765652.67600001,9318648.820541762,112790944.1,29.280091311869764,
2020-08,Banco Pichincha,6482370.597999999,544017.8101015801,8410369.721,22.924070961897744,
2020-08,Banco Interamericano de Finanzas,8123007.919,1116438.0806997742,12079664.481,32.754689240114175,
2020-08,Scotiabank Perú,38799390.611,3995688.512979684,52960110.706,26.738463923557642,
2020-08,Citibank,1550900.458,82276.09819413093,1842486.953,15.82570202330219,
2020-08,Interbank,32960583.11,2525008.3072799095,41909212.554,21.352416088633717,
2020-08,Mibanco,11980048.662,14789.84480812641,12032463.875,0.43561496252569903,
2020-08,Banco GNB,2834250.625,214733.2717268623,3595265.342,21.167136347623718,
2020-08,Banco Falabella Perú,2649483.2660000003,796.757900677201,2652306.979,0.10646252573162358,
2020-08,Santander Perú S.A.,2293967.1659999997,698593.6740970655,4769783.149,51.90625874719406,
2020-08,Banco Ripley,1657173.34,0.0,1657173.34,0.0,
2020-08,Banco Azteca,400090.034,0.0,400090.034,0.0,
2020-08,B. ICBC,184488.769,165708.4139390519,771759.39,76.09504057994035,
2020-08,Bank of China,0.0,0.0,0.0,,TOTAL_NO_POSITIVO
2020-09,Banco BBVA Perú,52438358.721999995,4885423.674450931,70011227.683,25.10007257774029,
2020-09,Banco de Comercio,1691453.1870000002,25492.6763969975,1783150.349,5.142424588673862,
2020-09,Banco de Crédito del Perú,80700564.25099999,8995731.711982207,113058211.221,28.620342229498974,
2020-09,Banco Pichincha,6592629.064,515724.52988601616,8447690.201,21.959388813529234,
2020-09,Banco Interamericano de Finanzas,8155941.534,1091775.4737281068,12083057.916,32.501014306981325,
2020-09,Scotiabank Perú,37607074.078999996,3812995.7978871283,51322419.968,26.72388772304901,
2020-09,Citibank,1413154.223,100134.5621351126,1773338.245,20.311072803823734,
2020-09,Interbank,33292005.391999997,2456482.8209619126,42127974.102,20.974112566168994,
2020-09,Mibanco,12221083.782,14242.037531276063,12272312.392,0.4174324150467018,
2020-09,Banco GNB,2838641.917,203359.54767862105,3570126.213,20.48903182572162,
2020-09,Banco Falabella Perú,2608068.4529999997,777.4320266889074,2610864.879,0.1071072663504331,
2020-09,Santander Perú S.A.,2242849.371,684216.3961634695,4703975.75,52.32013321922418,
2020-09,Banco Ripley,1631898.121,0.0,1631898.121,0.0,
2020-09,Banco Azteca,380811.232,0.0,380811.232,0.0,
2020-09,B. ICBC,180910.357,154741.33611342785,737514.944,75.4702791486758,
2020-09,Bank of China,0.0,0.0,0.0,,TOTAL_NO_POSITIVO
2020-10,Banco BBVA Perú,52579064.983,4928183.282037088,70384591.185,25.297477618644777,
2020-10,Banco de Comercio,1707615.482,24920.49986161085,1797653.253,5.008628379791325,
2020-10,Banco de Crédito del Perú,80820383.13199998,8980460.59618046,113266787.268,28.64600022531648,
2020-10,Banco Pichincha,6651059.921,518401.99114309443,8524046.319,21.972973021335363,
2020-10,Banco Interamericano de Finanzas,8248468.627000001,1042456.0938278439,12014862.497,31.34779004703909,
2020-10,Scotiabank Perú,37636793.046000004,3772685.2086908384,51267504.709,26.58742948456223,
2020-10,Citibank,1339987.0999999999,119537.58400221424,1771876.393,24.37468520412756,
2020-10,Interbank,32999348.644,2580258.0298920567,42321820.911,22.027578365790408,
2020-10,Mibanco,12589545.951000001,13930.541655134237,12639877.001,0.3981925614942056,
2020-10,Banco GNB,2813275.0069999998,191692.08386382507,3505858.511,19.755032949189093,
2020-10,Banco Falabella Perú,2598118.5590000004,758.8845834486576,2600860.411,0.10542095947953163,
2020-10,Santander Perú S.A.,2171520.0779999997,737672.3293661778,4836730.206,55.103551665829684,
2020-10,Banco Ripley,1612217.588,0.0,1612217.588,0.0,
2020-10,Banco Azteca,365142.774,0.0,365142.774,0.0,
2020-10,B. ICBC,155791.62099999998,146606.71464157212,685481.681,77.27267915129012,
2020-10,Bank of China,0.0,0.0,0.0,,TOTAL_NO_POSITIVO
2020-11,Banco BBVA Perú,52544562.77000001,4883292.242583864,70158597.892,25.106024993707116,
2020-11,Banco de Comercio,1716784.83,22535.81979484336,1798071.535,4.520771471975938,
2020-11,Banco de Crédito del Perú,81507594.367,8839487.82256723,113391626.945,28.11850701592383,
2020-11,Banco Pichincha,6715521.675000001,518519.21208760736,8585820.476,21.783576843099127,
2020-11,Banco Interamericano de Finanzas,8203643.0649999995,1081875.9301358468,12105969.547,32.23472904710092,
2020-11,Scotiabank Perú,37279508.791999996,3809747.310230108,51021267.343,26.93339320369772,
2020-11,Citibank,1294207.2110000001,112690.42278902134,1700681.57,23.900674069161575,
2020-11,Interbank,32930899.015,2532415.251455503,42065320.832,21.71485117986132,
2020-11,Mibanco,12842003.069,13424.915719434433,12890426.742,0.3756560893536973,
2020-11,Banco GNB,2768604.548,180594.03271416688,3420007.226,19.046821686452187,
2020-11,Banco Falabella Perú,2622202.6999999997,726.4563349043526,2624823.029,0.09982878735251968,
2020-11,Santander Perú S.A.,2138923.506,723477.0948156363,4748505.389,54.955858090529794,
2020-11,Banco Ripley,1596081.948,0.0,1596081.948,0.0,
2020-11,Banco Azteca,347044.691,0.0,347044.691,0.0,
2020-11,B. ICBC,126694.746,155285.9681175492,686811.234,81.5531925326661,
2020-11,Bank of China,0.0,0.0,0.0,,TOTAL_NO_POSITIVO
2020-12,Banco BBVA Perú,52880080.039,4830806.9972383315,70372432.178,24.856824750286954,
2020-12,Banco de Comercio,1686796.8650000002,22643.272576636286,1768788.159,4.635450185643162,
2020-12,Banco de Crédito del Perú,80782973.038,8918678.057718862,113077506.288,28.55964400890503,
2020-12,Banco Pichincha,6708722.715000001,512114.3457608396,8563088.763,21.655340722526145,
2020-12,Banco Interamericano de Finanzas,8193875.881999999,1072153.4708644021,12076143.603,32.14824076815014,
2020-12,Scotiabank Perú,37201057.713,3812832.72604253,51007325.017,27.06722475526519,
2020-12,Citibank,989051.027,131933.6926263463,1466782.931,32.570047953469135,
2020-12,Interbank,32461191.743,2522138.1378072356,41593853.942,21.956758832049854,
2020-12,Mibanco,12937467.578000002,13128.521679094172,12985005.957,0.36610209619789696,
2020-12,Banco GNB,2683308.239,171295.77022921847,3303570.226,18.77550481955457,
2020-12,Banco Falabella Perú,2675280.9220000003,595.9917149958575,2677439.009,0.08060265771678032,
2020-12,Santander Perú S.A.,2128186.846,664662.9124551229,4534931.252,53.0712434711899,
2020-12,Banco Ripley,1589551.675,0.0,1589551.675,0.0,
2020-12,Banco Azteca,333838.289,0.0,333838.289,0.0,
2020-12,B. ICBC,119713.43999999999,152396.37641535487,671540.72,82.17331631058799,
2020-12,Bank of China,0.0,0.0,0.0,,TOTAL_NO_POSITIVO
2021-01,Banco BBVA Perú,52564729.804,4693728.099477879,69645206.362,24.52498520748084,
2021-01,Banco de Comercio,1672323.8990000002,22141.45809288266,1752896.669,4.5965498950925205,
2021-01,Banco de Crédito del Perú,80214195.888,8792296.003022809,112209361.046,28.513811022311813,
2021-01,Banco Pichincha,6698211.744000001,513340.83704314375,8566259.054,21.807037333615508,
2021-01,Banco Interamericano de Finanzas,8121372.26,1069870.7576257214,12014631.949,32.40431921282485,
2021-01,Scotiabank Perú,37487373.911,3920253.0354492995,51753174.71,27.565073792938726,
2021-01,Citibank,951563.044,107199.91673536686,1341663.544,29.075881337355618,
2021-01,Interbank,32123671.861999996,2539227.0505633415,41363919.102,22.338906565440084,
2021-01,Mibanco,12919209.992,12744.48777136576,12965587.185,0.3576945057579355,
2021-01,Banco GNB,2642965.1459999997,175710.42429238805,3282375.384,19.480107032145604,
2021-01,Banco Falabella Perú,2515301.188,501.3058532563891,2517125.441,0.07247366262665438,
2021-01,Santander Perú S.A.,2183305.835,655971.4330860126,4570385.881,52.22928890804527,
2021-01,Banco Ripley,1428013.746,0.0,1428013.746,0.0,
2021-01,Banco Azteca,322344.425,0.0,322344.425,0.0,
2021-01,B. ICBC,125742.763,172131.3929651003,752128.903,83.2817536331269,
2021-01,Bank of China,0.0,0.0,0.0,,TOTAL_NO_POSITIVO
2021-02,Banco BBVA Perú,52583586.7,4687207.833653056,69687208.09,24.543416013898742,
2021-02,Banco de Comercio,1656616.19,22094.626198958616,1737239.483,4.640885369515865,
2021-02,Banco de Crédito del Perú,80133261.38,8722093.789531378,111960181.621,28.426999474454533,
2021-02,Banco Pichincha,6740166.131999999,492891.6916963552,8538727.919,21.06358000935854,
2021-02,Banco Interamericano de Finanzas,8092991.152,1016423.1066045492,11801919.07,31.42648154085334,
2021-02,Scotiabank Perú,37894659.412999995,3805590.8583173472,51781260.458,26.817811930753372,
2021-02,Citibank,905015.369,100086.04960263085,1270229.367,28.751815025545707,
2021-02,Interbank,31805562.688999996,2457694.8928473555,40773691.357,21.994890257735673,
2021-02,Mibanco,12882355.559999999,12318.005480953687,12927303.965,0.347701308189988,
2021-02,Banco GNB,2601636.111,176464.28829816388,3245554.302,19.84000670095706,
2021-02,Banco Falabella Perú,2344758.191,479.844066867635,2346509.143,0.07461944076473809,
2021-02,Santander Perú S.A.,2277495.5850000004,658883.0548095369,4681759.855,51.353857191805915,
2021-02,Banco Ripley,1311041.895,0.0,1311041.895,0.0,
2021-02,Banco Azteca,328891.294,0.0,328891.294,0.0,
2021-02,B. ICBC,98075.09000000001,165317.63770896138,701319.151,86.01562642911486,
2021-02,Bank of China,0.0,0.0,0.0,,TOTAL_NO_POSITIVO
2021-03,Banco BBVA Perú,53185681.699999996,4675828.1109928135,70752767.917,24.828832474240347,
2021-03,Banco de Comercio,1647072.82,23129.023422943836,1733968.565,5.011379488301155,
2021-03,Banco de Crédito del Perú,80079744.271,8545872.461538462,112186587.112,28.61914571743462,
2021-03,Banco Pichincha,6717123.276000001,487328.71040723985,8548017.244,21.418931615809925,
2021-03,Banco Interamericano de Finanzas,8141724.216000001,1025087.9917487357,11992979.804,32.11258295219921,
2021-03,Scotiabank Perú,37930661.44,3806492.4511578386,52231653.582,27.379933739889083,
2021-03,Citibank,863698.2769999999,111874.01038062283,1284008.937,32.734247238343016,
2021-03,Interbank,32009236.326,2528768.8815544313,41509821.018,22.88755879694166,
2021-03,Mibanco,12984044.156,11832.10327388874,13028497.37,0.34119985396289554,
2021-03,Banco GNB,2498147.497,172783.62603140803,3147295.584,20.625583764680165,
2021-03,Banco Falabella Perú,2405379.913,464.0188980569603,2407123.232,0.0724233382331324,
2021-03,Santander Perú S.A.,2108973.8159999996,665665.0021293586,4609877.231,54.25097653755717,
2021-03,Banco Ripley,1273843.859,0.0,1273843.859,0.0,
2021-03,Banco Azteca,332873.403,0.0,332873.403,0.0,
2021-03,B. ICBC,70373.034,163640.4841628959,685170.334,89.72911836547787,
2021-03,Bank of China,0.0,0.0,0.0,,TOTAL_NO_POSITIVO
2021-04,Banco BBVA Perú,53541845.91600001,4786210.141008714,71667223.725,25.291028264957372,
2021-04,Banco de Comercio,1652844.134,20530.0950620544,1730591.606,4.492537218512306,
2021-04,Banco de Crédito del Perú,80609893.696,8586734.713757593,113127858.06,28.744435651520376,
2021-04,Banco Pichincha,6698778.617000001,497936.45761816745,8584463.985,21.966256382401248,
2021-04,Banco Interamericano de Finanzas,8270233.6740000015,1017938.3960918933,12125166.383,31.792823184717516,
2021-04,Scotiabank Perú,38722145.300000004,3938339.3142329017,53636636.287,27.806536761916306,
2021-04,Citibank,848069.3840000001,116580.00792183787,1289557.877,34.23564780411946,
2021-04,Interbank,31941348.162,2536141.4211777137,41545715.728,23.11758841484364,
2021-04,Mibanco,12984439.116,11536.564562978612,13028128.089,0.33534344075790196,
2021-04,Banco GNB,2562112.067,169384.39186691312,3203570.761,20.023240997485185,
2021-04,Banco Falabella Perú,2481241.54,422.19118035384207,2482840.379,0.06439556137088878,
2021-04,Santander Perú S.A.,2123405.815,675044.862952205,4679800.713,54.626148735321166,
2021-04,Banco Ripley,1263958.914,0.0,1263958.914,0.0,
2021-04,Banco Azteca,340651.398,0.0,340651.398,0.0,
2021-04,B. ICBC,58586.614,163371.94296276735,677276.163,91.34967134521756,
2021-04,Bank of China,0.0,0.0,0.0,,TOTAL_NO_POSITIVO
2021-05,Banco BBVA Perú,54515935.095,5100825.4675222635,73990886.734,26.320743673492085,
2021-05,Banco de Comercio,1637017.626,20745.006809848088,1716222.065,4.615046072141021,
2021-05,Banco de Crédito del Perú,81747816.881,8849867.742011523,115536611.924,29.245097705674695,
2021-05,Banco Pichincha,6674165.583,532195.5099528548,8706088.043,23.339098455749443,
2021-05,Banco Interamericano de Finanzas,8346269.5030000005,1059917.7019381875,12393035.292,32.65354849438929,
2021-05,Scotiabank Perú,39210056.268999994,3992445.77841802,54453214.254,27.9931280344581,
2021-05,Citibank,782649.9400000001,141935.38685175485,1324559.25,40.912425019869815,
2021-05,Interbank,31846511.349,2691962.945259298,42124425.877,24.398942689475927,
2021-05,Mibanco,12979629.100000001,10960.85935044526,13021477.663,0.321381060452994,
2021-05,Banco GNB,2618652.023,168375.6993190152,3261510.447,19.710451168148598,
2021-05,Banco Falabella Perú,2499580.375,405.71634363541125,2501129.402,0.061933101052712713,
2021-05,Santander Perú S.A.,2201228.3919999995,692359.3177056051,4844656.27,54.56378596700732,
2021-05,Banco Ripley,1282281.174,0.0,1282281.174,0.0,
2021-05,Banco Azteca,319963.454,0.0,319963.454,0.0,
2021-05,B. ICBC,166435.95200000002,177091.1870089052,842570.104,80.24663452811043,
2021-05,Bank of China,0.0,0.0,0.0,,TOTAL_NO_POSITIVO
2021-06,Banco BBVA Perú,54791559.311000004,5098811.9569725245,74462775.845,26.417517089273097,
2021-06,Banco de Comercio,1625374.411,25272.589424572314,1722876.065,5.659237827997794,
2021-06,Banco de Crédito del Perú,82053048.375,9439388.200881286,118470208.058,30.739508505945295,
2021-06,Banco Pichincha,6651212.98,541207.7198030067,8739192.365,23.89213210779346,
2021-06,Banco Interamericano de Finanzas,8422656.033000002,1108041.6772939346,12697480.828,33.66671588566858,
2021-06,Scotiabank Perú,39725711.156,3732886.332296527,54127186.631,26.606731979585113,
2021-06,Citibank,958911.977,162240.85095904613,1584837.183,39.49460630493044,
2021-06,Interbank,32052009.918,2549694.8439606014,41888732.628,23.48298001125191,
2021-06,Mibanco,12985919.027,10087.18921721099,13024835.405,0.2987859484585835,
2021-06,Banco GNB,2561369.4020000002,172226.33877656815,3225818.621,20.597848083412114,
2021-06,Banco Falabella Perú,2499917.8400000003,395.945567651633,2501445.399,0.0610670534967728,
2021-06,Santander Perú S.A.,2144384.621,705247.5743908761,4865229.765,55.92428878844533,
2021-06,Banco Ripley,1286215.237,0.0,1286215.237,0.0,
2021-06,Banco Azteca,305203.224,0.0,305203.225,3.2765053163831754e-07,
2021-06,B. ICBC,225078.454,166425.88413685845,867149.515,74.04387016234449,
2021-06,Bank of China,0.0,0.0,0.0,,TOTAL_NO_POSITIVO
2021-07,Banco BBVA Perú,54493700.02599999,5023336.1772277225,74787978.185,27.135749155832066,
2021-07,Banco de Comercio,1613122.8599999999,29394.98589108911,1731878.607,6.857047977843646,
2021-07,Banco de Crédito del Perú,83709042.17500001,9303629.306930693,121295704.579,30.987628568099673,
2021-07,Banco Pichincha,6623458.017,532119.0542079208,8773218.998,24.503673982036393,
2021-07,Banco Interamericano de Finanzas,8540816.768,1091085.6650990099,12948802.86,34.04164956141745,
2021-07,Scotiabank Perú,40836624.039,3820075.594059406,56269729.442,27.427011922827297,
2021-07,Citibank,975430.5210000001,155694.825990099,1604437.62,39.2042103201245,
2021-07,Interbank,32254240.732,2505958.4074257426,42378312.702,23.889747666905585,
2021-07,Mibanco,13002410.412999999,9773.855693069307,13041896.791,0.3027656071258699,
2021-07,Banco GNB,2533153.799,164960.43514851487,3199593.96,20.828897958039647,
2021-07,Banco Falabella Perú,2503704.366,159.80544554455446,2504349.981,0.025779743442345307,
2021-07,Santander Perú S.A.,2280783.6380000003,765705.3507425743,5374233.257,57.5607620858426,
2021-07,Banco Ripley,1284812.649,0.0,1284812.649,0.0,
2021-07,Banco Azteca,309435.78,0.0,309435.781,3.231688287818888e-07,
2021-07,B. ICBC,236491.357,167872.47202970297,914696.145,74.14536419632554,
2021-07,Bank of China,22000.0,0.0,22000.0,0.0,
2021-08,Banco BBVA Perú,54453996.278,4806768.956904996,74084840.701,26.497788531702987,
2021-08,Banco de Comercio,1598923.918,31031.21278158668,1725655.394,7.343961977613708,
2021-08,Banco de Crédito del Perú,84586872.23499998,8995786.210088149,121325663.121,30.281137511162697,
2021-08,Banco Pichincha,6658740.483000001,533084.2522037219,8835856.572,24.63955895231568,
2021-08,Banco Interamericano de Finanzas,8597926.849999998,1062630.333496572,12937709.133,33.54366865406327,
2021-08,Scotiabank Perú,41695512.035,3755527.8961802158,57033087.967,26.89241715418688,
2021-08,Citibank,1100936.916,143187.29089128305,1685713.815,34.69016471221125,
2021-08,Interbank,32269908.259,2431815.5707639568,42201443.053,23.5336378936786,
2021-08,Mibanco,13066347.869,9617.264201762979,13105624.778,0.29969505205072633,
2021-08,Banco GNB,2543151.988,160997.77228207642,3200666.894,20.5430595490141,
2021-08,Banco Falabella Perú,2463070.897,151.45690499510283,2463689.447,0.025106654605087465,
2021-08,Santander Perú S.A.,2241979.3989999997,754297.5976983351,5322530.79,57.87756825733648,
2021-08,Banco Ripley,1267068.49,0.0,1267068.49,0.0,
2021-08,Banco Azteca,313412.898,0.0,313412.898,0.0,
2021-08,B. ICBC,252819.81699999998,176915.52154750246,975342.809,74.07887619951686,
2021-08,Bank of China,22000.0,0.0,22000.0,0.0,
2021-09,Banco BBVA Perú,54777564.96,4575086.622399612,73690973.061,25.66584116801367,
2021-09,Banco de Comercio,1653622.297,33496.829221093365,1792098.192,7.7270260981324626,
2021-09,Banco de Crédito del Perú,84447662.72299999,8875118.724238025,121137403.532,30.287706141322364,
2021-09,Banco Pichincha,6643769.742999999,522724.6407837445,8804713.411,24.543032431927514,
2021-09,Banco Interamericano de Finanzas,8781269.942000002,1028773.9329946783,13034221.385,32.62911774610769,
2021-09,Scotiabank Perú,42058067.081999995,3631229.917513304,57069571.566,26.303867493800006,
2021-09,Citibank,1120370.444,158497.80841799706,1775600.386,36.90188102944015,
2021-09,Interbank,32171468.169,2375286.112239961,41990900.96,23.38466802689913,
2021-09,Mibanco,13192802.708,9366.575229801643,13231524.132,0.2926452282723216,
2021-09,Banco GNB,2531475.915,155683.6540880503,3175072.144,20.270286778088398,
2021-09,Banco Falabella Perú,2463742.21,146.96178035800676,2464349.75,0.02465315647667452,
2021-09,Santander Perú S.A.,2381386.769,706235.1584421867,5300962.916,55.076336002800296,
2021-09,Banco Ripley,1279129.441,0.0,1279129.441,0.0,
2021-09,Banco Azteca,325645.26300000004,0.0,325645.263,0.0,
2021-09,B. ICBC,252459.78199999998,162754.17223028542,925285.532,72.71547287091916,
2021-09,Bank of China,22000.0,5000.0,42670.0,48.44152800562456,
2021-10,Banco BBVA Perú,55163493.831,4601779.356229632,73519991.688,24.96803581657118,
2021-10,Banco de Comercio,1684639.8399999999,35845.029832038104,1827625.667,7.823583876161444,
2021-10,Banco de Crédito del Perú,84672274.324,8852334.974931061,119984238.544,29.43050241307368,
2021-10,Banco Pichincha,6714922.727,533840.0864878416,8844410.835,24.077218344188335,
2021-10,Banco Interamericano de Finanzas,8714679.385,1047694.7698671346,12893933.825,32.412563122488336,
2021-10,Scotiabank Perú,42300157.584,3461577.475056405,56108390.137,24.609924682002827,
2021-10,Citibank,1118231.012,144105.53597392832,1693067.997,33.9523862017693,
2021-10,Interbank,32411103.173,2517888.1393833044,42454958.966,23.65767400939807,
2021-10,Mibanco,13319308.262,8984.31210829782,13355146.686,0.268349160384509,
2021-10,Banco GNB,2576175.323,154759.4988718977,3193510.969,19.33093864378708,
2021-10,Banco Falabella Perú,2597434.498,142.37728754073703,2598002.443,0.021860833946869093,
2021-10,Santander Perú S.A.,2477755.6249999995,717796.2983203811,5341045.061,53.60916081587802,
2021-10,Banco Ripley,1332089.701,0.0,1332089.701,0.0,
2021-10,Banco Azteca,335980.78,0.0,335980.78,0.0,
2021-10,B. ICBC,249499.25900000002,163224.9408373026,900603.549,72.296438396558,
2021-10,Bank of China,22000.0,5000.0,41945.0,47.550363571343425,
2021-11,Banco BBVA Perú,56144716.80100001,4592820.851058591,74800755.101,24.940975896312285,
2021-11,Banco de Comercio,1696987.4749999999,35799.18439192516,1842403.765,7.8927482000667775,
2021-11,Banco de Crédito del Perú,85174957.157,8725853.001969473,120619372.053,29.385341917072626,
2021-11,Banco Pichincha,6786079.98,538839.8003446577,8974847.251,24.387794129377767,
2021-11,Banco Interamericano de Finanzas,8739633.835,1099318.395371738,13205065.16,33.816049151551475,
2021-11,Scotiabank Perú,43047732.161,3451246.6841457407,57066696.195,24.565928937074684,
2021-11,Citibank,1099712.4239999999,138674.2309207287,1663007.153,33.87205689307098,
2021-11,Interbank,32203486.348,2547100.743968488,42549809.574,24.31579207894295,
2021-11,Mibanco,13320306.279000001,8295.089364844904,13354000.934,0.25231880068400275,
2021-11,Banco GNB,2589526.132,153043.2368291482,3211187.764,19.359242675539782,
2021-11,Banco Falabella Perú,2712095.557,139.48424421467257,2712662.143,0.020886714604772903,
2021-11,Santander Perú S.A.,2521413.6410000003,730025.5167405219,5486777.291,54.045635401752264,
2021-11,Banco Ripley,1364346.615,0.0,1364346.615,0.0,
2021-11,Alfin Banco1/,349471.415,0.0,349471.415,0.0,
2021-11,B. ICBC,234789.003,171779.66026587886,932557.984,74.82312016750691,
2021-11,Bank of China,22000.0,0.0,22000.0,0.0,
2021-12,Banco BBVA Perú,55716606.799,4697533.878856283,74445674.378,25.15803333838127,
2021-12,Banco de Comercio,1685594.65,30359.970905442686,1806639.857,6.700018630221118,
2021-12,Banco de Crédito del Perú,86044022.393,9117428.18510158,122395208.57,29.69984413745257,
2021-12,Banco Pichincha,6814803.901000001,529973.794833208,8927809.425,23.667681772900302,
2021-12,Banco Interamericano de Finanzas,8674925.734,1109565.27715074,13098762.497,33.77293667255352,
2021-12,Scotiabank Perú,42711854.104,3503834.3476297967,56681641.652,24.646053185559204,
2021-12,Citibank,1141605.897,167638.32631050915,1809979.907,36.92715081615543,
2021-12,Interbank,32617237.393,2614649.002508152,43041842.97,24.219700778765237,
2021-12,Mibanco,13399160.970000003,8193.460245798846,13431828.299,0.24320835758770182,
2021-12,Banco GNB,2547423.723,167115.83922748934,3213714.577,20.732732731417045,
2021-12,Banco Falabella Perú,2851605.7509999997,136.4384248808628,2852149.732,0.019072666273333833,
2021-12,Santander Perú S.A.,2726749.79,719675.7271131176,5596096.917,51.27407851503442,
2021-12,Banco Ripley,1450481.493,0.0,1450481.493,0.0,
2021-12,Alfin Banco1/,377417.846,0.0,377417.846,0.0,
2021-12,B. ICBC,227106.44,163586.53975420113,879325.975,74.17266787780264,
2021-12,Bank of China,20000.0,0.0,20000.0,0.0,
2022-01,Banco BBVA Perú,54968274.10700001,4742808.852979443,73194888.532,24.901485323024325,
2022-01,Banco de Comercio,1688337.284,26840.899297423886,1791486.862,5.757763575494197,
2022-01,Banco de Crédito del Perú,85626103.95,8959799.517824616,120058613.5,28.67974945421138,
2022-01,Banco Pichincha,6749434.255000001,484523.51626333594,8611458.131,21.62263170388047,
2022-01,Banco Interamericano de Finanzas,8676530.722000001,1155288.4499089255,13116304.239,33.84927214328243,
2022-01,Scotiabank Perú,43534829.447000004,3465334.4293520683,56852109.662,23.424425749852652,
2022-01,Citibank,1104641.616,161239.22898776995,1724283.975,35.93621282712438,
2022-01,Interbank,32468821.376000002,2662124.3229247984,42699365.151,23.959475132291054,
2022-01,Mibanco,13463163.119,8010.393702836325,13493947.064,0.22813150854967987,
2022-01,Banco GNB,2538821.8559999997,171741.41347905283,3198824.112,20.632652277569193,
2022-01,Banco Falabella Perú,2908882.329,126.79859484777518,2909369.617,0.01674892035555945,
2022-01,Santander Perú S.A.,2722169.426,744710.0549050221,5584090.167,51.25133469213912,
2022-01,Banco Ripley,1461479.357,0.0,1461479.357,0.0,
2022-01,Alfin Banco1/,407119.48,0.0,407119.481,2.456281495155107e-07,
2022-01,B. ICBC,292823.008,163335.87978142075,920522.795,68.18948866985961,
2022-01,Bank of China,20000.0,5000.0,39215.0,48.99910748438098,
2022-02,Banco BBVA Perú,54423467.648,4872907.6826411085,72726108.908,25.166534460345204,
2022-02,Banco de Comercio,1687426.8930000002,26611.68903088392,1787380.401,5.59217880782838,
2022-02,Banco de Crédito del Perú,85265729.38999999,8886468.393769968,118643304.68,28.13270869352863,
2022-02,Banco Pichincha,6784707.387999999,507058.4065495208,8689218.767,21.918096782566614,
2022-02,Banco Interamericano de Finanzas,8679935.292,1173515.5732161875,13087659.788,33.678477034079215,
2022-02,Scotiabank Perú,44502121.888,3567903.8410543134,57903168.719,23.143891996713233,
2022-02,Citibank,1311879.497,162201.67119275825,1921108.977,31.712385257361692,
2022-02,Interbank,32668982.173,2700973.382321619,42813838.201,23.695273430923194,
2022-02,Mibanco,13653765.181000004,7852.047390841321,13683257.472,0.21553559932892818,
2022-02,Banco GNB,2576287.319,167924.8541001065,3207013.072,19.66707770874967,
2022-02,Banco Falabella Perú,3012048.5500000003,123.8237486687966,3012513.632,0.015438336778286042,
2022-02,Santander Perú S.A.,2771705.5670000003,710346.8234824282,5439768.238,49.047359267293835,
2022-02,Banco Ripley,1492233.02,0.0,1492233.02,0.0,
2022-02,Alfin Banco1/,398547.165,0.0,398547.165,0.0,
2022-02,B. ICBC,297654.059,150697.79526091588,863674.98,65.5363341658919,
2022-02,Bank of China,40000.0,5000.0,58780.0,31.949642735624362,
2022-03,Banco BBVA Perú,54541549.633999996,5143028.898593835,73560470.504,25.854811340509038,
2022-03,Banco de Comercio,1705562.7190000003,30122.88507301244,1816957.151,6.130823279937645,
2022-03,Banco de Crédito del Perú,86518768.99800001,9074000.792049756,120074423.93,27.945713861231592,
2022-03,Banco Pichincha,6824373.275,519548.81828015146,8745664.81,21.968501843372156,
2022-03,Banco Interamericano de Finanzas,8682558.047,1236451.3258518118,13254955.052,34.49575639496479,
2022-03,Scotiabank Perú,44388786.858,3677125.1116819903,57986795.525,23.450181276420853,
2022-03,Citibank,1397950.456,204507.94456462952,2154220.837,35.106446284921894,
2022-03,Interbank,32798534.606,2576413.0424553812,42326110.04,22.50992454774613,
2022-03,Mibanco,13854761.198,7580.86073553272,13882795.223,0.20193357713404708,
2022-03,Banco GNB,2609526.803,170815.50486749594,3241202.544,19.488931420510458,
2022-03,Banco Falabella Perú,3273080.196,119.71011357490535,3273522.886,0.013523351307339665,
2022-03,Santander Perú S.A.,2834743.9899999998,746489.3028664142,5595261.435,49.336701726431485,
2022-03,Banco Ripley,1539741.805,0.0,1539741.805,0.0,
2022-03,Alfin Banco1/,416867.61600000004,0.0,416867.617,2.398843058346243e-07,
2022-03,B. ICBC,322577.293,155168.24202271499,896389.453,64.01371168297312,
2022-03,Bank of China,40000.0,5000.0,58490.0,31.612241408787828,
2022-04,Banco BBVA Perú,54819322.964999996,5133335.925665101,74500532.907,26.41754249807625,
2022-04,Banco de Comercio,1713252.4440000001,30422.65832029212,1829892.92,6.374169478725553,
2022-04,Banco de Crédito del Perú,85615590.00999999,9314546.002347419,121327559.387,29.434342500114997,
2022-04,Banco Pichincha,6876057.881000001,539389.8847157016,8944078.703,23.121675140295316,
2022-04,Banco Interamericano de Finanzas,8658737.146,1267425.732133542,13518047.407,35.946835476281294,
2022-04,Scotiabank Perú,44184228.333000004,3715848.6893583722,58430792.212,24.381945442927197,
2022-04,Citibank,1496218.532,197721.8831507564,2254284.235,33.627778220256246,
2022-04,Interbank,32917904.084,2630542.214397496,43003402.938,23.45279248840082,
2022-04,Mibanco,14067988.314,7323.133802816901,14096065.211,0.1991825135576828,
2022-04,Banco GNB,2736966.0810000002,158152.97313510693,3343324.584,18.136393513864093,
2022-04,Banco Falabella Perú,3439841.961,107.20213875847678,3440252.976,0.011947231871231574,
2022-04,Santander Perú S.A.,2813834.629,807856.1082420449,5911154.95,52.39788750589256,
2022-04,Banco Ripley,1572070.77,0.0,1572070.77,0.0,
2022-04,Alfin Banco1/,415080.206,0.0,415080.206,0.0,
2022-04,B. ICBC,340349.545,175714.47991653625,1014038.862,66.4362424603013,
2022-04,Bank of China,40000.0,5000.0,59170.0,32.39817475071827,
2022-05,Banco BBVA Perú,54200559.58,5221305.349094839,73524610.681,26.28242560146416,
2022-05,Banco de Comercio,1719122.7210000001,30051.71953526074,1830344.137,6.07653029567958,
2022-05,Banco de Crédito del Perú,85849057.08,9477808.953255875,120926428.02,29.007200092107706,
2022-05,Banco Pichincha,6972185.448000001,540760.7003512564,8973540.804,22.302850120299055,
2022-05,Banco Interamericano de Finanzas,8649702.671,1255944.204809511,13297952.176,34.95462642277441,
2022-05,Scotiabank Perú,44647589.20599999,3880870.1178059983,59010689.515,24.339827965150338,
2022-05,Citibank,1544169.446,189788.77249392055,2246577.695,31.265700294420483,
2022-05,Interbank,33045162.843,2730106.2164279926,43149285.952,23.41666353468746,
2022-05,Mibanco,14248806.233,7143.1391515806545,14275242.993,0.18519306475529104,
2022-05,Banco GNB,2725754.1969999997,154424.5330991624,3297279.397,17.33323540977441,
2022-05,Banco Falabella Perú,3565149.772,97.47338557146718,3565510.522,0.010117765682476368,
2022-05,Santander Perú S.A.,2711794.5349999997,840828.165090516,5823699.575,53.43519183851444,
2022-05,Banco Ripley,1599578.324,0.0,1599578.324,0.0,
2022-05,Alfin Banco1/,423996.86,0.0,423996.86,0.0,
2022-05,B. ICBC,379019.498,176298.7568224804,1031501.199,63.25554460165005,
2022-05,Bank of China,40000.0,5000.0,58505.0,31.629775232886075,
2022-06,Banco BBVA Perú,54588312.175,4954160.430849672,73537975.826,25.76854127157004,
2022-06,Banco de Comercio,1720690.415,33089.76836601307,1847258.783,6.851685814937604,
2022-06,Banco de Crédito del Perú,86112414.867,10194800.21751634,125107525.703,31.169276681702385,
2022-06,Banco Pichincha,7033766.407,540587.6826143791,9101514.296,22.71872373928753,
2022-06,Banco Interamericano de Finanzas,8532437.37,1289878.3615686274,13466222.107,36.63822486958183,
2022-06,Scotiabank Perú,44218075.84,3985550.419869281,59462806.2,25.63742166611706,
2022-06,Citibank,1434041.778,176807.66274509806,2110331.092,32.046597643551195,
2022-06,Interbank,33430667.950999998,2733294.8185620913,43885520.635,23.823011628263437,
2022-06,Mibanco,14298638.012999998,6888.364183006535,14324986.009,0.18393034369071967,
2022-06,Banco GNB,2725423.39,181845.357124183,3420981.886,20.332130340897102,
2022-06,Banco Falabella Perú,3649568.266,91.93751633986928,3649919.929,0.009634814101155452,
2022-06,Santander Perú S.A.,2722187.245,942971.0039215685,6329051.336,56.989016197166144,
2022-06,Banco Ripley,1603995.146,0.0,1603995.146,0.0,
2022-06,Alfin Banco1/,435545.251,0.0,435545.251,0.0,
2022-06,B. ICBC,425244.43600000005,149908.53385620913,998644.579,57.41783964563031,
2022-06,Bank of China,20000.0,10000.0,58250.0,65.66523605150213,
2022-07,Banco BBVA Perú,54763164.124,5106133.367091836,74779206.927,26.766856223200936,
2022-07,Banco de Comercio,1708433.762,32612.218877551022,1836273.664,6.96191992001471,
2022-07,Banco de Crédito del Perú,86776265.711,10300671.35867347,127154897.441,31.755467184215796,
2022-07,Banco Pichincha,7065964.971,583946.1352040817,9355033.823,24.468846348499202,
2022-07,Banco Interamericano de Finanzas,8585402.484000001,1305760.5987244898,13703984.036,37.35104724694382,
2022-07,Scotiabank Perú,43150396.424,4202400.318112245,59623805.674,27.628912753523743,
2022-07,Citibank,1521477.381,191779.54540816325,2273253.201,33.070483291051566,
2022-07,Interbank,33196755.409,2952422.6640306124,44770252.256,25.850863606534503,
2022-07,Mibanco,14234996.493,6721.472193877551,14261344.666,0.18475237515866483,
2022-07,Banco GNB,2709476.14,185109.07142857145,3435103.704,21.12389105327575,
2022-07,Banco Falabella Perú,3712360.728,89.09158163265306,3712709.967,0.009406579105403618,
2022-07,Santander Perú S.A.,2737634.7449999996,989761.7397959183,6617500.767,58.6303826566674,
2022-07,Banco Ripley,1613814.078,0.0,1613814.078,0.0,
2022-07,Alfin Banco,448500.843,0.0,448500.843,0.0,
2022-07,B. ICBC,413162.332,167158.91632653063,1068425.286,61.3297871724088,
2022-07,Bank of China,41000.0,10000.0,80200.0,48.87780548628429,
2022-07,Banco BCI Perú**,0.0,5000.0,19600.0,100.0,
2022-08,Banco BBVA Perú,54240799.928,5120438.973985433,73923767.347,26.626033987969876,
2022-08,Banco de Comercio,1719963.502,35025.49271592092,1854601.499,7.259672607435974,
2022-08,Banco de Crédito del Perú,86562979.08700001,10144699.775754424,125559205.031,31.0580382651929,
2022-08,Banco Pichincha,7082545.998,584533.2351716962,9329491.758,24.0843319045033,
2022-08,Banco Interamericano de Finanzas,8706882.748,1327715.7780957338,13810622.201,36.955173914108286,
2022-08,Scotiabank Perú,42877228.404,4128688.8847554633,58747908.48,27.014885272729284,
2022-08,Citibank,1295951.304,210369.1014568158,2104610.132,38.42321272261176,
2022-08,Interbank,32936351.847999997,2864193.7801768994,43946312.741,25.053207439467805,
2022-08,Mibanco,14110280.573999997,6534.307752341311,14135398.457,0.17769490599371487,
2022-08,Banco GNB,2754274.019,189451.20577523415,3482524.458,20.911567105496555,
2022-08,Banco Falabella Perú,3729522.404,85.95213319458897,3729852.806,0.00885831203494868,
2022-08,Santander Perú S.A.,2585895.466,1034820.1378772112,6563744.078,60.60334718613933,
2022-08,Banco Ripley,1590341.957,0.0,1590341.957,0.0,
2022-08,Alfin Banco,474542.36600000004,0.0,474542.366,0.0,
2022-08,B. ICBC,414429.556,201176.2952653486,1187751.236,65.10805095891308,
2022-08,Bank of China,41000.0,10000.0,79440.0,48.388721047331316,
2022-08,Banco BCI Perú**,19500.0,10000.0,57940.0,66.34449430445288,
2022-09,Banco BBVA Perú,53986144.653,5064304.590303944,74147141.229,27.19052446504135,
2022-09,Banco de Comercio,1740563.096,35175.41672946496,1880596.434,7.446219479537734,
2022-09,Banco de Crédito del Perú,86037829.26099999,9900207.175584026,125450554.029,31.41693958473001,
2022-09,Banco Pichincha,7112833.3889999995,575426.9881939212,9403608.233,24.360594223406753,
2022-09,Banco Interamericano de Finanzas,8627181.981,1301962.2690278825,13810293.777,37.530785946292326,
2022-09,Scotiabank Perú,42720765.67899999,4001364.037176589,58650195.914,27.160063128105595,
2022-09,Citibank,1388791.4619999998,210256.13288118565,2225821.129,37.60543271399596,
2022-09,Interbank,32896831.704,2982437.8972619944,44769916.978,26.520230716162484,
2022-09,Mibanco,14091490.282,6363.775684501382,14116824.476,0.17946099735865367,
2022-09,Banco GNB,2715125.7369999997,190412.44712383824,3473157.694,21.82544024158554,
2022-09,Banco Falabella Perú,3735688.403,83.91660386837478,3736022.475,0.008941916228706846,
2022-09,Santander Perú S.A.,2526686.735,1058025.9080633007,6738687.877,62.50476678666328,
2022-09,Banco Ripley,1569963.087,0.0,1569963.087,0.0,
2022-09,Alfin Banco,506158.689,0.0,506158.69,1.9756649624839798e-07,
2022-09,B. ICBC,342065.111,224858.52825923136,1237226.912,72.35227364663079,
2022-09,Bank of China,41000.0,10000.0,80810.0,49.263704987006555,
2022-09,Banco BCI Perú**,19500.0,15000.0,79215.0,75.38345010414695,
2022-10,Banco BBVA Perú,54114237.492,5126321.3854062185,74558007.179,27.419951874408728,
2022-10,Banco de Comercio,1754918.519,37283.127382146435,1903603.633,7.8107181254785845,
2022-10,Banco de Crédito del Perú,85822628.771,9931266.613590773,125428520.029,31.576463828834804,
2022-10,Banco Pichincha,7146869.088,567712.528335005,9410906.654,24.057592421636603,
2022-10,Banco Interamericano de Finanzas,8774191.939,1245531.1609829487,13741370.212,36.14761989792172,
2022-10,Scotiabank Perú,42562984.188999996,4013895.7006018055,58570400.246,27.33021456190785,
2022-10,Citibank,1335172.5080000001,184972.78986960882,2072843.997,35.58740986140887,
2022-10,Interbank,32913010.678000003,2931220.8227181546,44602719.324,26.208511102393604,
2022-10,Mibanco,14107950.432,6217.201604814443,14132744.634,0.17543798209125402,
2022-10,Banco GNB,2751667.653,170841.0667001003,3432981.831,19.84613410556672,
2022-10,Banco Falabella Perú,3800882.159,81.69057171514544,3801207.942,0.008570512452113075,
2022-10,Santander Perú S.A.,2519362.8350000004,1049240.1527081244,6703732.566,62.41850625459452,
2022-10,Banco Ripley,1614621.638,0.0,1614621.638,0.0,
2022-10,Alfin Banco,536026.453,0.0,536026.453,0.0,
2022-10,B. ICBC,343016.463,223300.6311434303,1233539.381,72.19250003012267,
2022-10,Bank of China,41000.0,20000.0,120760.0,66.04836038423318,
2022-10,Banco BCI Perú**,39000.0,25000.0,138700.0,71.8817591925018,
2022-11,Banco BBVA Perú,53925057.654,5038266.658099689,73332460.824,26.464955562555474,
2022-11,Banco de Comercio,1775979.125,36983.493769470406,1918439.545,7.425848803591043,
2022-11,Banco de Crédito del Perú,85457193.797,9873011.326323988,123488033.431,30.79718623525578,
2022-11,Banco Pichincha,7202950.875,584479.7074247145,9454366.711,23.813502319309386,
2022-11,Banco Interamericano de Finanzas,8836826.079,1239407.3073727933,13611023.029,35.075959682295526,
2022-11,Scotiabank Perú,43010693.833000004,3972835.7261163034,58314057.053,26.24300896453012,
2022-11,Citibank,1213230.4519999998,181209.65680166148,1911250.052,36.5216262136693,
2022-11,Interbank,33413326.391,3132386.379543095,45479278.728,26.53065896045404,
2022-11,Mibanco,14129244.356,6032.4657320872275,14152481.417,0.16419071903593105,
2022-11,Banco GNB,2746390.444,176057.59190031156,3424564.29,19.80321549168522,
2022-11,Banco Falabella Perú,3853611.199,79.17419522326064,3853916.179,0.007913508904573957,
2022-11,Santander Perú S.A.,2486203.097,1002246.2845275182,6346855.787,60.82779914280727,
2022-11,Banco Ripley,1647953.28,0.0,1647953.28,0.0,
2022-11,Alfin Banco,556252.202,0.0,556252.202,0.0,
2022-11,B. ICBC,282602.266,213947.73286604363,1106728.934,74.46508740142868,
2022-11,Bank of China,41000.0,20000.0,118040.0,65.26601152151812,
2022-11,Banco BCI Perú,39000.0,32500.0,164190.0,76.24703087885986,
2022-12,Banco BBVA Perú,54129827.587,4979086.5742003145,73120063.785,25.97130693681875,
2022-12,Banco de Comercio,1769081.74,38355.808075511275,1915370.794,7.637636245590576,
2022-12,Banco de Crédito del Perú,84050810.127,10176251.06659675,122863031.698,31.58982896206019,
2022-12,Banco Pichincha,7209461.289000001,558231.701363398,9338557.002,22.79897967688177,
2022-12,Banco Interamericano de Finanzas,8764553.735,1286475.968536969,13671173.082,35.890258411403245,
2022-12,Scotiabank Perú,42486787.756000005,3919329.677503933,57435111.15,26.02645506328056,
2022-12,Citibank,1198737.233,194303.94625065548,1939812.487,38.203447960380096,
2022-12,Interbank,33523162.85,3079821.740167803,45269602.971,25.947742745888107,
2022-12,Mibanco,13945833.383000001,5364.976927110645,13966295.407,0.14651003293072723,
2022-12,Banco GNB,2771757.327,175226.44362873622,3440070.987,19.427321776950297,
2022-12,Banco Falabella Perú,3940818.6119999997,77.0277923439958,3941112.397,0.007454367457872556,
2022-12,Santander Perú S.A.,2313603.606,938135.7884111169,5891653.504,60.730827017759395,
2022-12,Banco Ripley,1718031.686,0.0,1718031.686,0.0,
2022-12,Alfin Banco,574878.901,0.0,574878.902,1.7394968645021717e-07,
2022-12,B. ICBC,318706.353,223117.8867330886,1169677.974,72.75264131801117,
2022-12,Bank of China,41000.0,20000.0,117280.0,65.04092769440655,
2022-12,Banco BCI Perú,79000.0,35083.33324593603,212807.833,62.87730630667152,
2023-01,Banco BBVA Perú,53133501.868,4969296.253898129,72255353.857,26.464270075881018,
2023-01,Banco de Comercio,1758229.39,38759.48180873181,1907375.88,7.819459791008786,
2023-01,Banco de Crédito del Perú,83315376.737,10071998.309511434,122072426.235,31.749225188159457,
2023-01,Banco Pichincha,7203037.954,528590.6702182952,9237054.857,22.020188626016303,
2023-01,Banco Interamericano de Finanzas,8655365.983,1302440.041839917,13667155.268,36.670317902471645,
2023-01,Scotiabank Perú,42252908.095,3978051.7115384615,57560451.085,26.59385515828433,
2023-01,Citibank,1347342.1439999999,154043.18503118504,1940100.323,30.55296532724716,
2023-01,Interbank,33274948.33,3053169.2557172556,45023543.63,26.094337212879225,
2023-01,Mibanco,13803089.010000002,5160.567047817049,13822946.876,0.14365870156440094,
2023-01,Banco GNB,2604864.535,198811.93373180873,3369892.859,22.701858961386048,
2023-01,Banco Falabella Perú,3890213.121,74.82198544698545,3890501.039,0.007400537799986521,
2023-01,Santander Perú S.A.,2349755.21,1033217.2221933472,6325575.083,62.853097478599636,
2023-01,Banco Ripley,1701560.81,0.0,1701560.81,0.0,
2023-01,Alfin Banco,595392.492,0.0,595392.493,1.6795644205367085e-07,
2023-01,B. ICBC,313735.933,229357.03196465698,1196301.793,73.77451619350704,
2023-01,Bank of China,41000.0,20000.0,117960.0,65.24245506951509,
2023-01,Banco BCI Perú,130447.0,42083.33316008316,292383.666,55.38499062392904,
2023-02,Banco BBVA Perú,52865523.454,5086183.033368366,72223536.083,26.802914505257096,
2023-02,Banco de Comercio,1777194.655,38169.0310036784,1922465.99,7.55651001139427,
2023-02,Banco de Crédito del Perú,82141156.26099999,10022278.725959012,120285949.096,31.71176111729951,
2023-02,Banco Pichincha,7199820.899,539438.4167104572,9252923.516,22.188691103409745,
2023-02,Banco Interamericano de Finanzas,8705196.111,1283850.1897004729,13591529.936,35.951315620896565,
2023-02,Scotiabank Perú,41710220.406,4048940.0593799264,57120486.274,26.978527098104227,
2023-02,Citibank,1312153.091,162170.79795060432,1929375.15,31.990774785297717,
2023-02,Interbank,33062950.707,3026278.493168681,44580966.656,25.836173625117738,
2023-02,Mibanco,13822740.969,5835.111928533895,13844949.409,0.16040824234115827,
2023-02,Banco GNB,2537985.741,195332.4282711508,3281420.966,22.655893062883543,
2023-02,Banco Falabella Perú,3861907.057,72.54860746190226,3862183.179,0.0071493760705432854,
2023-02,Santander Perú S.A.,2338379.363,997180.1594850236,6133647.05,61.87619952797904,
2023-02,Banco Ripley,1702320.735,0.0,1702320.735,0.0,
2023-02,Alfin Banco,622355.087,0.0,622355.088,1.6067996395686726e-07,
2023-02,B. ICBC,297407.86,233398.97635312664,1185724.365,74.91762261290802,
2023-02,Bank of China,21000.0,20000.0,97120.0,78.37726523887973,
2023-02,Banco BCI Perú,126947.0,39351.13215974777,276717.409,54.12395611148556,
2023-03,Banco BBVA Perú,53801887.785000004,5331606.784423179,73859392.513,27.15633590469847,
2023-03,Banco de Comercio,1788542.165,38853.43620414673,1934708.796,7.554968029410874,
2023-03,Banco de Crédito del Perú,81133527.66,10037450.577086657,118894416.735,31.760018772928632,
2023-03,Banco Pichincha,7197275.559,537204.1294524189,9218237.498,21.923517803034144,
2023-03,Banco Interamericano de Finanzas,8738909.997,1295433.8096757042,13612331.993,35.801521726814386,
2023-03,Scotiabank Perú,41697089.589999996,4008642.580542265,56777602.981,26.56067286962877,
2023-03,Citibank,1290920.6900000002,189262.9274322169,2002927.825,35.5483171242079,
2023-03,Interbank,34278616.316,3021925.9545454546,45647101.759,24.90516375611632,
2023-03,Mibanco,13869450.174,5620.689261031366,13890595.209,0.15222555032270935,
2023-03,Banco GNB,2502101.46,195736.39500265816,3238461.78,22.737965429994976,
2023-03,Banco Falabella Perú,3879330.0470000003,69.48617756512493,3879591.456,0.00673805484325511,
2023-03,Santander Perú S.A.,2314336.363,1083466.5754917597,6390337.621,63.7838170647729,
2023-03,Banco Ripley,1725997.667,0.0,1725997.667,0.0,
2023-03,Alfin Banco,663211.483,0.0,663211.483,0.0,
2023-03,B. ICBC,301116.432,229350.88437001596,1163934.46,74.12943405765303,
2023-03,Bank of China,63000.0,20000.0,138240.0,54.427083333333336,
2023-03,Banco BCI Perú,152447.0,40426.2341839447,304530.493,49.940316814185174,
2023-04,Banco BBVA Perú,53766879.779,5362012.300403768,73686755.476,27.033183328974175,
2023-04,Banco de Comercio,1780405.008,38724.96150740242,1924268.24,7.476256636652699,
2023-04,Banco de Crédito del Perú,81243998.579,10166618.241991926,119012985.348,31.73518138257063,
2023-04,Banco Pichincha,7177760.997,533598.6314939435,9160079.914,21.64084741193449,
2023-04,Banco Interamericano de Finanzas,8656018.228,1296774.7160161508,13473536.299,35.755409449244254,
2023-04,Scotiabank Perú,42130436.085,4093352.8670255723,57337241.986,26.521690570176077,
2023-04,Citibank,1255902.722,159960.3259757739,1850155.334,32.11906595513996,
2023-04,Interbank,34518935.42,3062311.195693136,45895421.513,24.78784531868299,
2023-04,Mibanco,13888658.77,5482.464602960969,13909026.127,0.14643266044675807,
2023-04,Banco GNB,2544561.491,177238.9668909825,3203004.253,20.55703676894244,
2023-04,Banco Falabella Perú,3910386.763,67.6,3910637.898,0.006421842332389787,
2023-04,Santander Perú S.A.,2277104.941,1075262.2091520862,6271704.048,63.69240443151727,
2023-04,Banco Ripley,1747526.298,0.0,1747526.298,0.0,
2023-04,Alfin Banco,677571.189,0.0,677571.189,0.0,
2023-04,B. ICBC,273929.359,240045.19165545088,1165697.247,76.50081445203928,
2023-04,Bank of China,64000.0,21000.0,142015.0,54.93433792205049,
2023-04,Banco BCI Perú,140147.0,40311.94212651413,289905.865,51.65775621683266,
2023-05,Banco BBVA Perú,53268308.746,5380218.174775754,73062131.412,27.091767353982487,
2023-05,Banco de Comercio,1781669.583,42639.029899429195,1938538.574,8.09212636281541,
2023-05,Banco de Crédito del Perú,80942006.142,10121559.684425116,118179224.221,31.509106887827315,
2023-05,Banco Pichincha,7168405.42,518085.18211470504,9074440.806,21.004439025485006,
2023-05,Banco Interamericano de Finanzas,8683694.41,1285706.6140255504,13413809.043,35.263023484506895,
2023-05,Scotiabank Perú,41651028.109,4116336.517803751,56795030.158,26.66430849120142,
2023-05,Citibank,1299078.891,143843.01875509648,1828277.358,28.945196125980786,
2023-05,Interbank,34516026.65,3185071.8325631963,46233905.922,25.344774659032538,
2023-05,Mibanco,13985121.667,5272.334873606957,14004518.587,0.1385047253106261,
2023-05,Banco GNB,2535951.695,204642.85974449577,3288832.776,22.892045059088776,
2023-05,Banco Falabella Perú,3903929.971,65.71758630062517,3904171.747,0.006192760351433145,
2023-05,Santander Perú S.A.,2303072.685,1106225.5330252785,6372876.421,63.86133147959876,
2023-05,Banco Ripley,1758376.171,0.0,1758376.171,0.0,
2023-05,Alfin Banco,688203.552,0.0,688203.552,0.0,
2023-05,B. ICBC,271965.742,238696.79478119052,1150131.25,76.35350382836741,
2023-05,Bank of China,63005.496,26999.999999999996,162338.496,61.18881377341331,
2023-05,Banco BCI Perú,165647.0,50619.77629790704,351877.157,52.924764593343575,
2023-06,Banco BBVA Perú,52993683.103,5334886.613836825,72348651.738,26.752355669447965,
2023-06,Banco de Comercio,1784352.983,45478.218302094814,1949347.96,8.464111096922888,
2023-06,Banco de Crédito del Perú,79850881.451,10163560.696251377,116724279.657,31.59016985528142,
2023-06,Banco Pichincha,7107412.746,500504.9966923925,8923244.875,20.349459803432772,
2023-06,Banco Interamericano de Finanzas,8791312.936,1316875.4644432194,13568937.122,35.21001050446167,
2023-06,Scotiabank Perú,41361129.902,4100134.448180816,56236417.68,26.45134308277653,
2023-06,Citibank,1227915.488,141718.56560088202,1742070.444,29.514016368904084,
2023-06,Interbank,34568720.364,3247501.708654906,46350656.564,25.41913550616431,
2023-06,Mibanco,14067064.239,5354.06835722161,14086488.799,0.13789497352512337,
2023-06,Banco GNB,2504695.625,211453.24889746416,3271848.012,23.447066739847084,
2023-06,Banco Falabella Perú,3886402.651,64.46802646085997,3886636.542,0.006017825373490471,
2023-06,Santander Perú S.A.,2341077.762,1150745.842888644,6515983.68,64.07176756464804,
2023-06,Banco Ripley,1753607.086,0.0,1753607.086,0.0,
2023-06,Alfin Banco,702065.744,0.0,702065.744,0.0,
2023-06,B. ICBC,285459.581,222271.29575523705,1091859.842,73.85565710731579,
2023-06,Bank of China,63005.496,27000.0,160961.496,60.856790247526035,
2023-06,Banco BCI Perú,184110.0,50526.498070562295,367420.135,49.891151174934926,
2023-07,Banco BBVA Perú,52949517.121,5211981.594512194,71754346.715,26.207234063032615,
2023-07,Banco de Comercio,1790411.892,46553.836197339246,1958378.133,8.576803333822761,
2023-07,Banco de Crédito del Perú,80891162.406,10150805.39717295,117515268.279,31.165402087198167,
2023-07,Banco Pichincha,7087556.893,474418.75859201775,8799259.775,19.452805415100954,
2023-07,Banco Interamericano de Finanzas,8859623.178,1320539.881097561,13624131.069,34.97109552800061,
2023-07,Scotiabank Perú,41233022.141,3930898.0288248337,55415702.23,25.593251584425502,
2023-07,Citibank,1379456.281,124127.80958980044,1827309.419,24.508883571841316,
2023-07,Interbank,34459099.971,3250499.4817073173,46186902.101,25.392051851310637,
2023-07,Mibanco,13871105.623,5199.050166297117,13889863.796,0.13504936603771733,
2023-07,Banco GNB,2499831.467,214535.70011086474,3273876.274,23.64306840631693,
2023-07,Banco Falabella Perú,3892173.412,63.22588691796009,3892401.531,0.005860623529796567,
2023-07,Santander Perú S.A.,2303806.862,1156121.203436807,6475092.165,64.42047768133968,
2023-07,Banco Ripley,1742154.68,0.0,1742154.68,0.0,
2023-07,Alfin Banco,732335.96,0.0,732335.96,0.0,
2023-07,B. ICBC,301628.144,227069.74362527716,1120895.779,73.09043805400931,
2023-07,Bank of China,63000.0,27000.0,160416.0,60.727109515260324,
2023-07,Banco BCI Perú,185928.36,87788.705654102,502670.01,63.01184548487386,
2023-08,Banco BBVA Perú,52782176.738,5287127.759945872,72318113.811,27.013891877844408,
2023-08,Banco de Comercio,1780164.448,48044.34018944519,1957688.286,9.068033929074652,
2023-08,Banco de Crédito del Perú,80075906.898,10157406.223815966,117607522.895,31.912597998095944,
2023-08,Banco Pichincha,7136209.667,469874.44194857916,8872395.731,19.568402003686508,
2023-08,Banco Interamericano de Finanzas,8943513.742,1317366.345872801,13811182.39,35.2444020399328,
2023-08,Scotiabank Perú,41069087.99,4066149.026522327,56093508.644,26.784597749720323,
2023-08,Citibank,1385674.401,128147.09472259809,1859177.916,25.46843478104222,
2023-08,Interbank,34545770.85,3262919.4968876857,46602258.392,25.871037065597836,
2023-08,Mibanco,13742003.873,5083.4175913396475,13760787.101,0.1364982094566025,
2023-08,Banco GNB,2586863.284,217594.47631935045,3390874.874,23.71103682311811,
2023-08,Banco Falabella Perú,3825564.047,61.36617050067658,3825790.796,0.005926853089755349,
2023-08,Santander Perú S.A.,2255550.676,1194410.0646820026,6668895.865,66.17804923544116,
2023-08,Banco Ripley,1695823.595,0.0,1695823.595,0.0,
2023-08,Alfin Banco,742477.654,0.0,742477.654,0.0,
2023-08,B. ICBC,281743.517,229645.24790257102,1130282.709,75.07318171316022,
2023-08,Bank of China,63000.0,26999.999999999996,162765.0,61.293889964058614,
2023-08,Banco BCI Perú,334188.36,116601.27523680648,765030.072,56.31696423039434,
2023-09,Banco BBVA Perú,53382398.529,5311730.30714474,73529791.585,27.40031301830868,
2023-09,Banco de Comercio,1774460.883,44049.96519905089,1941542.402,8.60560752254949,
2023-09,Banco de Crédito del Perú,79730104.248,10257954.063274452,118638524.01,32.795771935531185,
2023-09,Banco Pichincha,7230940.58,473228.09912997624,9025894.76,19.886717358534764,
2023-09,Banco Interamericano de Finanzas,9011649.725,1293163.1679409437,13916617.622,35.24540251250427,
2023-09,Scotiabank Perú,39735400.001,3965832.547851305,54777802.855,27.460763429701814,
2023-09,Citibank,1470271.22,120861.03796467176,1928697.137,23.7686834394881,
2023-09,Interbank,34282776.124,3410126.9546533087,47217387.663,27.39374662426674,
2023-09,Mibanco,13437324.156,4971.233060901661,13456180.044,0.14012808938602123,
2023-09,Banco GNB,2642090.82,227308.53836013708,3504272.107,24.60371970766025,
2023-09,Banco Falabella Perú,3752884.19,60.099920906933825,3753112.149,0.006073865926468602,
2023-09,Santander Perú S.A.,2166540.83,1224212.6857368837,6809979.547,68.18579534567874,
2023-09,Banco Ripley,1659203.825,0.0,1659203.825,0.0,
2023-09,Alfin Banco,753067.85,397.6511995781703,754576.142,0.19988599109458932,
2023-09,B. ICBC,269770.269,228499.80464012653,1136470.028,76.26243874862664,
2023-09,Bank of China,63000.0,27000.0,165411.0,61.91305294085642,
2023-09,Banco BCI Perú,354333.36,125795.3437911943,831475.099,57.38497034653831,
2023-10,Banco BBVA Perú,53898476.813,5290671.275143303,74204073.168,27.36453066265997,
2023-10,BANCOM,1778976.052,43731.2472642001,1946816.579,8.621280957357207,
2023-10,Banco de Crédito del Perú,79933831.079,10056292.343147472,118529881.092,32.56229539540556,
2023-10,Banco Pichincha,7142541.014,455569.92470036476,8891018.386,19.665659164007486,
2023-10,Banco Interamericano de Finanzas,9179267.307,1314851.0752996353,14225665.734,35.47389993101604,
2023-10,Scotiabank Perú,39914026.203,3851760.4869723814,54697082.953,27.027139203570975,
2023-10,Citibank,1493447.143,124755.94476289734,1972260.459,24.277387594272106,
2023-10,Interbank,34188486.056,3320785.1023970814,46933659.28,27.155720264563183,
2023-10,Mibanco,13328723.163,4960.848879624805,13347762.902,0.14264367100158173,
2023-10,Banco GNB,2700105.28,227781.7139134966,3574331.499,24.458453818415684,
2023-10,Banco Falabella Perú,3776763.869,58.551328817092234,3776988.589,0.0059497135007151826,
2023-10,Santander Perú S.A.,2256936.971,1149589.2959874936,6669060.69,66.15809818039008,
2023-10,Banco Ripley,1656557.751,0.0,1656557.751,0.0,
2023-10,Alfin Banco,687486.872,835.8858780614904,690695.002,0.464478531147675,
2023-10,B. ICBC,268481.301,206875.48332464826,1062469.406,74.73044405007555,
2023-10,Bank of China,41000.0,27000.0,144626.0,71.65101710619113,
2023-10,Banco BCI Perú,317833.36,128588.35383011986,811355.462,60.82686628909389,
2023-11,Banco BBVA Perú,54472733.652,5336283.897483939,74409090.294,26.79290468843102,
2023-11,BANCOM,1760919.234,40718.68335117772,1913044.236,7.951985591199893,
2023-11,Banco de Crédito del Perú,79860172.272,10218026.524892934,118034719.369,32.34179511001231,
2023-11,Banco Pichincha,7124928.609,448282.8993576017,8799713.522,19.0322663210899,
2023-11,Banco Interamericano de Finanzas,9298755.035,1332868.999197002,14278353.617,34.87515938862323,
2023-11,Scotiabank Perú,39816126.267,3668784.630620985,53522705.647,25.60890600411616,
2023-11,Citibank,1517329.818,128054.278372591,1995740.602,23.97159147439142,
2023-11,Interbank,34231972.064,3279976.7920235544,46485965.36,26.36062992583187,
2023-11,Mibanco,13317736.153,4707.851980728051,13335324.688,0.1318943138731793,
2023-11,Banco GNB,2791280.943,241300.95182012848,3692781.299,24.412503286997396,
2023-11,Banco Falabella Perú,3751373.387,56.85198072805139,3751585.786,0.005661579185856926,
2023-11,Santander Perú S.A.,2281185.39,1128809.573608137,6498417.958,64.89629622558051,
2023-11,Banco Ripley,1640356.627,0.0,1640356.627,0.0,
2023-11,Alfin Banco,695287.779,1515.7497323340472,700950.621,0.8078803028837123,
2023-11,B. ICBC,205321.402,204110.68950749462,967878.939,78.78645833412436,
2023-11,Bank of China,64000.0,27000.0,164872.0,61.18200786064341,
2023-11,Banco BCI Perú,324980.86,126301.74223768736,796844.169,59.21651024844231,
2023-12,Banco BBVA Perú,54661949.87,5440414.622270153,74840447.705,26.962021812774246,
2023-12,BANCOM,1728448.24,42017.68805607981,1884291.845,8.270672370287734,
2023-12,Banco de Crédito del Perú,79855431.698,10426857.794553788,118528647.259,32.62773722245743,
2023-12,Banco Pichincha,7141139.857,431307.9940684821,8740861.207,18.301644564712745,
2023-12,Banco Interamericano de Finanzas,9062782.627,1351262.8856834725,14074616.67,35.609026949079954,
2023-12,Scotiabank Perú,39351504.766,3553844.153410623,52532712.732,25.091428331990063,
2023-12,Citibank,1433653.729,143564.4990563494,1966134.457,27.082620219803204,
2023-12,Interbank,34207899.287,3391874.1229441897,46788360.41,26.88801448214714,
2023-12,Mibanco,13147960.057,4613.804799137233,13165072.66,0.12998487317122123,
2023-12,Banco GNB,2858876.472,199057.29603666757,3597179.984,20.52450851177649,
2023-12,Banco Falabella Perú,3775133.701,54.37018064168239,3775335.36,0.005341485742871465,
2023-12,Santander Perú S.A.,2283756.299,1120590.0118630358,6440024.654,64.53808142517711,
2023-12,Banco Ripley,1633027.862,0.0,1633027.862,0.0,
2023-12,Alfin Banco,692002.669,7118.693987597735,718405.906,3.6752533323410574,
2023-12,B. ICBC,245821.256,215554.57589646804,1045313.179,76.4834825640326,
2023-12,Bank of China,65000.0,38000.0,205942.0,68.43771547328859,
2023-12,Banco BCI Perú,398731.86,142823.08223240767,928462.672,57.05461597706537,
2024-01,Banco BBVA Perú,53662775.109,5412997.5128811775,74253817.649,27.730618023351305,
2024-01,BANCOM,1748632.64,39138.83859095688,1897516.782,7.846262199751128,
2024-01,Banco de Crédito del Perú,78441611.757,10032517.564143008,116605308.572,32.72895315176423,
2024-01,Banco Pichincha,7128539.061,445172.50499474234,8821975.271,19.1956580922046,
2024-01,Banco Interamericano de Finanzas,9112126.984,1320659.1905888538,14135914.545,35.539176082363625,
2024-01,Scotiabank Perú,39063772.954,3560658.5638801255,52608518.132,25.746296719506308,
2024-01,Citibank,1410773.591,138047.81545741323,1935907.481,27.125980717257214,
2024-01,Interbank,34005913.377,3285713.8843322815,46504768.993,26.876502962269004,
2024-01,Mibanco,13005146.03,4303.19716088328,13021515.392,0.12571011519948286,
2024-01,Banco GNB,2863052.415,200994.71713985276,3627636.319,21.07664155845607,
2024-01,Banco Falabella Perú,3622984.844,53.068874868559405,3623186.718,0.005571724995483274,
2024-01,Santander Perú S.A.,2272446.83,1148385.275236593,6640904.417,65.78106403424839,
2024-01,Banco Ripley,1556808.855,0.0,1556808.855,0.0,
2024-01,Alfin Banco,674399.202,16441.258412197683,736941.75,8.48676954453998,
2024-01,B. ICBC,231882.681,212669.68533123028,1040878.165,77.72239933575703,
2024-01,Bank of China,64000.0,38000.0,208552.0,69.31220990448426,
2024-01,Banco BCI Perú,370204.72,132843.9208727655,875542.995,57.717128443246814,
2024-02,Banco BBVA Perú,54139010.592,5413958.607142857,74603774.127,27.431271104545313,
2024-02,BANCOM,1732953.698,40469.4791005291,1885928.329,8.111370334052594,
2024-02,Banco de Crédito del Perú,78702848.812,9786437.605820104,115695582.963,31.97419746165283,
2024-02,Banco Pichincha,7126304.018,445925.54259259254,8811902.569,19.128656244224526,
2024-02,Banco Interamericano de Finanzas,9192210.233,1324202.0820105819,14197694.103,35.25561146540221,
2024-02,Scotiabank Perú,38922674.455,3343115.076190476,51559649.444,24.50942767313668,
2024-02,Citibank,1519808.929,127352.53835978835,2001201.525,24.055178350915956,
2024-02,Interbank,33661858.149,3236042.8103174604,45894099.973,26.653190347335197,
2024-02,Mibanco,12942813.629,4219.02619047619,12958761.549,0.1230666984626366,
2024-02,Banco GNB,2903370.403,190430.82328042327,3623198.916,19.867209327681312,
2024-02,Banco Falabella Perú,3554254.984,51.414550264550265,3554449.332,0.005467738652231977,
2024-02,Santander Perú S.A.,2058066.514,1129573.4087301588,6327853.999,67.47607460087987,
2024-02,Banco Ripley,1509290.693,0.0,1509290.693,0.0,
2024-02,Alfin Banco,689196.504,16351.248148148148,751004.222,8.23000939134534,
2024-02,B. ICBC,170457.129,220242.1333333333,1002972.394,83.00480352004584,
2024-02,Bank of China,41000.0,38000.0,184640.0,77.79462738301561,
2024-02,Banco BCI Perú,381820.842,107266.88835978835,787289.68,51.50186117008418,
2024-03,Banco BBVA Perú,54448614.995,5868279.227003766,76266877.161,28.60778227478945,
2024-03,BANCOM,1715976.313,41531.51317912856,1870390.48,8.255718185648588,
2024-03,Banco de Crédito del Perú,78045269.674,9763289.389994621,114345179.626,31.745903124845036,
2024-03,Banco Pichincha,7085269.475,468111.94082840235,8825709.671,19.720116125265644,
2024-03,Banco Interamericano de Finanzas,9284865.37,1299824.9714900483,14117614.615,34.23205248757246,
2024-03,Scotiabank Perú,39150092.022,3304110.197149005,51434773.735,23.88400068850813,
2024-03,Citibank,1421736.587,192527.76116191503,2137554.803,33.48771292297949,
2024-03,Interbank,34136681.477,3219803.4284561593,46107910.625,25.963503845062817,
2024-03,Mibanco,12952039.839,4067.703335126412,12967163.561,0.11663091877306966,
2024-03,Banco GNB,2969747.501,191290.24825174827,3680964.645,19.321488049771798,
2024-03,Banco Falabella Perú,3535280.176,50.231307154384076,3535466.937,0.005282498841819615,
2024-03,Santander Perú S.A.,2050589.945,1137932.0836471221,6281421.432,67.35468289783107,
2024-03,Banco Ripley,1469493.368,0.0,1469493.368,0.0,
2024-03,Alfin Banco,713537.924,15892.188004303389,772625.08,7.647584517965682,
2024-03,B. ICBC,138344.011,204143.38515330825,897349.118,84.58303371286091,
2024-03,Bank of China,41000.0,44000.0,204592.0,79.96011574255103,
2024-03,Banco BCI Perú,417422.229,121846.93275954814,870449.126,52.045189485318645,
2024-04,Banco BBVA Perú,54648696.846,5687461.831331732,75959616.329,28.05559126404365,
2024-04,BANCOM,1702149.99,38873.78489458233,1847810.062,7.882848729719708,
2024-04,Banco de Crédito del Perú,79898889.658,10210107.33066453,118156161.826,32.378567124022446,
2024-04,Banco Pichincha *,6986310.129,477913.33947157726,8777051.413,20.402538389460393,
2024-04,Banco Interamericano de Finanzas,9310126.369,1271187.7702161728,14073266.945,33.84530823308418,
2024-04,Scotiabank Perú,39681456.574,3315021.4123298638,52102841.806,23.840130022561635,
2024-04,Citibank,1455545.761,159176.51881505203,2051980.178,29.066285502880724,
2024-04,Interbank **,34242651.172,3245089.1668001064,46402000.281,26.20436411224891,
2024-04,Mibanco,12876566.686,3949.0603149186013,12891363.816,0.11478327825667003,
2024-04,Banco GNB,2986631.17,196793.04963971177,3724014.728,19.800769112318083,
2024-04,Banco Falabella Perú,3529374.966,49.026688017080325,3529558.67,0.0052047300293186684,
2024-04,Santander Perú S.A.,2127048.238,1064936.8550840672,6117366.635,65.22934842861515,
2024-04,Banco Ripley,1433271.975,0.0,1433271.975,0.0,
2024-04,Alfin Banco,716539.283,15786.167600747262,775690.054,7.6255678018529744,
2024-04,B. ICBC,234512.889,204254.12570056043,999853.098,76.54526555260021,
2024-04,Bank of China,41000.0,39095.37736856151,187490.379,78.13221125335717,
2024-04,Banco BCI Perú,423512.317,107305.30958099812,825585.312,48.70156834863846,
2024-05,Banco BBVA Perú,55263945.435,5383253.711342964,75386547.808,26.692563803624115,
2024-05,BANCOM,1697033.708,39052.02113429641,1843010.163,7.920545308463383,
2024-05,Banco de Crédito del Perú,80237467.118,10458234.170679508,119330346.449,32.760216067677064,
2024-05,Banco Pichincha,6795447.387,486610.80042803637,8614398.56,21.11524281504802,
2024-05,Banco Interamericano de Finanzas,9318818.188,1319050.4510433387,14249428.774,34.602163105629636,
2024-05,Scotiabank Perú,39676130.138,3377966.934724452,52302970.54,24.1417270790448,
2024-05,Citibank,1445348.284,184250.90502942752,2134078.168,32.27294549596836,
2024-05,Interbank,34536363.154,3299120.670411985,46868476.221,26.312169844929684,
2024-05,Mibanco,12808981.023,3830.8587479935795,12823300.774,0.11166977404939533,
2024-05,Banco GNB,2936502.614,201912.61637239164,3691251.975,20.446974796403598,
2024-05,Banco Falabella Perú,3507389.555,47.837078651685395,3507568.371,0.005098004688320939,
2024-05,Santander Perú S.A.,2111664.665,1045498.4015516319,6019737.691,64.92098537520809,
2024-05,Banco Ripley,1421050.912,0.0,1421050.912,0.0,
2024-05,Alfin Banco,707780.818,15024.550561797752,763942.589,7.351569582410081,
2024-05,B. ICBC,223201.1,198462.1832530765,965052.742,76.8716164116137,
2024-05,Bank of China,41000.0,39093.73167469235,187132.369,78.09037516112458,
2024-05,Banco BCI Perú,504148.786,140854.1391118245,1030661.558,51.08493354711886,
2024-06,Banco BBVA Perú,56692537.314,5381809.555990603,77310249.723,26.668795512719935,
2024-06,BANCOM,1670497.755,36462.51970764813,1810185.668,7.716772675276765,
2024-06,Banco de Crédito del Perú,80271400.232,10427014.285565125,120217291.96,33.22807482744764,
2024-06,Banco Pichincha,6718174.714,496497.8548681805,8620257.997,22.065270942725355,
2024-06,Banco Interamericano de Finanzas,9191915.817,1382694.8258940221,14489019.696,36.55943597386632,
2024-06,Scotiabank Perú,38890289.226,3351793.0020882273,51731008.217,24.822093041635792,
2024-06,Citibank,1381704.001,169036.07856956404,2029281.218,31.911654789681304,
2024-06,Interbank,35454195.136,3269683.983816236,47980354.478,26.10685035214466,
2024-06,Mibanco,12586490.239,3710.636648394675,12600705.689,0.1128147133252138,
2024-06,Banco GNB,2957985.804,207966.63142782563,3754705.969,21.21924250734852,
2024-06,Banco Falabella Perú,3454466.52,46.63090576872879,3454645.163,0.005171095483653771,
2024-06,Santander Perú S.A.,2035356.173,1064917.8976768467,6115056.64,66.71566114880663,
2024-06,Banco Ripley,1382947.528,0.0,1382947.528,0.0,
2024-06,Alfin Banco,676186.329,14996.471939441397,733637.814,7.831041953352747,
2024-06,B. ICBC,186497.883,218289.73662229182,1022765.865,81.76533951883503,
2024-06,Bank of China,41000.0,37999.99999999999,186578.0,78.02527629195296,
2024-06,Banco BCI Perú,517546.036,169326.4980422866,1166235.85,55.6225238659916,
2024-07,Banco BBVA Perú,56482361.577,5402791.438525693,76564537.355,26.229082642903933,
2024-07,BANCOM,1659332.249,37916.62119989239,1800268.33,7.828615248705731,
2024-07,Banco de Crédito del Perú,79099479.448,10345657.397901533,117554287.997,32.71238268227303,
2024-07,Banco Pichincha,6528583.271,481317.46273876785,8317640.281,21.50918950037725,
2024-07,Banco Interamericano de Finanzas,9126755.997,1409369.304277643,14365381.701,36.46701363762113,
2024-07,Scotiabank Perú,39359054.806,3321246.2276029056,51704127.034,23.876376870035987,
2024-07,Citibank,1368033.712,133932.85310734462,1865862.128,26.680878963635834,
2024-07,Interbank,35640342.101,3191626.5808447674,47503618.102,24.97341565757604,
2024-07,Mibanco,12265610.586,3559.778046811945,12278842.282,0.10776012669693857,
2024-07,Banco GNB,2953486.356,210257.49152542374,3735013.453,20.924344900880335,
2024-07,Banco Falabella Perú,3390569.161,44.592682270648375,3390734.912,0.004888350292839521,
2024-07,Santander Perú S.A.,2067858.48,1031908.7177831584,5903463.185,64.97211187402365,
2024-07,Banco Ripley,1344658.849,0.0,1344658.849,0.0,
2024-07,Alfin Banco,649551.398,14609.132633844498,703853.545,7.714978120910082,
2024-07,B. ICBC,187099.74,265031.52892117295,1172221.934,84.03888081486795,
2024-07,Bank of China,41000.0,38000.0,182246.0,77.50293559255073,
2024-07,Banco BCI Perú,547994.742,196975.1342480495,1280151.316,57.19297124090915,
2024-08,Banco BBVA Perú,56964915.93,5387150.786591881,77134408.476,26.148502263131558,
2024-08,BANCOM,1634794.688,40245.935096153844,1785475.469,8.439252379333585,
2024-08,Banco de Crédito del Perú,78899600.246,10157238.772970084,116928302.213,32.5230942785142,
2024-08,Banco Pichincha,6544821.262,483505.4983974358,8355065.848,21.66643110818006,
2024-08,Banco Interamericano de Finanzas,9147628.914,1390760.315972222,14354635.537,36.27404269219238,
2024-08,Scotiabank Perú,39883100.758,3139165.987980769,51636138.217,22.76126345779008,
2024-08,Citibank,1235961.628,158240.88514957263,1828415.502,32.40258427868,
2024-08,Interbank,35976344.672,3282443.441773504,48265812.918,25.462055859038124,
2024-08,Mibanco,12093614.772,3440.986645299145,12106497.827,0.10641438328488209,
2024-08,Banco GNB,3035622.499,228476.10096153844,3891037.021,21.984229843697502,
2024-08,Banco Falabella Perú,3270567.946,43.0176282051282,3270729.005,0.0049242538820452346,
2024-08,Santander Perú S.A.,1913201.157,1002986.1741452991,5668381.393,66.24784000309769,
2024-08,Banco Ripley,1314153.0,0.0,1314153.0,0.0,
2024-08,Alfin Banco,636245.425,15433.003205128203,694026.589,8.325497166218799,
2024-08,B. ICBC,147568.204,271808.1701388889,1165217.994,87.33557113262361,
2024-08,Bank of China,50000.0,38000.0,192272.0,73.99517350420238,
2024-08,Banco BCI Perú,553756.397,186688.88247863247,1252719.574,55.795661815051986,
2024-09,Banco BBVA Perú,56850856.099,5546905.8358048,77424329.845,26.57236270199195,
2024-09,BANCOM,1647066.374,37617.44782960367,1786589.489,7.809466912183316,
2024-09,Banco de Crédito del Perú,79354327.713,10087954.211647343,116770549.885,32.04251603580603,
2024-09,Banco Pichincha,6521338.821,488017.399029388,8331395.355,21.725730887488293,
2024-09,Banco Interamericano de Finanzas,9159088.422,1363256.3480722567,14215406.217,35.56928108711534,
2024-09,Scotiabank Perú,39322860.098,3085805.8263682933,50768113.909,22.544177692941687,
2024-09,Citibank,1166915.936,144480.3429495821,1702793.529,31.470497384066586,
2024-09,Interbank,36219595.797,3208655.718522513,48120499.858,24.73146392102884,
2024-09,Mibanco,12010118.817,3368.9425721218654,12022614.225,0.10393253718493842,
2024-09,Banco GNB,3039846.677,226359.38743596655,3879413.646,21.641594467907897,
2024-09,Banco Falabella Perú,3261860.331,41.940415206255054,3262015.889,0.004768768923681773,
2024-09,Santander Perú S.A.,1947542.809,992317.5456996494,5628048.587,65.39577121813501,
2024-09,Banco Ripley,1290265.933,0.0,1290265.933,0.0,
2024-09,Alfin Banco,645290.36,15126.532218926934,701394.668,7.998964143822087,
2024-09,B. ICBC,141159.531,255161.9727689404,1087555.289,87.02047312649316,
2024-09,Bank of China,90000.0,38749.862496629816,233723.24,61.49291786302465,
2024-09,Banco BCI Perú,567160.662,186292.01914262606,1258117.761,54.9199065793969,
2024-10,Banco BBVA Perú,57018187.831,5494078.505307855,77719875.64,26.636285298358718,
2024-10,BANCOM,1659250.973,40157.447983014856,1810564.237,8.357243609910094,
2024-10,Banco de Crédito del Perú,79843600.647,9982172.83306794,117456427.883,32.0227916972468,
2024-10,Banco Pichincha,6508056.981,461836.1557855626,8248255.616,21.097777712227494,
2024-10,Banco Interamericano de Finanzas,9175070.636,1356446.9453290869,14286162.726,35.776521575650996,
2024-10,Scotiabank Perú,39008288.431,2878329.4928343943,49853833.96,21.754686986966487,
2024-10,Citibank,1053480.001,159106.1446390658,1652991.955,36.26829230393926,
2024-10,Interbank,36244821.628,3092197.027600849,47896220.028,24.326342231576152,
2024-10,Mibanco,12058937.453,3308.4410828025475,12071403.659,0.1032705586869004,
2024-10,Banco GNB,3039103.705,215588.19373673035,3851440.019,21.09175555097746,
2024-10,Banco Falabella Perú,3263700.87,40.853503184713375,3263854.807,0.004716416908919136,
2024-10,Santander Perú S.A.,2117202.031,963296.0148619957,5746901.416,63.15924221171642,
2024-10,Banco Ripley,1286174.826,0.0,1286174.826,0.0,
2024-10,Alfin Banco,648783.37,14618.940286624204,703867.538,7.825928179117127,
2024-10,B. ICBC,141833.327,248749.59792993628,1079121.812,86.85659714938649,
2024-10,Bank of China,114000.0,26950.135615711253,215548.111,47.111575475602294,
2024-10,Banco BCI Perú,584078.702,196208.7112526539,1323393.127,55.865064576536824,
2024-11,Banco BBVA Perú,58107247.334,5456618.161945484,78525912.497,26.002455130693413,
2024-11,BANCOM,1660051.255,42237.009620523786,1818102.145,8.693179887315965,
2024-11,Banco de Crédito del Perú,81156815.002,10106454.585783005,118975168.062,31.786761620956238,
2024-11,Banco Pichincha,6550157.857,445908.81694281136,8218748.651,20.302248734629174,
2024-11,Banco Interamericano de Finanzas,9421329.685,1331976.244788883,14405584.794,34.59946389039317,
2024-11,Scotiabank Perú,38065270.778,2918270.524318546,48985439.081,22.292682290635245,
2024-11,Citibank,998487.953,192190.72207375735,1717665.635,41.86948072696349,
2024-11,Interbank,35979747.077,3120402.7736504544,47656294.257,24.501584443454476,
2024-11,Mibanco,12137915.611,3230.32282202031,12150003.479,0.09948859702709814,
2024-11,Banco GNB,3084500.564,218816.08017103153,3903310.337,20.977316746721183,
2024-11,Banco Falabella Perú,3387197.271,39.757883484767504,3387346.046,0.004392081528711545,
2024-11,Santander Perú S.A.,2178658.405,956958.4182255479,5759596.807,62.17342154311672,
2024-11,Banco Ripley,1314641.009,0.0,1314641.009,0.0,
2024-11,Alfin Banco,644144.573,13940.34206306788,696309.334,7.491607314860446,
2024-11,B. ICBC,166659.271,240516.82602886157,1066673.234,84.37578954006078,
2024-11,Bank of China,112000.0,28933.494655264563,220269.137,49.15311263057248,
2024-11,Banco BCI Perú,647637.849,211759.6258685195,1440042.369,55.02647262734809,
2024-12,Banco BBVA Perú,57413342.922,5382913.476620616,77674629.249,26.084818843549034,
2024-12,BANCOM,1622983.02,38782.86078639745,1768961.709,8.25222435608978,
2024-12,Banco de Crédito del Perú,81098503.3,10220290.932252921,119567678.37,32.173556929789875,
2024-12,Banco Pichincha,6694182.206,447889.5422422954,8380038.444,20.117523914309142,
2024-12,Banco Interamericano de Finanzas,9519785.381,1334315.8783209352,14542150.348,34.53660460669582,
2024-12,Scotiabank Perú,37779180.877,3023927.765409139,49161244.986,23.15251396143722,
2024-12,Citibank,891636.804,186228.49521785334,1592600.86,44.013793638162426,
2024-12,Interbank,36131091.442,3378685.270722635,48848462.801,26.034332770732867,
2024-12,Mibanco,12119870.358,3133.013018065887,12131663.02,0.09720565087044825,
2024-12,Banco GNB,3140324.71,206099.2882571732,3916082.431,19.809535030699152,
2024-12,Banco Falabella Perú,3491163.845,30.21625929861849,3491277.58,0.0032576899829279576,
2024-12,Santander Perú S.A.,1976798.674,979588.6795961743,5663970.464,65.09871146813946,
2024-12,Banco Ripley,1360418.154,0.0,1360418.154,0.0,
2024-12,Alfin Banco,679746.407,13388.786928799149,730141.801,6.9021379040315995,
2024-12,B. ICBC,226235.105,205710.5852816153,1000529.748,77.38846791389955,
2024-12,Bank of China,108000.0,28000.0,213392.0,49.388918047536926,
2024-12,Banco BCI Perú,640679.901,214528.94447396387,1448166.848,55.759248191269194,
2025-01,Banco BBVA Perú,56323566.986,5299713.746104245,76049101.55,25.93789296909846,
2025-01,BANCOM,1608532.801,41174.49892530897,1761784.287,8.698652106890997,
2025-01,Banco de Crédito del Perú,80371041.492,10403530.357334767,119092981.483,32.51404029760342,
2025-01,Banco Pichincha,6672974.752,429219.45808705,8270529.575,19.316233724972804,
2025-01,Banco Interamericano de Finanzas,9485329.278,1351941.5526598603,14517255.737,34.66169192139512,
2025-01,Scotiabank Perú,38440396.669,2957333.518807093,49447592.026,22.260326349587086,
2025-01,Citibank,863709.978,162124.34094572812,1467136.776,41.129553009037245,
2025-01,Interbank,35839442.449,3278174.6824288014,48040808.618,25.397920060047397,
2025-01,Mibanco,12122044.242,2991.0561526061256,12133176.953,0.09175429521158156,
2025-01,Banco GNB,3149043.205,200067.50779150994,3893694.469,19.12454276853534,
2025-01,Banco Falabella Perú,3431823.775,24.538420204191294,3431915.107,0.002661254639243519,
2025-01,Santander Perú S.A.,2002533.985,928525.4376679205,5458505.665,63.31351274689938,
2025-01,Banco Ripley,1340720.713,0.0,1340720.713,0.0,
2025-01,Alfin Banco,681523.902,12999.57388500806,729908.317,6.62883459101618,
2025-01,B. ICBC,211122.141,187746.63648576036,909915.123,76.79760060433681,
2025-01,Bank of China,108000.0,22000.0,189884.0,43.12316993532894,
2025-01,Banco BCI Perú,714046.61,214237.48253627084,1511438.52,52.757151511528235,
2025-01,Compartamos Banco*,4183100.317,0.0,4183100.317,0.0,
2025-02,Banco BBVA Perú,56759324.817,5270388.79548545,76138544.419,25.452574316831843,
2025-02,BANCOM,1633021.018,40131.09409844982,1780583.052,8.287287348616188,
2025-02,Banco de Crédito del Perú,80397191.159,10851417.0062551,120297851.492,33.16822357018859,
2025-02,Banco Pichincha,6485143.879,461847.7408213217,8183358.023,20.75204505567311,
2025-02,Banco Interamericano de Finanzas,9582566.119,1307459.1180310035,14390093.297,33.40858935919656,
2025-02,Scotiabank Perú,38926805.581,2859630.3821049766,49441666.497,21.267205701163043,
2025-02,Citibank,883042.835,160670.35545281478,1473827.732,40.085071285658245,
2025-02,Interbank,35977312.963,3310825.783247212,48151219.369,25.282654448908154,
2025-02,Mibanco,12215095.427,2931.479466956758,12225874.478,0.08816588964165635,
2025-02,Banco GNB,3089603.438,221557.3209137884,3904269.708,20.866034647419905,
2025-02,Banco Falabella Perú,3416600.523,24.538210497688333,3416690.751,0.002640800896999859,
2025-02,Santander Perú S.A.,1848877.55,945480.6801740549,5325410.012,65.28196803938408,
2025-02,Banco Ripley,1332144.696,0.0,1332144.696,0.0,
2025-02,Alfin Banco,707182.098,14165.459885776449,759268.495,6.86007615790775,
2025-02,B. ICBC,266354.326,186493.22708729943,952089.922,72.02424688620955,
2025-02,Bank of China,106000.0,23000.0,190571.0,44.37768600679012,
2025-02,Banco BCI Perú,774468.56,219252.65569757955,1580660.575,51.00348726038162,
2025-02,Compartamos Banco*,4171203.277,0.0,4171203.277,0.0,
2025-03,Banco BBVA Perú,57554245.187,5359892.203380589,77214329.79,25.461704655689672,
2025-03,BANCOM,1616668.808,41504.18620501636,1768906.164,8.606299141145406,
2025-03,Banco de Crédito del Perú,79119606.553,10716602.062159214,118428102.918,33.19186527222962,
2025-03,Banco Pichincha,6414578.534,431742.6235005452,7998210.477,19.799828318521506,
2025-03,Banco Interamericano de Finanzas,9666800.854,1282238.2636314067,14370050.806,32.729529042696406,
2025-03,Scotiabank Perú,39214182.022,2874561.2134678294,49758072.554,21.190311422447543,
2025-03,Citibank,959435.166,161559.99045801527,1552037.212,38.18220603334349,
2025-03,Interbank,36467912.272,3398273.120229007,48932778.077,25.473448054360297,
2025-03,Mibanco,12400475.814,2846.3958560523442,12410916.394,0.08412416672992434,
2025-03,Banco GNB,3129031.612,223272.28135223553,3947994.34,20.743766517152597,
2025-03,Banco Falabella Perú,3426143.508,24.538167938931295,3426233.515,0.0026269954924603572,
2025-03,Santander Perú S.A.,1826361.885,968667.1758451471,5379433.086,66.04917552087198,
2025-03,Banco Ripley,1353425.839,0.0,1353425.839,0.0,
2025-03,Alfin Banco,713023.452,12976.248636859322,760620.333,6.257639841452929,
2025-03,B. ICBC,320643.839,189927.69002181024,1017298.606,68.48085339851532,
2025-03,Bank of China,78000.0,23000.0,162364.0,51.95979404301446,
2025-03,Banco BCI Perú,722862.589,232714.88740458016,1576460.796,54.146491252168126,
2025-03,Compartamos Banco*,4189217.137,0.0,4189217.137,0.0,
2025-04,Banco BBVA Perú,58142995.411,5411633.944217687,78030750.157,25.487073629287554,
2025-04,BANCOM,1599919.482,44087.84462585034,1761942.311,9.19569431918818,
2025-04,Banco de Crédito del Perú,80650044.327,10855310.196734693,120543309.301,33.09454934108819,
2025-04,Banco Pichincha,6351606.281,449909.1708843537,8005022.485,20.6547352877298,
2025-04,Banco Interamericano de Finanzas,9825049.452,1258307.768435374,14449330.502,32.003427766843124,
2025-04,Scotiabank Perú,39088220.435,2925268.260680272,49838581.293,21.570358904879022,
2025-04,Citibank,977176.521,173591.87782312924,1615126.672,39.498459288647055,
2025-04,Interbank,36395909.087,3473520.0933333333,49161095.43,25.96603316371627,
2025-04,Mibanco,12531721.524,2761.9159183673464,12541871.565,0.08092923729441229,
2025-04,Banco GNB,3200869.04,248357.18231292517,4113581.686,22.18778465263714,
2025-04,Banco Falabella Perú,3467047.284,24.538231292517004,3467137.463,0.0026009640795140207,
2025-04,Santander Perú S.A.,1751865.137,965683.4538775509,5300751.831,66.95062902672231,
2025-04,Banco Ripley,1375146.181,0.0,1375146.181,0.0,
2025-04,Alfin Banco,831322.056,12180.628843537415,876085.868,5.1095233509690665,
2025-04,B. ICBC,317834.301,188212.61523809523,1009515.662,68.5161594848045,
2025-04,Bank of China,80000.0,18900.0,149457.5,46.4730776307646,
2025-04,Banco BCI Perú,800055.063,239669.53197278912,1680840.594,52.40149090544871,
2025-04,Compartamos Banco,4214243.746,0.0,4214243.746,0.0,
2025-05,Banco BBVA Perú,58047711.795,5548575.328185328,78166845.935,25.738705328765803,
2025-05,BANCOM,1604411.514,45650.01461665747,1769938.468,9.352130426717192,
2025-05,Banco de Crédito del Perú,80949527.317,10994395.733590733,120815206.247,32.997236166196515,
2025-05,Banco Pichincha,6285776.646,486081.2710976282,8048307.336,21.89939594026458,
2025-05,Banco Interamericano de Finanzas,9913725.173,1337800.3535576393,14764589.255,32.85471744740386,
2025-05,Scotiabank Perú,39221826.64,2966010.1762272473,49976579.539,21.519585770385426,
2025-05,Citibank,1082432.77,166139.06425813565,1684853.017,35.755062365775494,
2025-05,Interbank,36532009.64,3464133.49724214,49092957.701,25.586048690531708,
2025-05,Mibanco,12633808.4,2692.417539988968,12643571.106,0.07721478305577252,
2025-05,Banco GNB,3192500.498,267514.0046883618,4162506.279,23.303407033731467,
2025-05,Banco Falabella Perú,3511896.676,24.538334252619965,3511985.653,0.0025335240172165733,
2025-05,Santander Perú S.A.,2017445.57,993989.522890237,5621651.58,64.11293831909802,
2025-05,Banco Ripley,1386312.214,0.0,1386312.214,0.0,
2025-05,Alfin Banco,837009.555,12081.550744622173,880817.258,4.973529140365683,
2025-05,B. ICBC,341734.792,205543.71566464423,1087036.305,68.56270665219411,
2025-05,Bank of China,81500.0,22999.999999999996,164898.0,50.57550728329028,
2025-05,Banco BCI Perú,1000245.387,227911.71952564808,1826653.283,45.24163965275068,
2025-05,Compartamos Banco,4239707.142,0.0,4239707.142,0.0,
2025-06,Banco BBVA Perú,57959688.61,5614326.835403726,77845634.261,25.545357603904446,
2025-06,BANCOM,1612103.976,46105.46979107848,1775409.55,9.198191707372533,
2025-06,Banco de Crédito del Perú,80650194.316,11140693.433088649,120110530.456,32.853352649587606,
2025-06,Banco Pichincha,6300208.11,497676.04093732353,8062976.648,21.862503327939685,
2025-06,Banco Interamericano de Finanzas,10026971.186,1392225.9522868434,14958235.51,32.966885169733494,
2025-06,Scotiabank Perú,39111312.962,3181274.081874647,50379385.761,22.36643545527884,
2025-06,Citibank,1105192.939,178160.4943534726,1736237.41,36.34551746008053,
2025-06,Interbank,37001285.387,3690422.715697346,50072762.647,26.104965192654788,
2025-06,Mibanco,12660087.552,2617.0993788819874,12669357.319,0.07316682896060739,
2025-06,Banco GNB,3138921.926,275621.5059288537,4115173.3,23.723214135356095,
2025-06,Banco Falabella Perú,3552446.153,24.538396386222473,3552533.068,0.002446564137092425,
2025-06,Santander Perú S.A.,2219592.582,964812.9712027103,5636960.126,60.624298693149925,
2025-06,Banco Ripley,1392569.133,0.0,1392569.133,0.0,
2025-06,Alfin Banco,841397.95,12014.959345002822,883954.936,4.814384112449827,
2025-06,B. ICBC,401785.198,203984.94579333707,1124299.876,64.26352020695234,
2025-06,Bank of China,97500.0,34000.0,217928.0,55.26045299364928,
2025-06,Banco BCI Perú,1108450.027,252345.9325239977,2002259.32,44.64003658626996,
2025-06,Compartamos Banco,4274293.548,0.0,4274293.548,0.0,
2025-06,Santander Consumer Bank*,2306016.507,44.578486730660636,2306174.404,0.006846706811332765,
2025-07,Banco BBVA Perú,58332179.611,5557687.043842503,78234256.916,25.439082685183322,
2025-07,BANCOM,1605228.891,45442.29879921809,1767957.764,9.204341659827113,
2025-07,Banco de Crédito del Perú,81871706.548,11292885.604300475,122311529.897,33.062969110970045,
2025-07,Banco Pichincha,6180012.387,503701.62887461606,7983767.92,22.592785149496176,
2025-07,Banco Interamericano de Finanzas,10074776.319,1392030.2415526388,15059636.614,33.10080065521559,
2025-07,Scotiabank Perú,38995337.306,3135925.40351857,50225086.177,22.35884440581116,
2025-07,Citibank,1206229.402,171798.0544540631,1821438.235,33.77599202533486,
2025-07,Interbank,37133391.323,3776101.4481988274,50655610.609,26.694415728940996,
2025-07,Mibanco,12662820.775,2535.9798938843896,12671902.119,0.07166520002063556,
2025-07,Banco GNB,3093724.441,302727.06478637253,4177790.061,25.94830291066653,
2025-07,Banco Falabella Perú,3594229.051,0.16587545378385926,3594229.645,1.6526489921624866e-05,
2025-07,Santander Perú S.A.,2382330.392,950064.0455180118,5784509.739,58.81534478301619,
2025-07,Banco Ripley,1400753.226,0.0,1400753.226,0.0,
2025-07,Alfin Banco,849027.903,11793.252722703155,891259.541,4.7384219811678765,
2025-07,B. ICBC,415604.116,203880.45182909802,1145700.014,63.72487466863207,
2025-07,Bank of China,96500.0,29900.0,203571.9,52.59660100436258,
2025-07,Banco BCI Perú,1129689.058,253394.92879084055,2037096.299,44.54415048740905,
2025-07,Compartamos Banco,4290440.575,0.0,4290440.575,0.0,
2025-07,Santander Consumer Bank*,2301995.133,42.30913152750628,2302146.643,0.006581248873130195,
2025-08,Banco BBVA Perú,58843333.094,5627018.378217822,78734843.061,25.263922799197065,
2025-08,BANCOM,1607260.43,46509.693917963225,1771672.198,9.28003319042884,
2025-08,Banco de Crédito del Perú,82311866.013,11428611.654596888,122712008.212,32.9227292321741,
2025-08,Banco Pichincha,6038325.757,499388.1233380481,7803662.774,22.621902920788617,
2025-08,Banco Interamericano de Finanzas,10107100.324,1395966.0500707212,15041840.311,32.80675691917337,
2025-08,Scotiabank Perú,38848153.224,3240141.9903818956,50302055.16,22.77024646322621,
2025-08,Citibank,1211704.49,157794.06506364924,1769506.51,31.523027287421506,
2025-08,Interbank,37461654.282,3601579.9833097593,50193239.524,25.365139534204335,
2025-08,Mibanco,12797996.599,2496.4042432814713,12806821.388,0.0689069421103166,
2025-08,Banco GNB,3197877.821,279697.39264497877,4186608.104,23.616499525124883,
2025-08,Banco Falabella Perú,3596510.154,0.16577086280056574,3596510.741,1.6321374857390183e-05,
2025-08,Santander Perú S.A.,2410917.092,982224.0099009901,5883078.967,59.01946743323393,
2025-08,Banco Ripley,1399283.918,0.0,1399283.918,0.0,
2025-08,Alfin Banco,887038.021,11607.69476661952,928071.222,4.421341813785926,
2025-08,B. ICBC,379146.559,219300.85516265914,1154375.083,67.15568755913627,
2025-08,Bank of China,94500.0,29471.42828854314,198681.499,52.4364369729262,
2025-08,Banco BCI Perú,1134859.12,248260.87553041015,2012461.315,43.608400740860944,
2025-08,Compartamos Banco,4346607.176,0.0,4346607.176,0.0,
2025-08,Santander Consumer Bank*,2323971.287,39.6984441301273,2324111.622,0.006038221171115625,
2025-09,Banco BBVA Perú,59338308.666,5868905.31037464,79703410.094,25.551104280208286,
2025-09,BANCOM,1612567.205,43941.220749279535,1765043.241,8.638657255423004,
2025-09,Banco de Crédito del Perú,82098274.767,11539237.317002881,122139428.258,32.78315124123512,
2025-09,Banco Pichincha,5988143.972,509126.39798270894,7754812.573,22.78157704482795,
2025-09,Banco Interamericano de Finanzas,10195054.125,1399906.761959654,15052730.589,32.27106494252821,
2025-09,Scotiabank Perú,38590094.28,3189988.5023054755,49659354.384,22.290382630440444,
2025-09,Citibank,1206314.92,153566.76714697407,1739191.603,30.639331634353574,
2025-09,Interbank,37647393.072,3588910.212680115,50100911.51,24.856869990308088,
2025-09,Mibanco,12967355.665,2367.329682997118,12975570.3,0.06330846976338017,
2025-09,Banco GNB,3253986.971,286832.9991354467,4249297.479,23.422942566831768,
2025-09,Banco Falabella Perú,3594335.237,0.1657060518731988,3594335.813,1.6025213832309108e-05,
2025-09,Santander Perú S.A.,2208944.263,982807.8008645533,5619287.333,60.68995706933003,
2025-09,Banco Ripley,1393308.524,0.0,1393308.524,0.0,
2025-09,Alfin Banco,893534.372,14398.945821325648,943498.714,5.295644949866891,
2025-09,B. ICBC,400194.377,214402.1706051873,1144169.91,65.02316889280894,
2025-09,Bank of China,107000.0,16000.0,162520.0,34.161949298547874,
2025-09,Banco BCI Perú,1123025.731,243820.5599423631,1969083.074,42.96707204340125,
2025-09,Compartamos Banco,4387930.547,0.0,4387930.547,0.0,
2025-09,Santander Consumer Bank,2328190.191,37.101152737752166,2328318.932,0.005529354171824505,
2025-10,Banco BBVA Perú,59973622.735,6071899.681777777,80466284.161,25.467388782359457,
2025-10,BANCOM,1607253.99,34911.88562962963,1725081.605,6.83026325586493,
2025-10,Banco de Crédito del Perú,82642852.115,11614423.931851853,121841532.886,32.17185457415077,
2025-10,Banco Pichincha,5889101.78,512931.5899259259,7620245.897,22.717693633502435,
2025-10,Banco Interamericano de Finanzas,10019400.212,1352470.3025185184,14583987.483,31.29862307082179,
2025-10,Scotiabank Perú,38757336.904,3131790.6201481484,49327130.248,21.427951090725703,
2025-10,Citibank,1190521.504,135292.2391111111,1647132.812,27.72158411716468,
2025-10,Interbank,37413035.618,3670785.313777778,49801936.052,24.876343002136107,
2025-10,Mibanco,13165988.472,2356.3795555555557,13173941.253,0.06036751528848916,
2025-10,Banco GNB,3232979.391,257298.1662222222,4101360.702,21.173005109658856,
2025-10,Banco Falabella Perú,3627462.281,0.16562962962962965,3627462.841,1.5437787362737022e-05,
2025-10,Santander Perú S.A.,2275547.925,944435.7822222223,5463018.691,58.346327301628484,
2025-10,Banco Ripley,1399504.192,0.0,1399504.192,0.0,
2025-10,Alfin Banco,902606.032,13645.155259259258,948658.432,4.8544764318291564,
2025-10,B. ICBC,387681.74,209402.18162962963,1094414.104,64.57632092065948,
2025-10,Bank of China,107000.0,19000.0,171125.0,37.47260774287801,
2025-10,Banco BCI Perú,1277217.621,243032.1125925926,2097451.002,39.10619986916862,
2025-10,Compartamos Banco,4476912.964,0.0,4476912.964,0.0,
2025-10,Santander Consumer Bank,2323739.267,34.64266666666666,2323856.186,0.005031249382152051,
2025-11,Banco BBVA Perú,60297277.804,6157343.71148126,80998267.363,25.557323919321533,
2025-11,BANCOM,1635564.442,34909.10380725758,1752928.85,6.695332100900732,
2025-11,Banco de Crédito del Perú,83605794.069,11379541.26174896,121863811.792,31.394076026687618,
2025-11,Banco Pichincha,5812920.06,510102.737953599,7527885.465,22.781502361765813,
2025-11,Banco Interamericano de Finanzas,10068011.243,1325836.052647234,14525472.052,30.687201028941807,
2025-11,Scotiabank Perú,38744745.68,3250635.816775729,49673383.297,22.000993070387516,
2025-11,Citibank,1173147.308,145727.51070791195,1663083.2,29.459493788404572,
2025-11,Interbank,37643885.599,3716649.0449137418,50139259.688,24.92133742451439,
2025-11,Mibanco,13377824.808,2769.5502676977985,13387136.036,0.06955354733798808,
2025-11,Banco GNB,3265407.719,274482.4866151101,4188217.839,22.033479524559183,
2025-11,Banco Falabella Perú,3758864.603,0.0,3758864.603,0.0,
2025-11,Santander Perú S.A.,2485768.887,988093.9598453302,5807740.78,57.199038642354836,
2025-11,Banco Ripley,1437142.244,0.0,1437142.244,0.0,
2025-11,Alfin Banco,920472.118,13598.523497917904,966190.354,4.731804225816151,
2025-11,B. ICBC,449541.68,219663.55562165377,1188050.555,62.16140145652304,
2025-11,Bank of China,99000.0,23000.0,176326.0,43.8539977087894,
2025-11,Banco BCI Perú,1338668.992,276398.95954788814,2267922.295,40.9737716785398,
2025-11,Compartamos Banco,4582416.09,0.0,4582416.09,0.0,
2025-11,Santander Consumer Bank,2332528.542,32.48958953004164,2332637.772,0.004682681610969875,
2025-12,Banco BBVA Perú,60526282.679,6300127.537912578,81713611.589,25.928763272106025,
2025-12,BANCOM,1622521.37,34394.736247398156,1738190.869,6.65459133763289,
2025-12,Banco de Crédito del Perú,84689084.257,11767138.633957777,124261971.484,31.846337825161108,
2025-12,Banco Pichincha,5656028.942,493482.47190008924,7315610.495,22.68548269668368,
2025-12,Banco Interamericano de Finanzas,10090824.812,1313231.8590544155,14507223.554,30.44275650375766,
2025-12,Scotiabank Perú,38185797.339,3115445.6297948263,48663040.993,21.53018685270226,
2025-12,Citibank,714623.003,135034.20101100206,1168743.021,38.85542072468983,
2025-12,Interbank,37508819.709,3830439.129646149,50390586.503,25.56383580340563,
2025-12,Mibanco,13466126.403,2677.7228664882546,13475131.586,0.06682816373648087,
2025-12,Banco GNB,3296445.395,248323.55456437703,4131557.51,20.213009572750686,
2025-12,Banco Falabella Perú,3778356.006,0.0,3778356.006,0.0,
2025-12,Santander Perú S.A.,2750006.059,994157.2518584597,6093356.897,54.86878406295327,
2025-12,Banco Ripley,1457828.145,0.0,1457828.145,0.0,
2025-12,Alfin Banco,931830.494,13551.598275349392,977404.52,4.662759898020532,
2025-12,B. ICBC,447569.903,184612.72227178112,1068422.488,58.109277179497184,
2025-12,Bank of China,59000.0,17880.0,119130.44,50.47445472374651,
2025-12,Banco BCI Perú,1597746.792,276030.3636633958,2526036.906,36.74887377120531,
2025-12,Compartamos Banco,4688882.559,0.0,4688882.559,0.0,
2025-12,Santander Consumer Bank,2363459.551,29.890573892358017,2363560.074,0.004253033426390698,
