mes,estado,url_fuente,archivo_origen,archivo_local,sha256,formato_real,hoja,fila_total_creditos,cantidad_bancos,cantidad_dolcred_validos,cantidad_faltantes,regla_float_total_mn,control_mn_estado,control_mn_diferencia_absoluta_raw,control_mn_diferencia_relativa_raw,control_mn_formato_excel,control_mn_decimales_mostrados,control_mn_unidad_visible,control_mn_tolerancia_fuente,control_mn_suma_redondeada_half_up,control_mn_total_redondeado_half_up,control_me_estado,control_me_diferencia_absoluta_raw,control_me_diferencia_relativa_raw,control_me_formato_excel,control_me_decimales_mostrados,control_me_unidad_visible,control_me_tolerancia_fuente,control_me_suma_redondeada_half_up,control_me_total_redondeado_half_up,control_total_estado,control_total_diferencia_absoluta_raw,control_total_diferencia_relativa_raw,control_total_formato_excel,control_total_decimales_mostrados,control_total_unidad_visible,control_total_tolerancia_fuente,control_total_suma_redondeada_half_up,control_total_total_redondeado_half_up,fecha_hora_extraccion,detalle
2015-11,DISPONIBLE,https://intranet2.sbs.gob.pe/estadistica/financiera/2015/Noviembre/B-2359-no2015.XLS,B-2359-no2015.XLS,C:\Users\Crystell\Desktop\FINANZAS\datos_crudos\Y_B2359_2024200485D\Y_B-2359_2024200485D_2015-11.xls,895f3a1a8c46f3fb9bf923003cc406b241ae7f2662226d53db09ccbd9a7d2b87,XLS_OLE,15,65,17,16,1,ULP_1,OK,0.035,2.327531267733851421612726449E-10,"_(* #,##0_);_(* \(#,##0\);_(* ""-""??_);_(@_)",0,1,0.5,150373920,150373920,OK,0.001778303,7.926893426179831217310970732E-11,"_(* #,##0_);_(* \(#,##0\);_(* ""-""??_);_(@_)",0,1,0.5,22433795,22433795,OK,0.007,3.096447119851656014746985646E-11,"_(* #,##0_);_(* \(#,##0\);_(* ""-""??_);_(@_)",0,1,0.5,226065543,226065543,2026-09-24T17:40:08-05:00,B-2359 extraído y validado con tolerancia de fuente derivada de la precisión visible SBS; ROUND_HALF_UP se conserva como diagnóstico.
2015-12,DISPONIBLE,https://intranet2.sbs.gob.pe/estadistica/financiera/2015/Diciembre/B-2359-di2015.XLS,B-2359-di2015.XLS,C:\Users\Crystell\Desktop\FINANZAS\datos_crudos\Y_B2359_2024200485D\Y_B-2359_2024200485D_2015-12.xls,7384c2f9f04abb51db993b21a756d7bf11733c5b0e123a73a9fa0909c949e44e,XLS_OLE,15,65,17,16,1,ULP_1,OK,0.038,2.498918646452335091172836972E-10,"_(* #,##0_);_(* \(#,##0\);_(* ""-""??_);_(@_)",0,1,0.5,152065775,152065775,OK,0.001465846,6.709326576285970466368380311E-11,"_(* #,##0_);_(* \(#,##0\);_(* ""-""??_);_(@_)",0,1,0.5,21847886,21847886,OK,0.00799998,3.530614054117288454527110353E-11,"_(* #,##0_);_(* \(#,##0\);_(* ""-""??_);_(@_)",0,1,0.5,226588913,226588913,2026-09-24T17:40:08-05:00,B-2359 extraído y validado con tolerancia de fuente derivada de la precisión visible SBS; ROUND_HALF_UP se conserva como diagnóstico.
2016-01,DISPONIBLE,https://intranet2.sbs.gob.pe/estadistica/financiera/2016/Enero/B-2359-en2016.XLS,B-2359-en2016.XLS,C:\Users\Crystell\Desktop\FINANZAS\datos_crudos\Y_B2359_2024200485D\Y_B-2359_2024200485D_2016-01.xls,71da59307701a130230a79e660a192f8ad7b072f48516c4900e912b38b3bc49e,XLS_OLE,15,65,17,16,1,ULP_1,OK,0.039,2.544806684485254602625339938E-10,"_(* #,##0_);_(* \(#,##0\);_(* ""-""??_);_(@_)",0,1,0.5,153253291,153253291,OK,0.002017290,9.300451602810594672379706286E-11,"_(* #,##0_);_(* \(#,##0\);_(* ""-""??_);_(@_)",0,1,0.5,21690237,21690237,OK,0.008,3.500811976343082217914924029E-11,"_(* #,##0_);_(* \(#,##0\);_(* ""-""??_);_(@_)",0,1,0.5,228518414,228518414,2026-09-24T17:40:08-05:00,B-2359 extraído y validado con tolerancia de fuente derivada de la precisión visible SBS; ROUND_HALF_UP se conserva como diagnóstico.
2016-02,DISPONIBLE,https://intranet2.sbs.gob.pe/estadistica/financiera/2016/Febrero/B-2359-fe2016.XLS,B-2359-fe2016.XLS,C:\Users\Crystell\Desktop\FINANZAS\datos_crudos\Y_B2359_2024200485D\Y_B-2359_2024200485D_2016-02.xls,8cfd86124b6c56e76cb09df0ad55d2c6e81e1f587de4514a2a923ccc15a95f11,XLS_OLE,15,65,17,16,1,ULP_1,OK,0.033,2.138419590986867808973277544E-10,"_(* #,##0_);_(* \(#,##0\);_(* ""-""??_);_(@_)",0,1,0.5,154319574,154319574,OK,0.001418843,6.628371326868040165475292714E-11,"_(* #,##0_);_(* \(#,##0\);_(* ""-""??_);_(@_)",0,1,0.5,21405605,21405605,OK,0.006,2.611501009229065375926058912E-11,"_(* #,##0_);_(* \(#,##0\);_(* ""-""??_);_(@_)",0,1,0.5,229752927,229752927,2026-09-24T17:40:08-05:00,B-2359 extraído y validado con tolerancia de fuente derivada de la precisión visible SBS; ROUND_HALF_UP se conserva como diagnóstico.
2016-03,DISPONIBLE,https://intranet2.sbs.gob.pe/estadistica/financiera/2016/Marzo/B-2359-ma2016.XLS,B-2359-ma2016.XLS,C:\Users\Crystell\Desktop\FINANZAS\datos_crudos\Y_B2359_2024200485D\Y_B-2359_2024200485D_2016-03.xls,804786d614f9debd1938c054f671a9b2365f3cf2fbd02b9378a9f99d23b2e4c8,XLS_OLE,15,65,17,16,1,ULP_1,OK,0.036,2.313242057232427399849852546E-10,"_(* #,##0_);_(* \(#,##0\);_(* ""-""??_);_(@_)",0,1,0.5,155625737,155625737,OK,0.002405293,1.113703269599027131026526935E-10,"_(* #,##0_);_(* \(#,##0\);_(* ""-""??_);_(@_)",0,1,0.5,21597252,21597252,OK,0.009,3.956771016596760915042656381E-11,"_(* #,##0_);_(* \(#,##0\);_(* ""-""??_);_(@_)",0,1,0.5,227458197,227458197,2026-09-24T17:40:08-05:00,B-2359 extraído y validado con tolerancia de fuente derivada de la precisión visible SBS; ROUND_HALF_UP se conserva como diagnóstico.
2016-04,DISPONIBLE,https://intranet2.sbs.gob.pe/estadistica/financiera/2016/Abril/B-2359-ab2016.XLS,B-2359-ab2016.XLS,C:\Users\Crystell\Desktop\FINANZAS\datos_crudos\Y_B2359_2024200485D\Y_B-2359_2024200485D_2016-04.xls,e28873d914fe9c2ca3667bdddadf539c83c3d4a0d639accb642f898952e21a03,XLS_OLE,15,65,17,16,1,ULP_1,OK,0.03700002,2.350950100512143188558152304E-10,"_(* #,##0_);_(* \(#,##0\);_(* ""-""??_);_(@_)",0,1,0.5,157383264,157383264,OK,0.001833182,8.498537574368587012709305065E-11,"_(* #,##0_);_(* \(#,##0\);_(* ""-""??_);_(@_)",0,1,0.5,21570558,21570558,OK,0.007,3.070394930060459528788126516E-11,"_(* #,##0_);_(* \(#,##0\);_(* ""-""??_);_(@_)",0,1,0.5,227983701,227983701,2026-09-24T17:40:08-05:00,B-2359 extraído y validado con tolerancia de fuente derivada de la precisión visible SBS; ROUND_HALF_UP se conserva como diagnóstico.
2016-05,DISPONIBLE,https://intranet2.sbs.gob.pe/estadistica/financiera/2016/Mayo/B-2359-my2016.XLS,B-2359-my2016.XLS,C:\Users\Crystell\Desktop\FINANZAS\datos_crudos\Y_B2359_2024200485D\Y_B-2359_2024200485D_2016-05.xls,dcfcc4ad5183e670ac190941d6075d7b86f24e3aa86556515d9396c5eda1727d,XLS_OLE,15,65,17,16,1,ULP_1,OK,0.037,2.358743153930798310287541259E-10,"_(* #,##0_);_(* \(#,##0\);_(* ""-""??_);_(@_)",0,1,0.5,156863200,156863200,OK,0.001779359,8.290939921865025730101038692E-11,"_(* #,##0_);_(* \(#,##0\);_(* ""-""??_);_(@_)",0,1,0.5,21461487,21461487,OK,0.006,2.617443206410150352285424967E-11,"_(* #,##0_);_(* \(#,##0\);_(* ""-""??_);_(@_)",0,1,0.5,229231335,229231335,2026-09-24T17:40:08-05:00,B-2359 extraído y validado con tolerancia de fuente derivada de la precisión visible SBS; ROUND_HALF_UP se conserva como diagnóstico.
2016-06,DISPONIBLE,https://intranet2.sbs.gob.pe/estadistica/financiera/2016/Junio/B-2359-jn2016.XLS,B-2359-jn2016.XLS,C:\Users\Crystell\Desktop\FINANZAS\datos_crudos\Y_B2359_2024200485D\Y_B-2359_2024200485D_2016-06.xls,abdcbc70975b38c06c0fb9259698aabe24fd4b13ecdee297fac5515677452268,XLS_OLE,15,65,17,16,1,ULP_1,OK,0.030,1.907215257865851699534618568E-10,"_(* #,##0_);_(* \(#,##0\);_(* ""-""??_);_(@_)",0,1,0.5,157297399,157297399,OK,0.002128304,9.810042414344977141203002074E-11,"_(* #,##0_);_(* \(#,##0\);_(* ""-""??_);_(@_)",0,1,0.5,21695156,21695156,OK,0.006,2.624066208742102683008403336E-11,"_(* #,##0_);_(* \(#,##0\);_(* ""-""??_);_(@_)",0,1,0.5,228652767,228652767,2026-09-24T17:40:09-05:00,B-2359 extraído y validado con tolerancia de fuente derivada de la precisión visible SBS; ROUND_HALF_UP se conserva como diagnóstico.
2016-07,DISPONIBLE,https://intranet2.sbs.gob.pe/estadistica/financiera/2016/Julio/B-2359-jl2016.XLS,B-2359-jl2016.XLS,C:\Users\Crystell\Desktop\FINANZAS\datos_crudos\Y_B2359_2024200485D\Y_B-2359_2024200485D_2016-07.xls,1aceb5a9cfee802f01fc7a3d3c76b6e78bc520f6e1b6195926fc66dd47e9098c,XLS_OLE,15,65,16,16,0,ULP_1,OK,0.038,2.400730123782475203076165001E-10,"_(* #,##0_);_(* \(#,##0\);_(* ""-""??_);_(@_)",0,1,0.5,158285180,158285180,OK,0.002086434,9.501329669694654583348595731E-11,"_(* #,##0_);_(* \(#,##0\);_(* ""-""??_);_(@_)",0,1,0.5,21959390,21959390,OK,0.009,3.879997167409619931473932875E-11,"_(* #,##0_);_(* \(#,##0\);_(* ""-""??_);_(@_)",0,1,0.5,231958932,231958932,2026-09-24T17:40:09-05:00,B-2359 extraído y validado con tolerancia de fuente derivada de la precisión visible SBS; ROUND_HALF_UP se conserva como diagnóstico.
2016-08,DISPONIBLE,https://intranet2.sbs.gob.pe/estadistica/financiera/2016/Agosto/B-2359-ag2016.XLS,B-2359-ag2016.XLS,C:\Users\Crystell\Desktop\FINANZAS\datos_crudos\Y_B2359_2024200485D\Y_B-2359_2024200485D_2016-08.xls,243b9bba7473b2e5b32142f164fcf0f1b51008816ea51ec99d7f194707f192d9,XLS_OLE,15,65,16,16,0,ULP_1,OK,0.03700002,2.346482426931147063579657526E-10,"_(* #,##0_);_(* \(#,##0\);_(* ""-""??_);_(@_)",0,1,0.5,157682920,157682920,OK,0.00206368,9.316754453922435924929283492E-11,"_(* #,##0_);_(* \(#,##0\);_(* ""-""??_);_(@_)",0,1,0.5,22150203,22150203,OK,0.007,3.006660947974893439277934296E-11,"_(* #,##0_);_(* \(#,##0\);_(* ""-""??_);_(@_)",0,1,0.5,232816407,232816407,2026-09-24T17:40:09-05:00,B-2359 extraído y validado con tolerancia de fuente derivada de la precisión visible SBS; ROUND_HALF_UP se conserva como diagnóstico.
2016-09,DISPONIBLE,https://intranet2.sbs.gob.pe/estadistica/financiera/2016/Setiembre/B-2359-se2016.XLS,B-2359-se2016.XLS,C:\Users\Crystell\Desktop\FINANZAS\datos_crudos\Y_B2359_2024200485D\Y_B-2359_2024200485D_2016-09.xls,b0b0f4aa5c03249403c657d9eb3e1f94d2bebf611fee9b1d2b36da3388fff4d4,XLS_OLE,15,65,16,16,0,ULP_1,OK,0.033,2.093439035280955256819058798E-10,"_(* #,##0_);_(* \(#,##0\);_(* ""-""??_);_(@_)",0,1,0.5,157635352,157635352,OK,0.00147059,6.588087456831250496538369932E-11,"_(* #,##0_);_(* \(#,##0\);_(* ""-""??_);_(@_)",0,1,0.5,22321956,22321956,OK,0.007,2.997473511331247860230303516E-11,"_(* #,##0_);_(* \(#,##0\);_(* ""-""??_);_(@_)",0,1,0.5,233530004,233530004,2026-09-24T17:40:09-05:00,B-2359 extraído y validado con tolerancia de fuente derivada de la precisión visible SBS; ROUND_HALF_UP se conserva como diagnóstico.
2016-10,DISPONIBLE,https://intranet2.sbs.gob.pe/estadistica/financiera/2016/Octubre/B-2359-oc2016.XLS,B-2359-oc2016.XLS,C:\Users\Crystell\Desktop\FINANZAS\datos_crudos\Y_B2359_2024200485D\Y_B-2359_2024200485D_2016-10.xls,763e568c73a9cc56b7ab007752cbe130c4d140efa1297fcc513fbff96fc042e7,XLS_OLE,15,65,16,16,0,ULP_1,OK,0.03600002,2.277742656891687584970111217E-10,"_(* #,##0_);_(* \(#,##0\);_(* ""-""??_);_(@_)",0,1,0.5,158051305,158051305,OK,0.002081480,9.407608257580012054284240533E-11,"_(* #,##0_);_(* \(#,##0\);_(* ""-""??_);_(@_)",0,1,0.5,22125496,22125496,OK,0.00699998,3.011270589160367992993132292E-11,"_(* #,##0_);_(* \(#,##0\);_(* ""-""??_);_(@_)",0,1,0.5,232459349,232459349,2026-09-24T17:40:09-05:00,B-2359 extraído y validado con tolerancia de fuente derivada de la precisión visible SBS; ROUND_HALF_UP se conserva como diagnóstico.
2016-11,DISPONIBLE,https://intranet2.sbs.gob.pe/estadistica/financiera/2016/Noviembre/B-2359-no2016.XLS,B-2359-no2016.XLS,C:\Users\Crystell\Desktop\FINANZAS\datos_crudos\Y_B2359_2024200485D\Y_B-2359_2024200485D_2016-11.xls,6e11dc1710c77c658d4b6ccaff31a7fade4bafa0c262dae52a006fcdfe7fb2f3,XLS_OLE,15,65,16,16,0,ULP_1,OK,0.03800002,2.369233034182785406054103294E-10,"_(* #,##0_);_(* \(#,##0\);_(* ""-""??_);_(@_)",0,1,0.5,160389541,160389541,OK,0.001759014,8.030001759017269800171730534E-11,"_(* #,##0_);_(* \(#,##0\);_(* ""-""??_);_(@_)",0,1,0.5,21905524,21905524,OK,0.007,2.977338809515051507516887926E-11,"_(* #,##0_);_(* \(#,##0\);_(* ""-""??_);_(@_)",0,1,0.5,235109285,235109285,2026-09-24T17:40:09-05:00,B-2359 extraído y validado con tolerancia de fuente derivada de la precisión visible SBS; ROUND_HALF_UP se conserva como diagnóstico.
2016-12,DISPONIBLE,https://intranet2.sbs.gob.pe/estadistica/financiera/2016/Diciembre/B-2359-di2016.XLS,B-2359-di2016.XLS,C:\Users\Crystell\Desktop\FINANZAS\datos_crudos\Y_B2359_2024200485D\Y_B-2359_2024200485D_2016-12.xls,c66ddc66a1c7ecf7bedc6f8a88054678d229900987a3d24e39e2de550e1c5bd1,XLS_OLE,15,65,16,16,0,ULP_1,OK,0.037,2.306553564297968174531173794E-10,"_(* #,##0_);_(* \(#,##0\);_(* ""-""??_);_(@_)",0,1,0.5,160412490,160412490,OK,0.001787847,8.004401385324944565133942443E-11,"_(* #,##0_);_(* \(#,##0\);_(* ""-""??_);_(@_)",0,1,0.5,22335799,22335799,OK,0.008,3.398883188883743716968123912E-11,"_(* #,##0_);_(* \(#,##0\);_(* ""-""??_);_(@_)",0,1,0.5,235371431,235371431,2026-09-24T17:40:09-05:00,B-2359 extraído y validado con tolerancia de fuente derivada de la precisión visible SBS; ROUND_HALF_UP se conserva como diagnóstico.
2017-01,DISPONIBLE,https://intranet2.sbs.gob.pe/estadistica/financiera/2017/Enero/B-2359-en2017.XLS,B-2359-en2017.XLS,C:\Users\Crystell\Desktop\FINANZAS\datos_crudos\Y_B2359_2024200485D\Y_B-2359_2024200485D_2017-01.xls,72262724f69451f6c8322fa98ac1f77e4acc8aac55b312cbf5f3bd9948e05ac7,XLS_OLE,15,65,16,16,0,ULP_1,OK,0.032,2.009650009650698257274064086E-10,"_(* #,##0_);_(* \(#,##0\);_(* ""-""??_);_(@_)",0,1,0.5,159231706,159231706,OK,0.001826482,8.173449380981698577070010548E-11,"_(* #,##0_);_(* \(#,##0\);_(* ""-""??_);_(@_)",0,1,0.5,22346526,22346526,OK,0.007,3.008940276938334634287527546E-11,"_(* #,##0_);_(* \(#,##0\);_(* ""-""??_);_(@_)",0,1,0.5,232640045,232640045,2026-09-24T17:40:09-05:00,B-2359 extraído y validado con tolerancia de fuente derivada de la precisión visible SBS; ROUND_HALF_UP se conserva como diagnóstico.
2017-02,DISPONIBLE,https://intranet2.sbs.gob.pe/estadistica/financiera/2017/Febrero/B-2359-fe2017.XLS,B-2359-fe2017.XLS,C:\Users\Crystell\Desktop\FINANZAS\datos_crudos\Y_B2359_2024200485D\Y_B-2359_2024200485D_2017-02.xls,f8714efd64c67aad7b85b6d962ea9904317143b1ab52096fb71a17040db2c4e4,XLS_OLE,15,65,16,16,0,ULP_1,OK,0.04100004,2.573218501172848815371799910E-10,"_(* #,##0_);_(* \(#,##0\);_(* ""-""??_);_(@_)",0,1,0.5,159333690,159333690,OK,0.001839928,8.189117199703960697767777445E-11,"_(* #,##0_);_(* \(#,##0\);_(* ""-""??_);_(@_)",0,1,0.5,22467965,22467965,OK,0.01000002,4.299202857531491320317005008E-11,"_(* #,##0_);_(* \(#,##0\);_(* ""-""??_);_(@_)",0,1,0.5,232601725,232601725,2026-09-24T17:40:09-05:00,B-2359 extraído y validado con tolerancia de fuente derivada de la precisión visible SBS; ROUND_HALF_UP se conserva como diagnóstico.
2017-03,DISPONIBLE,https://intranet2.sbs.gob.pe/estadistica/financiera/2017/Marzo/B-2359-ma2017.XLS,B-2359-ma2017.XLS,C:\Users\Crystell\Desktop\FINANZAS\datos_crudos\Y_B2359_2024200485D\Y_B-2359_2024200485D_2017-03.xls,b3b40286b5dfdd3586d8cf148c579ecff62ea5c4b5053a2106bb68cd9033bcfe,XLS_OLE,15,65,16,16,0,ULP_1,OK,0.037,2.321830142751856363984015725E-10,"_(* #,##0_);_(* \(#,##0\);_(* ""-""??_);_(@_)",0,1,0.5,159357049,159357049,OK,0.000923648,4.075173915687178875079822409E-11,"_(* #,##0_);_(* \(#,##0\);_(* ""-""??_);_(@_)",0,1,0.5,22665241,22665241,OK,0.006,2.575397412887387575103116430E-11,"_(* #,##0_);_(* \(#,##0\);_(* ""-""??_);_(@_)",0,1,0.5,232973753,232973753,2026-09-24T17:40:09-05:00,B-2359 extraído y validado con tolerancia de fuente derivada de la precisión visible SBS; ROUND_HALF_UP se conserva como diagnóstico.
2017-04,DISPONIBLE,https://intranet2.sbs.gob.pe/estadistica/financiera/2017/Abril/B-2359-ab2017.XLS,B-2359-ab2017.XLS,C:\Users\Crystell\Desktop\FINANZAS\datos_crudos\Y_B2359_2024200485D\Y_B-2359_2024200485D_2017-04.xls,b0aea2c4acb2e6c6c17b60cc8fbeaaf85a3c9f550dc9a2e6a6d9420c916de859,XLS_OLE,15,65,16,16,0,ULP_1,OK,0.03700003,2.315788250748720876225205552E-10,"_(* #,##0_);_(* \(#,##0\);_(* ""-""??_);_(@_)",0,1,0.5,159772941,159772941,OK,0.002157829,9.476871085894951882446409738E-11,"_(* #,##0_);_(* \(#,##0\);_(* ""-""??_);_(@_)",0,1,0.5,22769424,22769424,OK,0.009,3.852130343429177374938136209E-11,"_(* #,##0_);_(* \(#,##0\);_(* ""-""??_);_(@_)",0,1,0.5,233636954,233636954,2026-09-24T17:40:09-05:00,B-2359 extraído y validado con tolerancia de fuente derivada de la precisión visible SBS; ROUND_HALF_UP se conserva como diagnóstico.
2017-05,DISPONIBLE,https://intranet2.sbs.gob.pe/estadistica/financiera/2017/Mayo/B-2359-my2017.XLS,B-2359-my2017.XLS,C:\Users\Crystell\Desktop\FINANZAS\datos_crudos\Y_B2359_2024200485D\Y_B-2359_2024200485D_2017-05.xls,183916085c03b9e3205a215664e6f9577dd5ee3f4a1e2fa00c6eb838d55d5b68,XLS_OLE,15,65,16,16,0,ULP_1,OK,0.03399998,2.132201415868632412526179999E-10,"_(* #,##0_);_(* \(#,##0\);_(* ""-""??_);_(@_)",0,1,0.5,159459513,159459513,OK,0.00183430,7.978570521709676296590082627E-11,"_(* #,##0_);_(* \(#,##0\);_(* ""-""??_);_(@_)",0,1,0.5,22990334,22990334,OK,0.009,3.835321597607886996280918822E-11,"_(* #,##0_);_(* \(#,##0\);_(* ""-""??_);_(@_)",0,1,0.5,234660895,234660895,2026-09-24T17:40:10-05:00,B-2359 extraído y validado con tolerancia de fuente derivada de la precisión visible SBS; ROUND_HALF_UP se conserva como diagnóstico.
2017-06,DISPONIBLE,https://intranet2.sbs.gob.pe/estadistica/financiera/2017/Junio/B-2359-jn2017.XLS,B-2359-jn2017.XLS,C:\Users\Crystell\Desktop\FINANZAS\datos_crudos\Y_B2359_2024200485D\Y_B-2359_2024200485D_2017-06.xls,aaf1ad9ab9728f0aac817b0fc6b0d347859133b02065b1d77573e6feb3d743d3,XLS_OLE,15,65,16,16,0,ULP_1,OK,0.03599998,2.280797314153415412023783273E-10,"_(* #,##0_);_(* \(#,##0\);_(* ""-""??_);_(@_)",0,1,0.5,157839453,157839453,OK,0.001844447,7.904795899322625880368851112E-11,"_(* #,##0_);_(* \(#,##0\);_(* ""-""??_);_(@_)",0,1,0.5,23333265,23333265,OK,0.008,3.422568758203041296879681300E-11,"_(* #,##0_);_(* \(#,##0\);_(* ""-""??_);_(@_)",0,1,0.5,233742565,233742565,2026-09-24T17:40:10-05:00,B-2359 extraído y validado con tolerancia de fuente derivada de la precisión visible SBS; ROUND_HALF_UP se conserva como diagnóstico.
2017-07,DISPONIBLE,https://intranet2.sbs.gob.pe/estadistica/financiera/2017/Julio/B-2359-jl2017.XLS,B-2359-jl2017.XLS,C:\Users\Crystell\Desktop\FINANZAS\datos_crudos\Y_B2359_2024200485D\Y_B-2359_2024200485D_2017-07.xls,3c771222229afcb2e58eb5df20be2ce0df150417211ac3949e334ccb88ef4a40,XLS_OLE,15,65,16,16,0,ULP_1,OK,0.038,2.394879422293209742308584324E-10,"_(* #,##0_);_(* \(#,##0\);_(* ""-""??_);_(@_)",0,1,0.5,158671871,158671872,OK,0.00215983,9.084235963710533030266632717E-11,"_(* #,##0_);_(* \(#,##0\);_(* ""-""??_);_(@_)",0,1,0.5,23775582,23775582,OK,0.009,3.817951036143040163308124027E-11,"_(* #,##0_);_(* \(#,##0\);_(* ""-""??_);_(@_)",0,1,0.5,235728534,235728534,2026-09-24T17:40:10-05:00,B-2359 extraído y validado con tolerancia de fuente derivada de la precisión visible SBS; ROUND_HALF_UP se conserva como diagnóstico.
2017-08,DISPONIBLE,https://intranet2.sbs.gob.pe/estadistica/financiera/2017/Agosto/B-2359-ag2017.XLS,B-2359-ag2017.XLS,C:\Users\Crystell\Desktop\FINANZAS\datos_crudos\Y_B2359_2024200485D\Y_B-2359_2024200485D_2017-08.xls,7223198bf48f5ad718ec296ef991d0322f698bb16a9b87c4e6a109bc07b28f09,XLS_OLE,15,65,16,16,0,ULP_1,OK,0.033,2.069295087525861104085219566E-10,"_(* #,##0_);_(* \(#,##0\);_(* ""-""??_);_(@_)",0,1,0.5,159474597,159474597,OK,0.001851283,7.804709830527092955011313059E-11,"_(* #,##0_);_(* \(#,##0\);_(* ""-""??_);_(@_)",0,1,0.5,23720075,23720075,OK,0.007,2.961692300424314136145040709E-11,"_(* #,##0_);_(* \(#,##0\);_(* ""-""??_);_(@_)",0,1,0.5,236351359,236351359,2026-09-24T17:40:10-05:00,B-2359 extraído y validado con tolerancia de fuente derivada de la precisión visible SBS; ROUND_HALF_UP se conserva como diagnóstico.
2017-09,DISPONIBLE,https://intranet2.sbs.gob.pe/estadistica/financiera/2017/Setiembre/B-2359-se2017.XLS,B-2359-se2017.XLS,C:\Users\Crystell\Desktop\FINANZAS\datos_crudos\Y_B2359_2024200485D\Y_B-2359_2024200485D_2017-09.xls,8da8089024e48733a0b93a717ac9a8793ce033c00e02793bac2e1d326b69bb34,XLS_OLE,15,65,16,16,0,ULP_1,OK,0.03300002,2.058532953382034257637902240E-10,"_(* #,##0_);_(* \(#,##0\);_(* ""-""??_);_(@_)",0,1,0.5,160308437,160308437,OK,0.002450232,1.021672008175226053924158385E-10,"_(* #,##0_);_(* \(#,##0\);_(* ""-""??_);_(@_)",0,1,0.5,23982570,23982570,OK,0.007,2.933638665101152370179950691E-11,"_(* #,##0_);_(* \(#,##0\);_(* ""-""??_);_(@_)",0,1,0.5,238611526,238611526,2026-09-24T17:40:10-05:00,B-2359 extraído y validado con tolerancia de fuente derivada de la precisión visible SBS; ROUND_HALF_UP se conserva como diagnóstico.
2017-10,DISPONIBLE,https://intranet2.sbs.gob.pe/estadistica/financiera/2017/Octubre/B-2359-oc2017.XLS,B-2359-oc2017.XLS,C:\Users\Crystell\Desktop\FINANZAS\datos_crudos\Y_B2359_2024200485D\Y_B-2359_2024200485D_2017-10.xls,a2909cd13dc468ff4be0cdd916fde7e077da2692689f309833c7a63a8ada7f6d,XLS_OLE,15,65,16,16,0,ULP_1,OK,0.036,2.222687547403269671733684529E-10,"_(* #,##0_);_(* \(#,##0\);_(* ""-""??_);_(@_)",0,1,0.5,161966085,161966085,OK,0.00246306,1.022423862954829362524739730E-10,"_(* #,##0_);_(* \(#,##0\);_(* ""-""??_);_(@_)",0,1,0.5,24090400,24090400,OK,0.006,2.497796686829718909095417364E-11,"_(* #,##0_);_(* \(#,##0\);_(* ""-""??_);_(@_)",0,1,0.5,240211705,240211705,2026-09-24T17:40:10-05:00,B-2359 extraído y validado con tolerancia de fuente derivada de la precisión visible SBS; ROUND_HALF_UP se conserva como diagnóstico.
2017-11,DISPONIBLE,https://intranet2.sbs.gob.pe/estadistica/financiera/2017/Noviembre/B-2359-no2017.XLS,B-2359-no2017.XLS,C:\Users\Crystell\Desktop\FINANZAS\datos_crudos\Y_B2359_2024200485D\Y_B-2359_2024200485D_2017-11.xls,a2188be4a7c0dbb450df4ec87045771b11b4ed97be55f1699e7e76a6c8517f9d,XLS_OLE,15,65,16,16,0,ULP_1,OK,0.03499998,2.139099531397034947187923027E-10,"_(* #,##0_);_(* \(#,##0\);_(* ""-""??_);_(@_)",0,1,0.5,163620156,163620156,OK,0.001855865,7.518819895959139572548733783E-11,"_(* #,##0_);_(* \(#,##0\);_(* ""-""??_);_(@_)",0,1,0.5,24682929,24682929,OK,0.009,3.697312269168818084569955255E-11,"_(* #,##0_);_(* \(#,##0\);_(* ""-""??_);_(@_)",0,1,0.5,243420067,243420067,2026-09-24T17:40:10-05:00,B-2359 extraído y validado con tolerancia de fuente derivada de la precisión visible SBS; ROUND_HALF_UP se conserva como diagnóstico.
2017-12,DISPONIBLE,https://intranet2.sbs.gob.pe/estadistica/financiera/2017/Diciembre/B-2359-di2017.XLS,B-2359-di2017.XLS,C:\Users\Crystell\Desktop\FINANZAS\datos_crudos\Y_B2359_2024200485D\Y_B-2359_2024200485D_2017-12.xls,cd4c1847cd97632903b57a7a1e91632f42ae295f6d6b31d059fdf01727170dfe,XLS_OLE,15,65,16,16,0,ULP_1,OK,0.039,2.367828590307293064512915224E-10,"_(* #,##0_);_(* \(#,##0\);_(* ""-""??_);_(@_)",0,1,0.5,164707868,164707868,OK,0.002159826,8.658679647723477800060242144E-11,"_(* #,##0_);_(* \(#,##0\);_(* ""-""??_);_(@_)",0,1,0.5,24944057,24944057,OK,0.009,3.665218043956498257001105957E-11,"_(* #,##0_);_(* \(#,##0\);_(* ""-""??_);_(@_)",0,1,0.5,245551558,245551558,2026-09-24T17:40:10-05:00,B-2359 extraído y validado con tolerancia de fuente derivada de la precisión visible SBS; ROUND_HALF_UP se conserva como diagnóstico.
2018-01,DISPONIBLE,https://intranet2.sbs.gob.pe/estadistica/financiera/2018/Enero/B-2359-en2018.XLS,B-2359-en2018.XLS,C:\Users\Crystell\Desktop\FINANZAS\datos_crudos\Y_B2359_2024200485D\Y_B-2359_2024200485D_2018-01.xls,221e1b70d61dab3e5e766c27d5bb945d6cd900d1fce560714df782cb65f66c15,XLS_OLE,15,65,16,16,0,ULP_1,OK,0.03099997,1.882695775633300776359029488E-10,"_(* #,##0_);_(* \(#,##0\);_(* ""-""??_);_(@_)",0,1,0.5,164657351,164657351,OK,0.002487567,1.000552116910166966226815141E-10,"_(* #,##0_);_(* \(#,##0\);_(* ""-""??_);_(@_)",0,1,0.5,24861943,24861943,OK,0.00700002,2.861667068508739212332134895E-11,"_(* #,##0_);_(* \(#,##0\);_(* ""-""??_);_(@_)",0,1,0.5,244613361,244613361,2026-09-24T17:40:10-05:00,B-2359 extraído y validado con tolerancia de fuente derivada de la precisión visible SBS; ROUND_HALF_UP se conserva como diagnóstico.
2018-02,DISPONIBLE,https://intranet2.sbs.gob.pe/estadistica/financiera/2018/Febrero/B-2359-fe2018.XLS,B-2359-fe2018.XLS,C:\Users\Crystell\Desktop\FINANZAS\datos_crudos\Y_B2359_2024200485D\Y_B-2359_2024200485D_2018-02.xls,dd7030f79cd503fba3b66827ced1d36a8d5d55e112d5d980b2eb87c7f84f4f5a,XLS_OLE,15,65,16,16,0,ULP_1,OK,0.035,2.121056173526441323459922583E-10,"_(* #,##0_);_(* \(#,##0\);_(* ""-""??_);_(@_)",0,1,0.5,165012131,165012131,OK,0.001533739,6.135280066245894536520953199E-11,"_(* #,##0_);_(* \(#,##0\);_(* ""-""??_);_(@_)",0,1,0.5,24998679,24998679,OK,0.007,2.839666430774762224497013246E-11,"_(* #,##0_);_(* \(#,##0\);_(* ""-""??_);_(@_)",0,1,0.5,246507827,246507827,2026-09-24T17:40:10-05:00,B-2359 extraído y validado con tolerancia de fuente derivada de la precisión visible SBS; ROUND_HALF_UP se conserva como diagnóstico.
2018-03,DISPONIBLE,https://intranet2.sbs.gob.pe/estadistica/financiera/2018/Marzo/B-2359-ma2018.XLS,B-2359-ma2018.XLS,C:\Users\Crystell\Desktop\FINANZAS\datos_crudos\Y_B2359_2024200485D\Y_B-2359_2024200485D_2018-03.xls,db64ce7c755d279cefeac375ddfac2df15e6e70452be76d05569865f0df43b05,XLS_OLE,15,65,16,16,0,ULP_1,OK,0.03600002,2.154374253101972035234324553E-10,"_(* #,##0_);_(* \(#,##0\);_(* ""-""??_);_(@_)",0,1,0.5,167101978,167101978,OK,0.001549427,6.145622328283657673614620115E-11,"_(* #,##0_);_(* \(#,##0\);_(* ""-""??_);_(@_)",0,1,0.5,25211881,25211881,OK,0.009,3.622302967711884995553049797E-11,"_(* #,##0_);_(* \(#,##0\);_(* ""-""??_);_(@_)",0,1,0.5,248460719,248460719,2026-09-24T17:40:10-05:00,B-2359 extraído y validado con tolerancia de fuente derivada de la precisión visible SBS; ROUND_HALF_UP se conserva como diagnóstico.
2018-04,DISPONIBLE,https://intranet2.sbs.gob.pe/estadistica/financiera/2018/Abril/B-2359-ab2018.XLS,B-2359-ab2018.XLS,C:\Users\Crystell\Desktop\FINANZAS\datos_crudos\Y_B2359_2024200485D\Y_B-2359_2024200485D_2018-04.xls,4536ab0bcf1eab3c72d75050e44e2b25b551e4fc60241ff4fd1e36380bfcbba4,XLS_OLE,15,65,16,16,0,ULP_1,OK,0.03999996,2.363415620953101442803880123E-10,"_(* #,##0_);_(* \(#,##0\);_(* ""-""??_);_(@_)",0,1,0.5,169246406,169246406,OK,0.001538936,6.061958336901435356052366915E-11,"_(* #,##0_);_(* \(#,##0\);_(* ""-""??_);_(@_)",0,1,0.5,25386780,25386780,OK,0.009,3.575286860574599491193232854E-11,"_(* #,##0_);_(* \(#,##0\);_(* ""-""??_);_(@_)",0,1,0.5,251728053,251728053,2026-09-24T17:40:11-05:00,B-2359 extraído y validado con tolerancia de fuente derivada de la precisión visible SBS; ROUND_HALF_UP se conserva como diagnóstico.
2018-05,DISPONIBLE,https://intranet2.sbs.gob.pe/estadistica/financiera/2018/Mayo/B-2359-my2018.XLS,B-2359-my2018.XLS,C:\Users\Crystell\Desktop\FINANZAS\datos_crudos\Y_B2359_2024200485D\Y_B-2359_2024200485D_2018-05.xls,054a39973a127bc657579a866344c73c361de7952d60c623855e1356681bc5fe,XLS_OLE,15,65,16,16,0,ULP_1,OK,0.036,2.111621813620218342693504262E-10,"_(* #,##0_);_(* \(#,##0\);_(* ""-""??_);_(@_)",0,1,0.5,170485073,170485073,OK,0.00152765,5.916871258682264273402377117E-11,"_(* #,##0_);_(* \(#,##0\);_(* ""-""??_);_(@_)",0,1,0.5,25818544,25818544,OK,0.007,2.745214657527639104752662393E-11,"_(* #,##0_);_(* \(#,##0\);_(* ""-""??_);_(@_)",0,1,0.5,254989167,254989167,2026-09-24T17:40:11-05:00,B-2359 extraído y validado con tolerancia de fuente derivada de la precisión visible SBS; ROUND_HALF_UP se conserva como diagnóstico.
2018-06,DISPONIBLE,https://intranet2.sbs.gob.pe/estadistica/financiera/2018/Junio/B-2359-jn2018.XLS,B-2359-jn2018.XLS,C:\Users\Crystell\Desktop\FINANZAS\datos_crudos\Y_B2359_2024200485D\Y_B-2359_2024200485D_2018-06.xls,95b8caaf15b3f2158860c30e97f5f7b0307a62c093dd28d90c36ebef6caf91ba,XLS_OLE,15,65,16,16,0,ULP_1,OK,0.034,1.980443005723026893237549283E-10,"_(* #,##0_);_(* \(#,##0\);_(* ""-""??_);_(@_)",0,1,0.5,171678760,171678760,OK,0.000916872,3.543526991213448483997072747E-11,"_(* #,##0_);_(* \(#,##0\);_(* ""-""??_);_(@_)",0,1,0.5,25874560,25874560,OK,0.010,3.901064038567508409976212852E-11,"_(* #,##0_);_(* \(#,##0\);_(* ""-""??_);_(@_)",0,1,0.5,256340319,256340319,2026-09-24T17:40:11-05:00,B-2359 extraído y validado con tolerancia de fuente derivada de la precisión visible SBS; ROUND_HALF_UP se conserva como diagnóstico.
2018-07,DISPONIBLE,https://intranet2.sbs.gob.pe/estadistica/financiera/2018/Julio/B-2359-jl2018.XLS,B-2359-jl2018.XLS,C:\Users\Crystell\Desktop\FINANZAS\datos_crudos\Y_B2359_2024200485D\Y_B-2359_2024200485D_2018-07.xls,4401f5aa8e224749e5c5ca150700d7c8f0d4e76fecf488f0947f4da9fe2418ea,XLS_OLE,15,65,16,16,0,ULP_1,OK,0.034,1.961060588144718327263994143E-10,"_(* #,##0_);_(* \(#,##0\);_(* ""-""??_);_(@_)",0,1,0.5,173375571,173375571,OK,0.001833178,7.164874410037790712592329822E-11,"_(* #,##0_);_(* \(#,##0\);_(* ""-""??_);_(@_)",0,1,0.5,25585626,25585626,OK,0.007,2.722492525414419060189710144E-11,"_(* #,##0_);_(* \(#,##0\);_(* ""-""??_);_(@_)",0,1,0.5,257117327,257117327,2026-09-24T17:40:11-05:00,B-2359 extraído y validado con tolerancia de fuente derivada de la precisión visible SBS; ROUND_HALF_UP se conserva como diagnóstico.
2018-08,DISPONIBLE,https://intranet2.sbs.gob.pe/estadistica/financiera/2018/Agosto/B-2359-ag2018.XLS,B-2359-ag2018.XLS,C:\Users\Crystell\Desktop\FINANZAS\datos_crudos\Y_B2359_2024200485D\Y_B-2359_2024200485D_2018-08.xls,9661f2de72f1edc66326175874d5cd43a19ecf4dca9655952fc842a4288b0c66,XLS_OLE,15,65,16,16,0,ULP_1,OK,0.03600002,2.052039587512972640764790636E-10,"_(* #,##0_);_(* \(#,##0\);_(* ""-""??_);_(@_)",0,1,0.5,175435309,175435309,OK,0.001516992,6.018131911646860649162724200E-11,"_(* #,##0_);_(* \(#,##0\);_(* ""-""??_);_(@_)",0,1,0.5,25207025,25207025,OK,0.007,2.707745350596027512277752401E-11,"_(* #,##0_);_(* \(#,##0\);_(* ""-""??_);_(@_)",0,1,0.5,258517663,258517663,2026-09-24T17:40:11-05:00,B-2359 extraído y validado con tolerancia de fuente derivada de la precisión visible SBS; ROUND_HALF_UP se conserva como diagnóstico.
2018-09,DISPONIBLE,https://intranet2.sbs.gob.pe/estadistica/financiera/2018/Setiembre/B-2359-se2018.XLS,B-2359-se2018.XLS,C:\Users\Crystell\Desktop\FINANZAS\datos_crudos\Y_B2359_2024200485D\Y_B-2359_2024200485D_2018-09.xls,a8a9c628061324b3154bf1ec6c4d7349619fbaf1ee86596716f692f19ec00f73,XLS_OLE,15,65,16,16,0,ULP_1,OK,0.040,2.256060209227340554596938552E-10,"_(* #,##0_);_(* \(#,##0\);_(* ""-""??_);_(@_)",0,1,0.5,177300233,177300233,OK,0.001212123,4.760267750232410506022008332E-11,"_(* #,##0_);_(* \(#,##0\);_(* ""-""??_);_(@_)",0,1,0.5,25463337,25463337,OK,0.008,3.061272399185337088153760123E-11,"_(* #,##0_);_(* \(#,##0\);_(* ""-""??_);_(@_)",0,1,0.5,261329243,261329243,2026-09-24T17:40:11-05:00,B-2359 extraído y validado con tolerancia de fuente derivada de la precisión visible SBS; ROUND_HALF_UP se conserva como diagnóstico.
2018-10,DISPONIBLE,https://intranet2.sbs.gob.pe/estadistica/financiera/2018/Octubre/B-2359-oc2018.XLS,B-2359-oc2018.XLS,C:\Users\Crystell\Desktop\FINANZAS\datos_crudos\Y_B2359_2024200485D\Y_B-2359_2024200485D_2018-10.xls,9dd290ad828b96cc6af7d17ff7fb10cf78ee2d7dddff9ee916a1d58608915c95,XLS_OLE,15,65,16,16,0,ULP_1,OK,0.035,1.941219174873121107183116057E-10,"_(* #,##0_);_(* \(#,##0\);_(* ""-""??_);_(@_)",0,1,0.5,180299064,180299064,OK,0.00178306,7.089369698433091894048043196E-11,"_(* #,##0_);_(* \(#,##0\);_(* ""-""??_);_(@_)",0,1,0.5,25151178,25151178,OK,0.008,3.019633906218892768317743735E-11,"_(* #,##0_);_(* \(#,##0\);_(* ""-""??_);_(@_)",0,1,0.5,264932778,264932778,2026-09-24T17:40:11-05:00,B-2359 extraído y validado con tolerancia de fuente derivada de la precisión visible SBS; ROUND_HALF_UP se conserva como diagnóstico.
2018-11,DISPONIBLE,https://intranet2.sbs.gob.pe/estadistica/financiera/2018/Noviembre/B-2359-no2018.XLS,B-2359-no2018.XLS,C:\Users\Crystell\Desktop\FINANZAS\datos_crudos\Y_B2359_2024200485D\Y_B-2359_2024200485D_2018-11.xls,05b81858677563345d5e36d9097a82114fd13f06789ab85fe1f29912515d3b66,XLS_OLE,15,65,16,16,0,ULP_1,OK,0.036,1.983470948902405315165741990E-10,"_(* #,##0_);_(* \(#,##0\);_(* ""-""??_);_(@_)",0,1,0.5,181500011,181500011,OK,0.001775146,7.016179288103451376761357809E-11,"_(* #,##0_);_(* \(#,##0\);_(* ""-""??_);_(@_)",0,1,0.5,25300750,25300750,OK,0.007,2.621560374619160117622844828E-11,"_(* #,##0_);_(* \(#,##0\);_(* ""-""??_);_(@_)",0,1,0.5,267016547,267016547,2026-09-24T17:40:11-05:00,B-2359 extraído y validado con tolerancia de fuente derivada de la precisión visible SBS; ROUND_HALF_UP se conserva como diagnóstico.
2018-12,DISPONIBLE,https://intranet2.sbs.gob.pe/estadistica/financiera/2018/Diciembre/B-2359-di2018.XLS,B-2359-di2018.XLS,C:\Users\Crystell\Desktop\FINANZAS\datos_crudos\Y_B2359_2024200485D\Y_B-2359_2024200485D_2018-12.xls,297bb4307a9304fd326d99f8c6d34c5ec9c7ad61edfd5016c9f61a90af289880,XLS_OLE,15,65,16,16,0,ULP_1,OK,0.038,2.062055946039324788446747918E-10,"_(* #,##0_);_(* \(#,##0\);_(* ""-""??_);_(@_)",0,1,0.5,184282100,184282100,OK,0.001778833,6.946031513631935473643494590E-11,"_(* #,##0_);_(* \(#,##0\);_(* ""-""??_);_(@_)",0,1,0.5,25609342,25609342,OK,0.007,2.586247548365966873098643601E-11,"_(* #,##0_);_(* \(#,##0\);_(* ""-""??_);_(@_)",0,1,0.5,270662412,270662412,2026-09-24T17:40:11-05:00,B-2359 extraído y validado con tolerancia de fuente derivada de la precisión visible SBS; ROUND_HALF_UP se conserva como diagnóstico.
2019-01,DISPONIBLE,https://intranet2.sbs.gob.pe/estadistica/financiera/2019/Enero/B-2359-en2019.XLS,B-2359-en2019.XLS,C:\Users\Crystell\Desktop\FINANZAS\datos_crudos\Y_B2359_2024200485D\Y_B-2359_2024200485D_2019-01.xls,1efbe0c85ae9c19ac54d9c3087c803deff0964972fcc8b85e7c4d265eba7627b,XLS_OLE,15,65,16,16,0,ULP_1,OK,0.036,1.966938959781611607834029810E-10,"_(* #,##0_);_(* \(#,##0\);_(* ""-""??_);_(@_)",0,1,0.5,183025507,183025507,OK,0.002099581,8.303240967896996236661955280E-11,"_(* #,##0_);_(* \(#,##0\);_(* ""-""??_);_(@_)",0,1,0.5,25286283,25286283,OK,0.00799998,2.992548826880862103224773960E-11,"_(* #,##0_);_(* \(#,##0\);_(* ""-""??_);_(@_)",0,1,0.5,267329974,267329974,2026-09-24T17:40:11-05:00,B-2359 extraído y validado con tolerancia de fuente derivada de la precisión visible SBS; ROUND_HALF_UP se conserva como diagnóstico.
2019-02,DISPONIBLE,https://intranet2.sbs.gob.pe/estadistica/financiera/2019/Febrero/B-2359-fe2019.XLS,B-2359-fe2019.XLS,C:\Users\Crystell\Desktop\FINANZAS\datos_crudos\Y_B2359_2024200485D\Y_B-2359_2024200485D_2019-02.xls,5bccf4c3470b5871859cf473f20ce98e477e49cb5fae55c4c7beb0a72e677b85,XLS_OLE,15,65,16,16,0,ULP_1,OK,0.035,1.917224392393356761712133893E-10,"_(* #,##0_);_(* \(#,##0\);_(* ""-""??_);_(@_)",0,1,0.5,182555574,182555574,OK,0.001816533,7.221436741254826615482055251E-11,"_(* #,##0_);_(* \(#,##0\);_(* ""-""??_);_(@_)",0,1,0.5,25154731,25154731,OK,0.009,3.388022906987634975175525995E-11,"_(* #,##0_);_(* \(#,##0\);_(* ""-""??_);_(@_)",0,1,0.5,265641651,265641651,2026-09-24T17:40:11-05:00,B-2359 extraído y validado con tolerancia de fuente derivada de la precisión visible SBS; ROUND_HALF_UP se conserva como diagnóstico.
2019-03,DISPONIBLE,https://intranet2.sbs.gob.pe/estadistica/financiera/2019/Marzo/B-2359-ma2019.XLS,B-2359-ma2019.XLS,C:\Users\Crystell\Desktop\FINANZAS\datos_crudos\Y_B2359_2024200485D\Y_B-2359_2024200485D_2019-03.xls,27c41695890bb31cbefcb92de6f7c79589f581c72e9c92a6a4f48daa4afc5864,XLS_OLE,15,65,15,15,0,ULP_1,OK,0.036,1.955398761018490220571049924E-10,"_(* #,##0_);_(* \(#,##0\);_(* ""-""??_);_(@_)",0,1,0.5,184105670,184105671,OK,0.001506932,5.854940708663794298874935751E-11,"_(* #,##0_);_(* \(#,##0\);_(* ""-""??_);_(@_)",0,1,0.5,25737784,25737784,OK,0.009,3.339472542699542688624861988E-11,"_(* #,##0_);_(* \(#,##0\);_(* ""-""??_);_(@_)",0,1,0.5,269503638,269503638,2026-09-24T17:40:12-05:00,B-2359 extraído y validado con tolerancia de fuente derivada de la precisión visible SBS; ROUND_HALF_UP se conserva como diagnóstico.
2019-04,DISPONIBLE,https://intranet2.sbs.gob.pe/estadistica/financiera/2019/Abril/B-2359-ab2019.XLS,B-2359-ab2019.XLS,C:\Users\Crystell\Desktop\FINANZAS\datos_crudos\Y_B2359_2024200485D\Y_B-2359_2024200485D_2019-04.xls,367ca05a8bf3a3db791db6c1e8734ff19ea8784b8c65e3ed54422289b1524121,XLS_OLE,15,65,15,15,0,ULP_1,OK,0.032,1.726401671812911374245630044E-10,"_(* #,##0_);_(* \(#,##0\);_(* ""-""??_);_(@_)",0,1,0.5,185356632,185356632,OK,0.001511030,5.855155040733833295074666584E-11,"_(* #,##0_);_(* \(#,##0\);_(* ""-""??_);_(@_)",0,1,0.5,25806832,25806832,OK,0.008,2.954739615517041663276201757E-11,"_(* #,##0_);_(* \(#,##0\);_(* ""-""??_);_(@_)",0,1,0.5,270751438,270751438,2026-09-24T17:40:12-05:00,B-2359 extraído y validado con tolerancia de fuente derivada de la precisión visible SBS; ROUND_HALF_UP se conserva como diagnóstico.
2019-05,DISPONIBLE,https://intranet2.sbs.gob.pe/estadistica/financiera/2019/Mayo/B-2359-my2019.XLS,B-2359-my2019.XLS,C:\Users\Crystell\Desktop\FINANZAS\datos_crudos\Y_B2359_2024200485D\Y_B-2359_2024200485D_2019-05.xls,b3b342446b6581b0ec0e1bd0272c4bb2f208db4300b777732322fce5dd4e77ba,XLS_OLE,15,65,15,15,0,ULP_1,OK,0.035,1.873927782305948649916503733E-10,"_(* #,##0_);_(* \(#,##0\);_(* ""-""??_);_(@_)",0,1,0.5,186773473,186773473,OK,0.001484119,5.711044261310812499326868912E-11,"_(* #,##0_);_(* \(#,##0\);_(* ""-""??_);_(@_)",0,1,0.5,25986824,25986824,OK,0.006,2.187202024881486242568996964E-11,"_(* #,##0_);_(* \(#,##0\);_(* ""-""??_);_(@_)",0,1,0.5,274323082,274323082,2026-09-24T17:40:12-05:00,B-2359 extraído y validado con tolerancia de fuente derivada de la precisión visible SBS; ROUND_HALF_UP se conserva como diagnóstico.
2019-06,DISPONIBLE,https://intranet2.sbs.gob.pe/estadistica/financiera/2019/Junio/B-2359-jn2019.XLS,B-2359-jn2019.XLS,C:\Users\Crystell\Desktop\FINANZAS\datos_crudos\Y_B2359_2024200485D\Y_B-2359_2024200485D_2019-06.xls,728b70691d807e3b79b29875bc9a13b52a22824e0e776d73af3a8aa3b182396b,XLS_OLE,15,65,15,15,0,ULP_1,OK,0.032,1.696427231424771994165864375E-10,"_(* #,##0_);_(* \(#,##0\);_(* ""-""??_);_(@_)",0,1,0.5,188631728,188631728,OK,0.001521141,5.857510986978234357503072398E-11,"_(* #,##0_);_(* \(#,##0\);_(* ""-""??_);_(@_)",0,1,0.5,25969068,25969068,OK,0.008,2.919792704975762451986757587E-11,"_(* #,##0_);_(* \(#,##0\);_(* ""-""??_);_(@_)",0,1,0.5,273992054,273992054,2026-09-24T17:40:12-05:00,B-2359 extraído y validado con tolerancia de fuente derivada de la precisión visible SBS; ROUND_HALF_UP se conserva como diagnóstico.
2019-07,DISPONIBLE,https://intranet2.sbs.gob.pe/estadistica/financiera/2019/Julio/B-2359-jl2019.XLS,B-2359-jl2019.XLS,C:\Users\Crystell\Desktop\FINANZAS\datos_crudos\Y_B2359_2024200485D\Y_B-2359_2024200485D_2019-07.xls,7146ffb8c22777a4829d4c7292746258099b62a895e9147bc7dc063e20f9ad8d,XLS_OLE,15,65,15,15,0,ULP_1,OK,0.034,1.792170094613028921577774149E-10,"_(* #,##0_);_(* \(#,##0\);_(* ""-""??_);_(@_)",0,1,0.5,189714135,189714135,OK,0.001511030,5.835397569485981510259891944E-11,"_(* #,##0_);_(* \(#,##0\);_(* ""-""??_);_(@_)",0,1,0.5,25894208,25894208,OK,0.006,2.178664500987412789179042028E-11,"_(* #,##0_);_(* \(#,##0\);_(* ""-""??_);_(@_)",0,1,0.5,275398071,275398071,2026-09-24T17:40:12-05:00,B-2359 extraído y validado con tolerancia de fuente derivada de la precisión visible SBS; ROUND_HALF_UP se conserva como diagnóstico.
2019-08,DISPONIBLE,https://intranet2.sbs.gob.pe/estadistica/financiera/2019/Agosto/B-2359-ag2019.XLS,B-2359-ag2019.XLS,C:\Users\Crystell\Desktop\FINANZAS\datos_crudos\Y_B2359_2024200485D\Y_B-2359_2024200485D_2019-08.xls,62a2d9f059882a4eaf0631617a821459e4eb51b83f53080ddd214d967b5fcc69,XLS_OLE,15,65,15,15,0,ULP_1,OK,0.035,1.827814896204332129628945946E-10,"_(* #,##0_);_(* \(#,##0\);_(* ""-""??_);_(@_)",0,1,0.5,191485473,191485473,OK,0.001472752,5.674879466726508871164784315E-11,"_(* #,##0_);_(* \(#,##0\);_(* ""-""??_);_(@_)",0,1,0.5,25952128,25952128,OK,0.008,2.861302489933892050631158543E-11,"_(* #,##0_);_(* \(#,##0\);_(* ""-""??_);_(@_)",0,1,0.5,279592949,279592949,2026-09-24T17:40:12-05:00,B-2359 extraído y validado con tolerancia de fuente derivada de la precisión visible SBS; ROUND_HALF_UP se conserva como diagnóstico.
2019-09,DISPONIBLE,https://intranet2.sbs.gob.pe/estadistica/financiera/2019/Setiembre/B-2359-se2019.XLS,B-2359-se2019.XLS,C:\Users\Crystell\Desktop\FINANZAS\datos_crudos\Y_B2359_2024200485D\Y_B-2359_2024200485D_2019-09.xls,05f028c749a8b72c302f02e321571665f06a74db698bae90dc0b3fa9f512515a,XLS_OLE,15,65,15,15,0,ULP_1,OK,0.03400002,1.758464060286667564999219400E-10,"_(* #,##0_);_(* \(#,##0\);_(* ""-""??_);_(@_)",0,1,0.5,193350668,193350668,OK,0.000886785,3.449792131554093597818465567E-11,"_(* #,##0_);_(* \(#,##0\);_(* ""-""??_);_(@_)",0,1,0.5,25705462,25705462,OK,0.009,3.210705261775030687149252548E-11,"_(* #,##0_);_(* \(#,##0\);_(* ""-""??_);_(@_)",0,1,0.5,280312245,280312245,2026-09-24T17:40:12-05:00,B-2359 extraído y validado con tolerancia de fuente derivada de la precisión visible SBS; ROUND_HALF_UP se conserva como diagnóstico.
2019-10,DISPONIBLE,https://intranet2.sbs.gob.pe/estadistica/financiera/2019/Octubre/B-2359-oc2019.XLS,B-2359-oc2019.XLS,C:\Users\Crystell\Desktop\FINANZAS\datos_crudos\Y_B2359_2024200485D\Y_B-2359_2024200485D_2019-10.xls,060cf2881ff692874152331cabd0d3bbc19c3c094fd1e5aacae30d96b75d72f9,XLS_OLE,15,65,15,15,0,ULP_1,OK,0.040,2.035147884098791566558860307E-10,"_(* #,##0_);_(* \(#,##0\);_(* ""-""??_);_(@_)",0,1,0.5,196545913,196545914,OK,0.001792652,6.918007124020914366768661558E-11,"_(* #,##0_);_(* \(#,##0\);_(* ""-""??_);_(@_)",0,1,0.5,25912838,25912838,OK,0.008,2.824099049318101696414632084E-11,"_(* #,##0_);_(* \(#,##0\);_(* ""-""??_);_(@_)",0,1,0.5,283276183,283276183,2026-09-24T17:40:12-05:00,B-2359 extraído y validado con tolerancia de fuente derivada de la precisión visible SBS; ROUND_HALF_UP se conserva como diagnóstico.
2019-11,DISPONIBLE,https://intranet2.sbs.gob.pe/estadistica/financiera/2019/Noviembre/B-2359-no2019.XLS,B-2359-no2019.XLS,C:\Users\Crystell\Desktop\FINANZAS\datos_crudos\Y_B2359_2024200485D\Y_B-2359_2024200485D_2019-11.xls,aa341ecedee974dca896cf289c46539faaed63d9063b55ac4316a096141c9bd1,XLS_OLE,15,65,15,15,0,ULP_1,OK,0.033,1.663273656961900321657296514E-10,"_(* #,##0_);_(* \(#,##0\);_(* ""-""??_);_(@_)",0,1,0.5,198403912,198403912,OK,0.00176679,6.769490837623092320805980795E-11,"_(* #,##0_);_(* \(#,##0\);_(* ""-""??_);_(@_)",0,1,0.5,26099304,26099304,OK,0.006,2.090321768350707331181190719E-11,"_(* #,##0_);_(* \(#,##0\);_(* ""-""??_);_(@_)",0,1,0.5,287037149,287037149,2026-09-24T17:40:12-05:00,B-2359 extraído y validado con tolerancia de fuente derivada de la precisión visible SBS; ROUND_HALF_UP se conserva como diagnóstico.
2019-12,DISPONIBLE,https://intranet2.sbs.gob.pe/estadistica/financiera/2019/Diciembre/B-2359-di2019.XLS,B-2359-di2019.XLS,C:\Users\Crystell\Desktop\FINANZAS\datos_crudos\Y_B2359_2024200485D\Y_B-2359_2024200485D_2019-12.xls,c043dff7ff24b1e03a0dc8ab707220be002478c921c78e40be084484eb9ad980,XLS_OLE,15,65,15,15,0,ULP_1,OK,0.02900002,1.447606084995039131595260500E-10,"_(* #,##0_);_(* \(#,##0\);_(* ""-""??_);_(@_)",0,1,0.5,200330879,200330879,OK,0.001508750,5.830573179220155774520625406E-11,"_(* #,##0_);_(* \(#,##0\);_(* ""-""??_);_(@_)",0,1,0.5,25876530,25876530,OK,0.008,2.796364877359430971608679495E-11,"_(* #,##0_);_(* \(#,##0\);_(* ""-""??_);_(@_)",0,1,0.5,286085699,286085699,2026-09-24T17:40:12-05:00,B-2359 extraído y validado con tolerancia de fuente derivada de la precisión visible SBS; ROUND_HALF_UP se conserva como diagnóstico.
2020-01,DISPONIBLE,https://intranet2.sbs.gob.pe/estadistica/financiera/2020/Enero/B-2359-en2020.XLS,B-2359-en2020.XLS,C:\Users\Crystell\Desktop\FINANZAS\datos_crudos\Y_B2359_2024200485D\Y_B-2359_2024200485D_2020-01.xls,9bbfbed472a56f8cb67c7daa3c8ac0b0cc0ee38ea63618c99b6cf147734d48d0,XLS_OLE,15,65,15,15,0,ULP_1,OK,0.035,1.748795699204172939954468433E-10,"_(* #,##0_);_(* \(#,##0\);_(* ""-""??_);_(@_)",0,1,0.5,200137729,200137729,OK,0.001778303,6.935334148200019412554888911E-11,"_(* #,##0_);_(* \(#,##0\);_(* ""-""??_);_(@_)",0,1,0.5,25641201,25641201,OK,0.007,2.441992706012223634237810940E-11,"_(* #,##0_);_(* \(#,##0\);_(* ""-""??_);_(@_)",0,1,0.5,286651143,286651143,2026-09-24T17:40:12-05:00,B-2359 extraído y validado con tolerancia de fuente derivada de la precisión visible SBS; ROUND_HALF_UP se conserva como diagnóstico.
2020-02,DISPONIBLE,https://intranet2.sbs.gob.pe/estadistica/financiera/2020/Febrero/B-2359-fe2020.XLS,B-2359-fe2020.XLS,C:\Users\Crystell\Desktop\FINANZAS\datos_crudos\Y_B2359_2024200485D\Y_B-2359_2024200485D_2020-02.xls,64fd0da5ab08400245514942dca52db22485721eba9eb8145fa7a8a6b5640e35,XLS_OLE,15,65,15,15,0,ULP_1,OK,0.02800000,1.384296004970618897680769374E-10,"_(* #,##0_);_(* \(#,##0\);_(* ""-""??_);_(@_)",0,1,0.5,202268878,202268878,OK,0.002319514,9.138116131644324753177424165E-11,"_(* #,##0_);_(* \(#,##0\);_(* ""-""??_);_(@_)",0,1,0.5,25382847,25382847,OK,0.007,2.415339619437536429036758493E-11,"_(* #,##0_);_(* \(#,##0\);_(* ""-""??_);_(@_)",0,1,0.5,289814316,289814316,2026-09-24T17:40:13-05:00,B-2359 extraído y validado con tolerancia de fuente derivada de la precisión visible SBS; ROUND_HALF_UP se conserva como diagnóstico.
2020-03,DISPONIBLE,https://intranet2.sbs.gob.pe/estadistica/financiera/2020/Marzo/B-2359-ma2020.XLS,B-2359-ma2020.XLS,C:\Users\Crystell\Desktop\FINANZAS\datos_crudos\Y_B2359_2024200485D\Y_B-2359_2024200485D_2020-03.xls,ab2520ca3e2b160d9b73d072d0b949be0ca9800f6fc9fb6117a58558e27efadb,XLS_OLE,15,65,15,15,0,ULP_1,OK,0.03299997,1.608709431560794082154714311E-10,"_(* #,##0_);_(* \(#,##0\);_(* ""-""??_);_(@_)",0,1,0.5,205133192,205133192,OK,0.001454759,5.539714385634619637283246138E-11,"_(* #,##0_);_(* \(#,##0\);_(* ""-""??_);_(@_)",0,1,0.5,26260542,26260542,OK,0.00899997,3.046802361271259215680982187E-11,"_(* #,##0_);_(* \(#,##0\);_(* ""-""??_);_(@_)",0,1,0.5,295390673,295390673,2026-09-24T17:40:13-05:00,B-2359 extraído y validado con tolerancia de fuente derivada de la precisión visible SBS; ROUND_HALF_UP se conserva como diagnóstico.
2020-04,DISPONIBLE,https://intranet2.sbs.gob.pe/estadistica/financiera/2020/Abril/B-2359-ab2020.XLS,B-2359-ab2020.XLS,C:\Users\Crystell\Desktop\FINANZAS\datos_crudos\Y_B2359_2024200485D\Y_B-2359_2024200485D_2020-04.xls,e34759c651a2890d33b29ab0afa7221962671aaf2f139026c4102bef44ce957a,XLS_OLE,15,65,15,15,0,ULP_1,OK,0.036,1.737734319503894015190430408E-10,"_(* #,##0_);_(* \(#,##0\);_(* ""-""??_);_(@_)",0,1,0.5,207166306,207166306,OK,0.001775671,6.719383141690965573254760389E-11,"_(* #,##0_);_(* \(#,##0\);_(* ""-""??_);_(@_)",0,1,0.5,26426101,26426101,OK,0.009,3.035821656946786208144766670E-11,"_(* #,##0_);_(* \(#,##0\);_(* ""-""??_);_(@_)",0,1,0.5,296460103,296460103,2026-09-24T17:40:13-05:00,B-2359 extraído y validado con tolerancia de fuente derivada de la precisión visible SBS; ROUND_HALF_UP se conserva como diagnóstico.
2020-05,DISPONIBLE,https://intranet2.sbs.gob.pe/estadistica/financiera/2020/Mayo/B-2359-my2020.XLS,B-2359-my2020.XLS,C:\Users\Crystell\Desktop\FINANZAS\datos_crudos\Y_B2359_2024200485D\Y_B-2359_2024200485D_2020-05.xls,eff23476d7f4331b9470ad7f8d3f99777e9a24f4a1a62b7cb684990629bce3f9,XLS_OLE,15,65,15,15,0,ULP_1,OK,0.03499998,1.523738791998473718751620488E-10,"_(* #,##0_);_(* \(#,##0\);_(* ""-""??_);_(@_)",0,1,0.5,229698031,229698031,OK,0.001748249,6.808699292411932441967233317E-11,"_(* #,##0_);_(* \(#,##0\);_(* ""-""??_);_(@_)",0,1,0.5,25676696,25676696,OK,0.008,2.517144502936248513622989188E-11,"_(* #,##0_);_(* \(#,##0\);_(* ""-""??_);_(@_)",0,1,0.5,317820451,317820451,2026-09-24T17:40:13-05:00,B-2359 extraído y validado con tolerancia de fuente derivada de la precisión visible SBS; ROUND_HALF_UP se conserva como diagnóstico.
2020-06,DISPONIBLE,https://intranet2.sbs.gob.pe/estadistica/financiera/2020/Junio/B-2359-jn2020.XLS,B-2359-jn2020.XLS,C:\Users\Crystell\Desktop\FINANZAS\datos_crudos\Y_B2359_2024200485D\Y_B-2359_2024200485D_2020-06.xls,2c2a3d020c505e17ba74653983183eeef20dde9c7fa93bb3f22e3a28eb16aa7e,XLS_OLE,15,65,15,15,0,ULP_1,OK,0.03900003,1.676584835552927128186117476E-10,"_(* #,##0_);_(* \(#,##0\);_(* ""-""??_);_(@_)",0,1,0.5,232615906,232615906,OK,0.001978520,7.943324771683274730588503641E-11,"_(* #,##0_);_(* \(#,##0\);_(* ""-""??_);_(@_)",0,1,0.5,24907958,24907958,OK,0.008,2.494230057101053112727536681E-11,"_(* #,##0_);_(* \(#,##0\);_(* ""-""??_);_(@_)",0,1,0.5,320740261,320740261,2026-09-24T17:40:13-05:00,B-2359 extraído y validado con tolerancia de fuente derivada de la precisión visible SBS; ROUND_HALF_UP se conserva como diagnóstico.
2020-07,DISPONIBLE,https://intranet2.sbs.gob.pe/estadistica/financiera/2020/Julio/B-2359-jl2020.XLS,B-2359-jl2020.XLS,C:\Users\Crystell\Desktop\FINANZAS\datos_crudos\Y_B2359_2024200485D\Y_B-2359_2024200485D_2020-07.xls,d48d1c4ee9b6e64168534f3f9ceaa7498922b424bc63277e3719fac7ada1aed4,XLS_OLE,15,65,16,15,1,ULP_1,OK,0.03199998,1.345033019271408271408980405E-10,"_(* #,##0_);_(* \(#,##0\);_(* ""-""??_);_(@_)",0,1,0.5,237912226,237912226,OK,0.001701647,6.947726812013753300130740058E-11,"_(* #,##0_);_(* \(#,##0\);_(* ""-""??_);_(@_)",0,1,0.5,24492140,24492140,OK,0.006,1.850301293462956013722548288E-11,"_(* #,##0_);_(* \(#,##0\);_(* ""-""??_);_(@_)",0,1,0.5,324271513,324271513,2026-09-24T17:40:13-05:00,B-2359 extraído y validado con tolerancia de fuente derivada de la precisión visible SBS; ROUND_HALF_UP se conserva como diagnóstico.
2020-08,DISPONIBLE,https://intranet2.sbs.gob.pe/estadistica/financiera/2020/Agosto/B-2359-ag2020.XLS,B-2359-ag2020.XLS,C:\Users\Crystell\Desktop\FINANZAS\datos_crudos\Y_B2359_2024200485D\Y_B-2359_2024200485D_2020-08.xls,eccbb207dd6951e7beeafe3fbaf8b2c39052f3f0a30901d46403f5db1c8e61fb,XLS_OLE,15,65,16,15,1,ULP_1,OK,0.037,1.522035047209007995551770335E-10,"_(* #,##0_);_(* \(#,##0\);_(* ""-""??_);_(@_)",0,1,0.5,243095585,243095585,OK,0.001975167,8.341042025413487343754749208E-11,"_(* #,##0_);_(* \(#,##0\);_(* ""-""??_);_(@_)",0,1,0.5,23680099,23680099,OK,0.007,2.140555901053385717244079747E-11,"_(* #,##0_);_(* \(#,##0\);_(* ""-""??_);_(@_)",0,1,0.5,327017855,327017855,2026-09-24T17:40:13-05:00,B-2359 extraído y validado con tolerancia de fuente derivada de la precisión visible SBS; ROUND_HALF_UP se conserva como diagnóstico.
2020-09,DISPONIBLE,https://intranet2.sbs.gob.pe/estadistica/financiera/2020/Setiembre/B-2359-se2020.XLS,B-2359-se2020.XLS,C:\Users\Crystell\Desktop\FINANZAS\datos_crudos\Y_B2359_2024200485D\Y_B-2359_2024200485D_2020-09.xls,5886fbb3661b720d4bf6d10eff8b055f44a27594fd7622f9ca4cb4bddd4a9338,XLS_OLE,15,65,16,15,1,ULP_1,OK,0.03100003,1.270516757521205023549629175E-10,"_(* #,##0_);_(* \(#,##0\);_(* ""-""??_);_(@_)",0,1,0.5,243995444,243995444,OK,0.001668059,7.271051281421102992567555396E-11,"_(* #,##0_);_(* \(#,##0\);_(* ""-""??_);_(@_)",0,1,0.5,22941098,22941098,OK,0.006,1.837590261528862792720104594E-11,"_(* #,##0_);_(* \(#,##0\);_(* ""-""??_);_(@_)",0,1,0.5,326514573,326514573,2026-09-24T17:40:13-05:00,B-2359 extraído y validado con tolerancia de fuente derivada de la precisión visible SBS; ROUND_HALF_UP se conserva como diagnóstico.
2020-10,DISPONIBLE,https://intranet2.sbs.gob.pe/estadistica/financiera/2020/Octubre/B-2359-oc2020.XLS,B-2359-oc2020.XLS,C:\Users\Crystell\Desktop\FINANZAS\datos_crudos\Y_B2359_2024200485D\Y_B-2359_2024200485D_2020-10.xls,8841a04874103bd44d5911cd98090568b8406b1fe322cffe83e19135c183b641,XLS_OLE,15,65,16,15,1,ULP_1,OK,0.03800002,1.555539701924435851646143483E-10,"_(* #,##0_);_(* \(#,##0\);_(* ""-""??_);_(@_)",0,1,0.5,244288333,244288333,OK,0.001383895,6.001913339740850928593341224E-11,"_(* #,##0_);_(* \(#,##0\);_(* ""-""??_);_(@_)",0,1,0.5,23057564,23057564,OK,0.006,1.831528048109481487076050325E-11,"_(* #,##0_);_(* \(#,##0\);_(* ""-""??_);_(@_)",0,1,0.5,327595311,327595311,2026-09-24T17:40:13-05:00,B-2359 extraído y validado con tolerancia de fuente derivada de la precisión visible SBS; ROUND_HALF_UP se conserva como diagnóstico.
2020-11,DISPONIBLE,https://intranet2.sbs.gob.pe/estadistica/financiera/2020/Noviembre/B-2359-no2020.XLS,B-2359-no2020.XLS,C:\Users\Crystell\Desktop\FINANZAS\datos_crudos\Y_B2359_2024200485D\Y_B-2359_2024200485D_2020-11.xls,2797523ba76eb1be6ab50b75e12ce6a9bf7f6a0abd72c6c31127c7f12631491d,XLS_OLE,15,65,16,15,1,ULP_1,OK,0.033,1.348952420293352359162546875E-10,"_(* #,##0_);_(* \(#,##0\);_(* ""-""??_);_(@_)",0,1,0.5,244634277,244634277,OK,0.001386193,6.060105830160618077303877723E-11,"_(* #,##0_);_(* \(#,##0\);_(* ""-""??_);_(@_)",0,1,0.5,22874072,22874072,OK,0.008,2.445428307857240268558964396E-11,"_(* #,##0_);_(* \(#,##0\);_(* ""-""??_);_(@_)",0,1,0.5,327141056,327141056,2026-09-24T17:40:13-05:00,B-2359 extraído y validado con tolerancia de fuente derivada de la precisión visible SBS; ROUND_HALF_UP se conserva como diagnóstico.
2020-12,DISPONIBLE,https://intranet2.sbs.gob.pe/estadistica/financiera/2020/Diciembre/B-2359-di2020.XLS,B-2359-di2020.XLS,C:\Users\Crystell\Desktop\FINANZAS\datos_crudos\Y_B2359_2024200485D\Y_B-2359_2024200485D_2020-12.xls,57676f1fee29979a788afe2c2cac847386c197908316c1d5857e49f7d754423b,XLS_OLE,15,65,16,15,1,ULP_1,OK,0.02700002,1.109417693372437725569077024E-10,"_(* #,##0_);_(* \(#,##0\);_(* ""-""??_);_(@_)",0,1,0.5,243371096,243371096,OK,0.001657002,7.259471605957887801622755953E-11,"_(* #,##0_);_(* \(#,##0\);_(* ""-""??_);_(@_)",0,1,0.5,22825380,22825380,OK,0.007,2.147095698078588195598941482E-11,"_(* #,##0_);_(* \(#,##0\);_(* ""-""??_);_(@_)",0,1,0.5,326021798,326021798,2026-09-24T17:40:14-05:00,B-2359 extraído y validado con tolerancia de fuente derivada de la precisión visible SBS; ROUND_HALF_UP se conserva como diagnóstico.
2021-01,DISPONIBLE,https://intranet2.sbs.gob.pe/estadistica/financiera/2021/Enero/B-2359-en2021.XLS,B-2359-en2021.XLS,C:\Users\Crystell\Desktop\FINANZAS\datos_crudos\Y_B2359_2024200485D\Y_B-2359_2024200485D_2021-01.xls,0aa99ac68e2d3c7887afa99593a41f2d977fc9108644fcb457d7cf72bca22f73,XLS_OLE,15,65,16,15,1,ULP_1,OK,0.03500003,1.446459598779391043376009397E-10,"_(* #,##0_);_(* \(#,##0\);_(* ""-""??_);_(@_)",0,1,0.5,241970326,241970326,OK,0.001099206,4.847631166056829566590943056E-11,"_(* #,##0_);_(* \(#,##0\);_(* ""-""??_);_(@_)",0,1,0.5,22675116,22675116,OK,0.007,2.157264100465528184743538266E-11,"_(* #,##0_);_(* \(#,##0\);_(* ""-""??_);_(@_)",0,1,0.5,324485073,324485073,2026-09-24T17:40:14-05:00,B-2359 extraído y validado con tolerancia de fuente derivada de la precisión visible SBS; ROUND_HALF_UP se conserva como diagnóstico.
2021-02,DISPONIBLE,https://intranet2.sbs.gob.pe/estadistica/financiera/2021/Febrero/B-2359-fe2021.XLS,B-2359-fe2021.XLS,C:\Users\Crystell\Desktop\FINANZAS\datos_crudos\Y_B2359_2024200485D\Y_B-2359_2024200485D_2021-02.xls,30f0a498e25f42a22e2d3335fd1481ab9b2bf5508a060d4b2223c44752f7140a,XLS_OLE,15,65,16,15,1,ULP_1,OK,0.03700002,1.531102175447941722760889298E-10,"_(* #,##0_);_(* \(#,##0\);_(* ""-""??_);_(@_)",0,1,0.5,241656113,241656113,OK,0.001096192,4.911794584055298992637892313E-11,"_(* #,##0_);_(* \(#,##0\);_(* ""-""??_);_(@_)",0,1,0.5,22317546,22317546,OK,0.007,2.166559947752202500231537654E-11,"_(* #,##0_);_(* \(#,##0\);_(* ""-""??_);_(@_)",0,1,0.5,323092837,323092837,2026-09-24T17:40:14-05:00,B-2359 extraído y validado con tolerancia de fuente derivada de la precisión visible SBS; ROUND_HALF_UP se conserva como diagnóstico.
2021-03,DISPONIBLE,https://intranet2.sbs.gob.pe/estadistica/financiera/2021/Marzo/B-2359-ma2021.XLS,B-2359-ma2021.XLS,C:\Users\Crystell\Desktop\FINANZAS\datos_crudos\Y_B2359_2024200485D\Y_B-2359_2024200485D_2021-03.xls,977844b822ba349201f9a649bd72d45809f346a1d292cf44cab3d92e42880253,XLS_OLE,15,65,16,15,1,ULP_1,OK,0.03399998,1.403516184712821889594580641E-10,"_(* #,##0_);_(* \(#,##0\);_(* ""-""??_);_(@_)",0,1,0.5,242248578,242248578,OK,0.001330849,5.989751849711665112037190359E-11,"_(* #,##0_);_(* \(#,##0\);_(* ""-""??_);_(@_)",0,1,0.5,22218767,22218767,OK,0.007,2.149055511047436158511572148E-11,"_(* #,##0_);_(* \(#,##0\);_(* ""-""??_);_(@_)",0,1,0.5,325724485,325724485,2026-09-24T17:40:14-05:00,B-2359 extraído y validado con tolerancia de fuente derivada de la precisión visible SBS; ROUND_HALF_UP se conserva como diagnóstico.
2021-04,DISPONIBLE,https://intranet2.sbs.gob.pe/estadistica/financiera/2021/Abril/B-2359-ab2021.XLS,B-2359-ab2021.XLS,C:\Users\Crystell\Desktop\FINANZAS\datos_crudos\Y_B2359_2024200485D\Y_B-2359_2024200485D_2021-04.xls,dc942a5d2101f95cde2c132c71a43e99551783abc7e66f61e105e1df817e948d,XLS_OLE,15,65,16,15,1,ULP_1,OK,0.030,1.229006749994571703527350434E-10,"_(* #,##0_);_(* \(#,##0\);_(* ""-""??_);_(@_)",0,1,0.5,244099554,244099554,OK,0.002112489,9.380430755462903866280135258E-11,"_(* #,##0_);_(* \(#,##0\);_(* ""-""??_);_(@_)",0,1,0.5,22520171,22520171,OK,0.006,1.821585201324033458093769147E-11,"_(* #,##0_);_(* \(#,##0\);_(* ""-""??_);_(@_)",0,1,0.5,329383440,329383440,2026-09-24T17:40:14-05:00,B-2359 extraído y validado con tolerancia de fuente derivada de la precisión visible SBS; ROUND_HALF_UP se conserva como diagnóstico.
2021-05,DISPONIBLE,https://intranet2.sbs.gob.pe/estadistica/financiera/2021/Mayo/B-2359-my2021.XLS,B-2359-my2021.XLS,C:\Users\Crystell\Desktop\FINANZAS\datos_crudos\Y_B2359_2024200485D\Y_B-2359_2024200485D_2021-05.xls,0eff341237cdb377e89931e6b56c1e45a52ccaa26d5531cfd697299d4714cab8,XLS_OLE,15,65,16,15,1,ULP_1,OK,0.033,1.336962347472104004000459157E-10,"_(* #,##0_);_(* \(#,##0\);_(* ""-""??_);_(@_)",0,1,0.5,246828193,246828193,OK,0.001309588,5.587196831771320815593134119E-11,"_(* #,##0_);_(* \(#,##0\);_(* ""-""??_);_(@_)",0,1,0.5,23439088,23439088,OK,0.005,1.486685400357006646051635579E-11,"_(* #,##0_);_(* \(#,##0\);_(* ""-""??_);_(@_)",0,1,0.5,336318632,336318632,2026-09-24T17:40:14-05:00,B-2359 extraído y validado con tolerancia de fuente derivada de la precisión visible SBS; ROUND_HALF_UP se conserva como diagnóstico.
2021-06,DISPONIBLE,https://intranet2.sbs.gob.pe/estadistica/financiera/2021/Junio/B-2359-jn2021.XLS,B-2359-jn2021.XLS,C:\Users\Crystell\Desktop\FINANZAS\datos_crudos\Y_B2359_2024200485D\Y_B-2359_2024200485D_2021-06.xls,5970d97025adfb3f93679eda8bba468b62086917d9b51f82231cf84c3341663d,XLS_OLE,15,65,16,15,1,ULP_1,OK,0.03599995,1.449923760474566650521328388E-10,"_(* #,##0_);_(* \(#,##0\);_(* ""-""??_);_(@_)",0,1,0.5,248288572,248288572,OK,0.001555212,6.558775223531244441810608700E-11,"_(* #,##0_);_(* \(#,##0\);_(* ""-""??_);_(@_)",0,1,0.5,23711927,23711927,OK,0.006,1.765904688689626968046624077E-11,"_(* #,##0_);_(* \(#,##0\);_(* ""-""??_);_(@_)",0,1,0.5,339769187,339769187,2026-09-24T17:40:14-05:00,B-2359 extraído y validado con tolerancia de fuente derivada de la precisión visible SBS; ROUND_HALF_UP se conserva como diagnóstico.
2021-07,DISPONIBLE,https://intranet2.sbs.gob.pe/estadistica/financiera/2021/Julio/B-2359-jl2021.XLS,B-2359-jl2021.XLS,C:\Users\Crystell\Desktop\FINANZAS\datos_crudos\Y_B2359_2024200485D\Y_B-2359_2024200485D_2021-07.xls,6067fc0b12cc8fcb9ad494e9cff7e8c533d5c6d50998155e086626219e3be27b,XLS_OLE,15,65,16,16,0,ULP_1,OK,0.03399995,1.353397603458547611883786344E-10,"_(* #,##0_);_(* \(#,##0\);_(* ""-""??_);_(@_)",0,1,0.5,251219227,251219227,OK,0.001237627,5.250909166010872008036984632E-11,"_(* #,##0_);_(* \(#,##0\);_(* ""-""??_);_(@_)",0,1,0.5,23569766,23569766,OK,0.007,2.020545591301893803136273827E-11,"_(* #,##0_);_(* \(#,##0\);_(* ""-""??_);_(@_)",0,1,0.5,346441082,346441082,2026-09-24T17:40:14-05:00,B-2359 extraído y validado con tolerancia de fuente derivada de la precisión visible SBS; ROUND_HALF_UP se conserva como diagnóstico.
2021-08,DISPONIBLE,https://intranet2.sbs.gob.pe/estadistica/financiera/2021/Agosto/B-2359-ag2021.XLS,B-2359-ag2021.XLS,C:\Users\Crystell\Desktop\FINANZAS\datos_crudos\Y_B2359_2024200485D\Y_B-2359_2024200485D_2021-08.xls,5d7678ecc07600a4e4e7eb0c1831782d95d43c020cd9664fde40135363d88f03,XLS_OLE,15,65,16,16,0,ULP_1,OK,0.03099998,1.224653467309287854777392284E-10,"_(* #,##0_);_(* \(#,##0\);_(* ""-""??_);_(@_)",0,1,0.5,253132668,253132668,OK,0.00171401,7.497262463961435693753716679E-11,"_(* #,##0_);_(* \(#,##0\);_(* ""-""??_);_(@_)",0,1,0.5,22861811,22861811,OK,0.008,2.308800270728026529346393849E-11,"_(* #,##0_);_(* \(#,##0\);_(* ""-""??_);_(@_)",0,1,0.5,346500306,346500306,2026-09-24T17:40:14-05:00,B-2359 extraído y validado con tolerancia de fuente derivada de la precisión visible SBS; ROUND_HALF_UP se conserva como diagnóstico.
2021-09,DISPONIBLE,https://intranet2.sbs.gob.pe/estadistica/financiera/2021/Setiembre/B-2359-se2021.XLS,B-2359-se2021.XLS,C:\Users\Crystell\Desktop\FINANZAS\datos_crudos\Y_B2359_2024200485D\Y_B-2359_2024200485D_2021-09.xls,34aba9e2469312e6472341a95fffb8715fe81929f18063742882a340fe3ed48c,XLS_OLE,15,65,16,16,0,ULP_1,OK,0.03700002,1.456106457152114476891949205E-10,"_(* #,##0_);_(* \(#,##0\);_(* ""-""??_);_(@_)",0,1,0.5,254102437,254102437,OK,0.001451381,6.526169444734428190855583517E-11,"_(* #,##0_);_(* \(#,##0\);_(* ""-""??_);_(@_)",0,1,0.5,22239401,22239401,OK,0.010,2.889838308755013155650341600E-11,"_(* #,##0_);_(* \(#,##0\);_(* ""-""??_);_(@_)",0,1,0.5,346040122,346040122,2026-09-24T17:40:14-05:00,B-2359 extraído y validado con tolerancia de fuente derivada de la precisión visible SBS; ROUND_HALF_UP se conserva como diagnóstico.
2021-10,DISPONIBLE,https://intranet2.sbs.gob.pe/estadistica/financiera/2021/Octubre/B-2359-oc2021.XLS,B-2359-oc2021.XLS,C:\Users\Crystell\Desktop\FINANZAS\datos_crudos\Y_B2359_2024200485D\Y_B-2359_2024200485D_2021-10.xls,e8c57ad22a8c2ef4578948074e4ef398421d27e1718b41bc4f919d1f58be49ff,XLS_OLE,15,65,16,16,0,ULP_1,OK,0.04000002,1.564396723969354192078452715E-10,"_(* #,##0_);_(* \(#,##0\);_(* ""-""??_);_(@_)",0,1,0.5,255689745,255689745,OK,0.002005515,9.015587558970323645487764188E-11,"_(* #,##0_);_(* \(#,##0\);_(* ""-""??_);_(@_)",0,1,0.5,22244973,22244973,OK,0.007,2.032373138338785305098850446E-11,"_(* #,##0_);_(* \(#,##0\);_(* ""-""??_);_(@_)",0,1,0.5,344424942,344424942,2026-09-24T17:40:18-05:00,B-2359 extraído y validado con tolerancia de fuente derivada de la precisión visible SBS; ROUND_HALF_UP se conserva como diagnóstico.
2021-11,DISPONIBLE,https://intranet2.sbs.gob.pe/estadistica/financiera/2021/Noviembre/B-2359-no2021.XLS,B-2359-no2021.XLS,C:\Users\Crystell\Desktop\FINANZAS\datos_crudos\Y_B2359_2024200485D\Y_B-2359_2024200485D_2021-11.xls,f609f750014a00c3e6c307212e5f7087b82d9a117cdb61fbb8b1bdbd27704d9f,XLS_OLE,15,65,16,16,0,ULP_1,OK,0.031,1.201516601443712983229026236E-10,"_(* #,##0_);_(* \(#,##0\);_(* ""-""??_);_(@_)",0,1,0.5,258007255,258007255,OK,0.001477105,6.655744007526277128767758381E-11,"_(* #,##0_);_(* \(#,##0\);_(* ""-""??_);_(@_)",0,1,0.5,22192936,22192936,OK,0.007,2.010598956239794552181256319E-11,"_(* #,##0_);_(* \(#,##0\);_(* ""-""??_);_(@_)",0,1,0.5,348154960,348154960,2026-09-24T17:40:22-05:00,B-2359 extraído y validado con tolerancia de fuente derivada de la precisión visible SBS; ROUND_HALF_UP se conserva como diagnóstico.
2021-12,DISPONIBLE,https://intranet2.sbs.gob.pe/estadistica/financiera/2021/Diciembre/B-2359-di2021.XLS,B-2359-di2021.XLS,C:\Users\Crystell\Desktop\FINANZAS\datos_crudos\Y_B2359_2024200485D\Y_B-2359_2024200485D_2021-12.xls,016cf445337da11d2400b582f873a2b07d536fe2f9848ccad24e815f9c11c6c9,XLS_OLE,15,65,16,16,0,ULP_1,OK,0.035,1.351316932322988945019659498E-10,"_(* #,##0_);_(* \(#,##0\);_(* ""-""??_);_(@_)",0,1,0.5,259006597,259006597,OK,0.001504892,6.591819459454897697353003644E-11,"_(* #,##0_);_(* \(#,##0\);_(* ""-""??_);_(@_)",0,1,0.5,22829691,22829691,OK,0.006,1.714145770930322040325877721E-11,"_(* #,##0_);_(* \(#,##0\);_(* ""-""??_);_(@_)",0,1,0.5,350028574,350028574,2026-09-24T17:40:25-05:00,B-2359 extraído y validado con tolerancia de fuente derivada de la precisión visible SBS; ROUND_HALF_UP se conserva como diagnóstico.
2022-01,DISPONIBLE,https://intranet2.sbs.gob.pe/estadistica/financiera/2022/Enero/B-2359-en2022.XLS,B-2359-en2022.XLS,C:\Users\Crystell\Desktop\FINANZAS\datos_crudos\Y_B2359_2024200485D\Y_B-2359_2024200485D_2022-01.xls,078386e36f20152f1433eab9d64783f806c531642bb9f73fc345da6b5dd38751,XLS_OLE,15,65,16,16,0,ULP_1,OK,0.03299998,1.275946230735890819787483026E-10,"_(* #,##0_);_(* \(#,##0\);_(* ""-""??_);_(@_)",0,1,0.5,258631431,258631431,OK,0.000780638,3.431242532275966722965036690E-11,"_(* #,##0_);_(* \(#,##0\);_(* ""-""??_);_(@_)",0,1,0.5,22750884,22750884,OK,0.009,2.600681951109028612072056701E-11,"_(* #,##0_);_(* \(#,##0\);_(* ""-""??_);_(@_)",0,1,0.5,346063078,346063078,2026-09-24T17:40:28-05:00,B-2359 extraído y validado con tolerancia de fuente derivada de la precisión visible SBS; ROUND_HALF_UP se conserva como diagnóstico.
2022-02,DISPONIBLE,https://intranet2.sbs.gob.pe/estadistica/financiera/2022/Febrero/B-2359-fe2022.XLS,B-2359-fe2022.XLS,C:\Users\Crystell\Desktop\FINANZAS\datos_crudos\Y_B2359_2024200485D\Y_B-2359_2024200485D_2022-02.xls,52abaeec4abfc206c96ab5e826c0af8860276391aa1f220ccbe37f9b2af71ab7,XLS_OLE,15,65,16,16,0,ULP_1,OK,0.03100002,1.194299767789162316328673345E-10,"_(* #,##0_);_(* \(#,##0\);_(* ""-""??_);_(@_)",0,1,0.5,259566491,259566491,OK,0.001597443,6.963695861903133251915132699E-11,"_(* #,##0_);_(* \(#,##0\);_(* ""-""??_);_(@_)",0,1,0.5,22939586,22939586,OK,0.006,1.735470473303748751861501879E-11,"_(* #,##0_);_(* \(#,##0\);_(* ""-""??_);_(@_)",0,1,0.5,345727576,345727576,2026-09-24T17:40:31-05:00,B-2359 extraído y validado con tolerancia de fuente derivada de la precisión visible SBS; ROUND_HALF_UP se conserva como diagnóstico.
2022-03,DISPONIBLE,https://intranet2.sbs.gob.pe/estadistica/financiera/2022/Marzo/B-2359-ma2022.XLS,B-2359-ma2022.XLS,C:\Users\Crystell\Desktop\FINANZAS\datos_crudos\Y_B2359_2024200485D\Y_B-2359_2024200485D_2022-03.xls,7a5e8cb9a4bcc942b9313665a81e49e1de234212227d29a8de26ca109600c3a6,XLS_OLE,15,65,16,16,0,ULP_1,OK,0.03499996,1.337155393763219772106834788E-10,"_(* #,##0_);_(* \(#,##0\);_(* ""-""??_);_(@_)",0,1,0.5,261749383,261749384,OK,0.001892914,8.039089693068885924186818049E-11,"_(* #,##0_);_(* \(#,##0\);_(* ""-""??_);_(@_)",0,1,0.5,23546372,23546372,OK,0.006,1.720065779996987453744031824E-11,"_(* #,##0_);_(* \(#,##0\);_(* ""-""??_);_(@_)",0,1,0.5,348823869,348823869,2026-09-24T17:40:34-05:00,B-2359 extraído y validado con tolerancia de fuente derivada de la precisión visible SBS; ROUND_HALF_UP se conserva como diagnóstico.
2022-04,DISPONIBLE,https://intranet2.sbs.gob.pe/estadistica/financiera/2022/Abril/B-2359-ab2022.XLS,B-2359-ab2022.XLS,C:\Users\Crystell\Desktop\FINANZAS\datos_crudos\Y_B2359_2024200485D\Y_B-2359_2024200485D_2022-04.xls,a188e8c45abcc423a2eda95b73806d072aed5213daaedcb02dafc116481010f9,XLS_OLE,15,65,16,16,0,ULP_1,OK,0.03600004,1.375583345891548433216833331E-10,"_(* #,##0_);_(* \(#,##0\);_(* ""-""??_);_(@_)",0,1,0.5,261707443,261707443,OK,0.001825768,7.612636232066092397145103530E-11,"_(* #,##0_);_(* \(#,##0\);_(* ""-""??_);_(@_)",0,1,0.5,23983387,23983387,OK,0.006,1.696545911510253126816656113E-11,"_(* #,##0_);_(* \(#,##0\);_(* ""-""??_);_(@_)",0,1,0.5,353659748,353659748,2026-09-24T17:40:37-05:00,B-2359 extraído y validado con tolerancia de fuente derivada de la precisión visible SBS; ROUND_HALF_UP se conserva como diagnóstico.
2022-05,DISPONIBLE,https://intranet2.sbs.gob.pe/estadistica/financiera/2022/Mayo/B-2359-my2022.XLS,B-2359-my2022.XLS,C:\Users\Crystell\Desktop\FINANZAS\datos_crudos\Y_B2359_2024200485D\Y_B-2359_2024200485D_2022-05.xls,ed5ceedce5c460e3856195cc58340c8e9159c6043ac08da07ded1be2c071ccbc,XLS_OLE,15,65,16,16,0,ULP_1,OK,0.03100003,1.181756449906560436794681183E-10,"_(* #,##0_);_(* \(#,##0\);_(* ""-""??_);_(@_)",0,1,0.5,262321648,262321648,OK,0.001621184,6.614262277227218461117954017E-11,"_(* #,##0_);_(* \(#,##0\);_(* ""-""??_);_(@_)",0,1,0.5,24510428,24510428,OK,0.00600004,1.699560771685116416779004564E-11,"_(* #,##0_);_(* \(#,##0\);_(* ""-""??_);_(@_)",0,1,0.5,353034743,353034743,2026-09-24T17:40:40-05:00,B-2359 extraído y validado con tolerancia de fuente derivada de la precisión visible SBS; ROUND_HALF_UP se conserva como diagnóstico.
2022-06,DISPONIBLE,https://intranet2.sbs.gob.pe/estadistica/financiera/2022/Junio/B-2359-jn2022.XLS,B-2359-jn2022.XLS,C:\Users\Crystell\Desktop\FINANZAS\datos_crudos\Y_B2359_2024200485D\Y_B-2359_2024200485D_2022-06.xls,ed8208f4cef44fa6db53610f4f86251d3a7d002a58f948909198140720c93e6d,XLS_OLE,15,65,16,16,0,ULP_1,OK,0.03700000,1.407106220996227085835469094E-10,"_(* #,##0_);_(* \(#,##0\);_(* ""-""??_);_(@_)",0,1,0.5,262951009,262951009,OK,0.00156863,6.224753207595831799307422653E-11,"_(* #,##0_);_(* \(#,##0\);_(* ""-""??_);_(@_)",0,1,0.5,25199875,25199875,OK,0.006,1.669725377291523610727942964E-11,"_(* #,##0_);_(* \(#,##0\);_(* ""-""??_);_(@_)",0,1,0.5,359340529,359340529,2026-09-24T17:40:43-05:00,B-2359 extraído y validado con tolerancia de fuente derivada de la precisión visible SBS; ROUND_HALF_UP se conserva como diagnóstico.
2022-07,DISPONIBLE,https://intranet2.sbs.gob.pe/estadistica/financiera/2022/Julio/B-2359-jl2022.XLS,B-2359-jl2022.XLS,C:\Users\Crystell\Desktop\FINANZAS\datos_crudos\Y_B2359_2024200485D\Y_B-2359_2024200485D_2022-07.xls,96480c23f8baa5480dde374512a1be42c658fe906a252c582e026e968608eb0a,XLS_OLE,15,65,17,17,0,ULP_1,OK,0.036,1.370495038966325354050772924E-10,"_(* #,##0_);_(* \(#,##0\);_(* ""-""??_);_(@_)",0,1,0.5,262678806,262678806,OK,0.00153061,5.878016441095437850574747308E-11,"_(* #,##0_);_(* \(#,##0\);_(* ""-""??_);_(@_)",0,1,0.5,26039566,26039566,OK,0.007,1.919102133885045426981896542E-11,"_(* #,##0_);_(* \(#,##0\);_(* ""-""??_);_(@_)",0,1,0.5,364753906,364753906,2026-09-24T17:40:47-05:00,B-2359 extraído y validado con tolerancia de fuente derivada de la precisión visible SBS; ROUND_HALF_UP se conserva como diagnóstico.
2022-08,DISPONIBLE,https://intranet2.sbs.gob.pe/estadistica/financiera/2022/Agosto/B-2359-ag2022.XLS,B-2359-ag2022.XLS,C:\Users\Crystell\Desktop\FINANZAS\datos_crudos\Y_B2359_2024200485D\Y_B-2359_2024200485D_2022-08.xls,ac9c826df6edbeb1bfc1edea6c1ea7649800bcdec9a8e40255d0f76cbcd02828,XLS_OLE,15,65,17,17,0,ULP_1,OK,0.03400002,1.301971965757420044494803663E-10,"_(* #,##0_);_(* \(#,##0\);_(* ""-""??_);_(@_)",0,1,0.5,261142489,261142489,OK,0.002081167,8.045417069192812525870292062E-11,"_(* #,##0_);_(* \(#,##0\);_(* ""-""??_);_(@_)",0,1,0.5,25867733,25867733,OK,0.007,1.941327241520097360661517304E-11,"_(* #,##0_);_(* \(#,##0\);_(* ""-""??_);_(@_)",0,1,0.5,360578055,360578055,2026-09-24T17:40:50-05:00,B-2359 extraído y validado con tolerancia de fuente derivada de la precisión visible SBS; ROUND_HALF_UP se conserva como diagnóstico.
2022-09,DISPONIBLE,https://intranet2.sbs.gob.pe/estadistica/financiera/2022/Setiembre/B-2359-se2022.XLS,B-2359-se2022.XLS,C:\Users\Crystell\Desktop\FINANZAS\datos_crudos\Y_B2359_2024200485D\Y_B-2359_2024200485D_2022-09.xls,0abffa799cf1a1301d120b552129f19ca291f128616f0ef279e512aa49425d74,XLS_OLE,15,65,17,17,0,ULP_1,OK,0.03200007,1.230494497202652296739169958E-10,"_(* #,##0_);_(* \(#,##0\);_(* ""-""??_);_(@_)",0,1,0.5,260058619,260058619,OK,0.001758352,6.875040322876621330739638057E-11,"_(* #,##0_);_(* \(#,##0\);_(* ""-""??_);_(@_)",0,1,0.5,25575879,25575879,OK,0.006,1.658025617732349470504105524E-11,"_(* #,##0_);_(* \(#,##0\);_(* ""-""??_);_(@_)",0,1,0.5,361876194,361876194,2026-09-24T17:40:53-05:00,B-2359 extraído y validado con tolerancia de fuente derivada de la precisión visible SBS; ROUND_HALF_UP se conserva como diagnóstico.
2022-10,DISPONIBLE,https://intranet2.sbs.gob.pe/estadistica/financiera/2022/Octubre/B-2359-oc2022.XLS,B-2359-oc2022.XLS,C:\Users\Crystell\Desktop\FINANZAS\datos_crudos\Y_B2359_2024200485D\Y_B-2359_2024200485D_2022-10.xls,c2ec707f5e69b9cb1f150837d4c7ea9085ae5c83f8aa95500d98e33baaf959e5,XLS_OLE,15,65,17,17,0,ULP_1,OK,0.032,1.229929374210356363948277192E-10,"_(* #,##0_);_(* \(#,##0\);_(* ""-""??_);_(@_)",0,1,0.5,260177541,260177541,OK,0.001755266,6.874530663907390871506289879E-11,"_(* #,##0_);_(* \(#,##0\);_(* ""-""??_);_(@_)",0,1,0.5,25532885,25532885,OK,0.009,2.486169400069694722704231439E-11,"_(* #,##0_);_(* \(#,##0\);_(* ""-""??_);_(@_)",0,1,0.5,362002686,362002686,2026-09-24T17:40:56-05:00,B-2359 extraído y validado con tolerancia de fuente derivada de la precisión visible SBS; ROUND_HALF_UP se conserva como diagnóstico.
2022-11,DISPONIBLE,https://intranet2.sbs.gob.pe/estadistica/financiera/2022/Noviembre/B-2359-no2022.XLS,B-2359-no2022.XLS,C:\Users\Crystell\Desktop\FINANZAS\datos_crudos\Y_B2359_2024200485D\Y_B-2359_2024200485D_2022-11.xls,8ac2d5dd723ebb3b98ee5aad254d602aad4877693e3ba1dbe94c7c13c85108d4,XLS_OLE,15,65,17,17,0,ULP_1,OK,0.02999998,1.151111428208925669349255021E-10,"_(* #,##0_);_(* \(#,##0\);_(* ""-""??_);_(@_)",0,1,0.5,260617515,260617515,OK,0.001557633,6.106103410760635417148292785E-11,"_(* #,##0_);_(* \(#,##0\);_(* ""-""??_);_(@_)",0,1,0.5,25509444,25509444,OK,0.008,2.229158052637437173264200887E-11,"_(* #,##0_);_(* \(#,##0\);_(* ""-""??_);_(@_)",0,1,0.5,358879891,358879891,2026-09-24T17:40:59-05:00,B-2359 extraído y validado con tolerancia de fuente derivada de la precisión visible SBS; ROUND_HALF_UP se conserva como diagnóstico.
2022-12,DISPONIBLE,https://intranet2.sbs.gob.pe/estadistica/financiera/2022/Diciembre/B-2359-di2022.XLS,B-2359-di2022.XLS,C:\Users\Crystell\Desktop\FINANZAS\datos_crudos\Y_B2359_2024200485D\Y_B-2359_2024200485D_2022-12.xls,747b8057f531e0c389652e78f82af34374880cd2e2337c0cb37541fb0d92f2a8,XLS_OLE,15,65,17,17,0,ULP_1,OK,0.036,1.390841797002157809386318117E-10,"_(* #,##0_);_(* \(#,##0\);_(* ""-""??_);_(@_)",0,1,0.5,258836052,258836052,OK,0.001310956,5.115154949256054748604461814E-11,"_(* #,##0_);_(* \(#,##0\);_(* ""-""??_);_(@_)",0,1,0.5,25628862,25628862,OK,0.007,1.963068887844145209697274530E-11,"_(* #,##0_);_(* \(#,##0\);_(* ""-""??_);_(@_)",0,1,0.5,356584532,356584532,2026-09-24T17:41:02-05:00,B-2359 extraído y validado con tolerancia de fuente derivada de la precisión visible SBS; ROUND_HALF_UP se conserva como diagnóstico.
2023-01,DISPONIBLE,https://intranet2.sbs.gob.pe/estadistica/financiera/2023/Enero/B-2359-en2023.XLS,B-2359-en2023.XLS,C:\Users\Crystell\Desktop\FINANZAS\datos_crudos\Y_B2359_2024200485D\Y_B-2359_2024200485D_2023-01.xls,c27a0b6c59e18d0b75bf935c3b2526d16a77f68139f27eaf878e90275688bab1,XLS_OLE,15,65,17,17,0,ULP_1,OK,0.042,1.638252294538443631654049829E-10,"_(* #,##0_);_(* \(#,##0\);_(* ""-""??_);_(@_)",0,1,0.5,256370769,256370769,OK,0.00129938,5.070740569285693424486403608E-11,"_(* #,##0_);_(* \(#,##0\);_(* ""-""??_);_(@_)",0,1,0.5,25625054,25625054,OK,0.007,1.971964436464566549469903860E-11,"_(* #,##0_);_(* \(#,##0\);_(* ""-""??_);_(@_)",0,1,0.5,354975976,354975976,2026-09-24T17:41:05-05:00,B-2359 extraído y validado con tolerancia de fuente derivada de la precisión visible SBS; ROUND_HALF_UP se conserva como diagnóstico.
2023-02,DISPONIBLE,https://intranet2.sbs.gob.pe/estadistica/financiera/2023/Febrero/B-2359-fe2023.XLS,B-2359-fe2023.XLS,C:\Users\Crystell\Desktop\FINANZAS\datos_crudos\Y_B2359_2024200485D\Y_B-2359_2024200485D_2023-02.xls,50e24923febb27f92f2241417970a09d02c91534f44cbf8a3d29f276c3867b19,XLS_OLE,15,65,17,17,0,ULP_1,OK,0.03399998,1.338027401568450986235251854E-10,"_(* #,##0_);_(* \(#,##0\);_(* ""-""??_);_(@_)",0,1,0.5,254105259,254105259,OK,0.001839198,7.156835984036069158366760664E-11,"_(* #,##0_);_(* \(#,##0\);_(* ""-""??_);_(@_)",0,1,0.5,25698479,25698479,OK,0.008,2.273284802864608326789938062E-11,"_(* #,##0_);_(* \(#,##0\);_(* ""-""??_);_(@_)",0,1,0.5,351913671,351913671,2026-09-24T17:41:09-05:00,B-2359 extraído y validado con tolerancia de fuente derivada de la precisión visible SBS; ROUND_HALF_UP se conserva como diagnóstico.
2023-03,DISPONIBLE,https://intranet2.sbs.gob.pe/estadistica/financiera/2023/Marzo/B-2359-ma2023.XLS,B-2359-ma2023.XLS,C:\Users\Crystell\Desktop\FINANZAS\datos_crudos\Y_B2359_2024200485D\Y_B-2359_2024200485D_2023-03.xls,abc61c1a20c947209b602f4f1d5d4d66517e044742b9e7fc4ff551893fe70533,XLS_OLE,15,65,17,17,0,ULP_1,OK,0.033,1.292102168225848915734098868E-10,"_(* #,##0_);_(* \(#,##0\);_(* ""-""??_);_(@_)",0,1,0.5,255397760,255397760,OK,0.001594893,6.125945490740980330931296284E-11,"_(* #,##0_);_(* \(#,##0\);_(* ""-""??_);_(@_)",0,1,0.5,26035050,26035050,OK,0.006,1.698073381598889539421666139E-11,"_(* #,##0_);_(* \(#,##0\);_(* ""-""??_);_(@_)",0,1,0.5,353341620,353341620,2026-09-24T17:41:12-05:00,B-2359 extraído y validado con tolerancia de fuente derivada de la precisión visible SBS; ROUND_HALF_UP se conserva como diagnóstico.
2023-04,DISPONIBLE,https://intranet2.sbs.gob.pe/estadistica/financiera/2023/Abril/B-2359-ab2023.XLS,B-2359-ab2023.XLS,C:\Users\Crystell\Desktop\FINANZAS\datos_crudos\Y_B2359_2024200485D\Y_B-2359_2024200485D_2023-04.xls,89aefb6ef5b58f0532dfccc1941bf35df27f78bfcd3b66575251bc5b6ea87aaa,XLS_OLE,15,65,17,17,0,ULP_1,OK,0.009,3.514880523069470130750970615E-11,"_(* #,##0_);_(* \(#,##0\);_(* ""-""??_);_(@_)",0,1,0.5,256054223,256054223,OK,0.002153433,8.196447070992669274154120259E-11,"_(* #,##0_);_(* \(#,##0\);_(* ""-""??_);_(@_)",0,1,0.5,26272762,26272762,OK,0.010,2.827594238464453965790553477E-11,"_(* #,##0_);_(* \(#,##0\);_(* ""-""??_);_(@_)",0,1,0.5,353657532,353657532,2026-09-24T17:41:15-05:00,B-2359 extraído y validado con tolerancia de fuente derivada de la precisión visible SBS; ROUND_HALF_UP se conserva como diagnóstico.
2023-05,DISPONIBLE,https://intranet2.sbs.gob.pe/estadistica/financiera/2023/Mayo/B-2359-my2023.XLS,B-2359-my2023.XLS,C:\Users\Crystell\Desktop\FINANZAS\datos_crudos\Y_B2359_2024200485D\Y_B-2359_2024200485D_2023-05.xls,73d0ee7eab1f51474be288785569dcf2eb9f2a2d314aa94529aebbefb79da7e1,XLS_OLE,15,65,17,17,0,ULP_1,OK,0.007,2.745254228710984923051198733E-11,"_(* #,##0_);_(* \(#,##0\);_(* ""-""??_);_(@_)",0,1,0.5,254985492,254985492,OK,0.001359068,5.142923146115433523416269815E-11,"_(* #,##0_);_(* \(#,##0\);_(* ""-""??_);_(@_)",0,1,0.5,26425983,26425983,OK,0.009,2.555317777185648311668952955E-11,"_(* #,##0_);_(* \(#,##0\);_(* ""-""??_);_(@_)",0,1,0.5,352206684,352206684,2026-09-24T17:41:18-05:00,B-2359 extraído y validado con tolerancia de fuente derivada de la precisión visible SBS; ROUND_HALF_UP se conserva como diagnóstico.
2023-06,DISPONIBLE,https://intranet2.sbs.gob.pe/estadistica/financiera/2023/Junio/B-2359-jn2023.XLS,B-2359-jn2023.XLS,C:\Users\Crystell\Desktop\FINANZAS\datos_crudos\Y_B2359_2024200485D\Y_B-2359_2024200485D_2023-06.xls,031f2ab7487da68959d3c97b36212ec1aee0dd194d9599af827547ec1a0d60fe,XLS_OLE,15,65,17,17,0,ULP_1,OK,0.006,2.367116984559339026755305277E-11,"_(* #,##0_);_(* \(#,##0\);_(* ""-""??_);_(@_)",0,1,0.5,253472897,253472897,OK,0.001653802,6.236508227605020297599763824E-11,"_(* #,##0_);_(* \(#,##0\);_(* ""-""??_);_(@_)",0,1,0.5,26518076,26518076,OK,0.008,2.287802870737572511481023162E-11,"_(* #,##0_);_(* \(#,##0\);_(* ""-""??_);_(@_)",0,1,0.5,349680477,349680477,2026-09-24T17:41:21-05:00,B-2359 extraído y validado con tolerancia de fuente derivada de la precisión visible SBS; ROUND_HALF_UP se conserva como diagnóstico.
2023-07,DISPONIBLE,https://intranet2.sbs.gob.pe/estadistica/financiera/2023/Julio/B-2359-jl2023.XLS,B-2359-jl2023.XLS,C:\Users\Crystell\Desktop\FINANZAS\datos_crudos\Y_B2359_2024200485D\Y_B-2359_2024200485D_2023-07.xls,ab5cd1f95fcc297e9423c46b3a2fb89e7c37841502bdcca744cc75cca09f9869,XLS_OLE,15,65,17,17,0,ULP_1,OK,0.008,3.146610646604741232709692074E-11,"_(* #,##0_);_(* \(#,##0\);_(* ""-""??_);_(@_)",0,1,0.5,254241814,254241814,OK,0.00166297,6.340533814267601513424962714E-11,"_(* #,##0_);_(* \(#,##0\);_(* ""-""??_);_(@_)",0,1,0.5,26227602,26227602,OK,0.008,2.293111181502136101268428556E-11,"_(* #,##0_);_(* \(#,##0\);_(* ""-""??_);_(@_)",0,1,0.5,348871004,348871004,2026-09-24T17:41:24-05:00,B-2359 extraído y validado con tolerancia de fuente derivada de la precisión visible SBS; ROUND_HALF_UP se conserva como diagnóstico.
2023-08,DISPONIBLE,https://intranet2.sbs.gob.pe/estadistica/financiera/2023/Agosto/B-2359-ag2023.XLS,B-2359-ag2023.XLS,C:\Users\Crystell\Desktop\FINANZAS\datos_crudos\Y_B2359_2024200485D\Y_B-2359_2024200485D_2023-08.xls,a955a5f890670c1974545e4150b6e1bd07336252023d23e5b0f467a2b71389cf,XLS_OLE,15,65,17,17,0,ULP_1,OK,0.007,2.764113844448470057639919540E-11,"_(* #,##0_);_(* \(#,##0\);_(* ""-""??_);_(@_)",0,1,0.5,253245720,253245720,OK,0.001623813,6.121260010982901492702427505E-11,"_(* #,##0_);_(* \(#,##0\);_(* ""-""??_);_(@_)",0,1,0.5,26527431,26527431,OK,0.008,2.277485562889278456345400673E-11,"_(* #,##0_);_(* \(#,##0\);_(* ""-""??_);_(@_)",0,1,0.5,351264576,351264576,2026-09-24T17:41:27-05:00,B-2359 extraído y validado con tolerancia de fuente derivada de la precisión visible SBS; ROUND_HALF_UP se conserva como diagnóstico.
2023-09,DISPONIBLE,https://intranet2.sbs.gob.pe/estadistica/financiera/2023/Setiembre/B-2359-se2023.XLS,B-2359-se2023.XLS,C:\Users\Crystell\Desktop\FINANZAS\datos_crudos\Y_B2359_2024200485D\Y_B-2359_2024200485D_2023-09.xls,78ed3348585df486267c0b2a7de24b48e30ce2b13e8bd830e077495711a78a9a,XLS_OLE,15,65,17,17,0,ULP_1,OK,0.00600002,2.383644598136160316140002856E-11,"_(* #,##0_);_(* \(#,##0\);_(* ""-""??_);_(@_)",0,1,0.5,251716217,251716217,OK,0.001581859,5.921196559321465160596274968E-11,"_(* #,##0_);_(* \(#,##0\);_(* ""-""??_);_(@_)",0,1,0.5,26715191,26715192,OK,0.006,1.699490734663418392141967676E-11,"_(* #,##0_);_(* \(#,##0\);_(* ""-""??_);_(@_)",0,1,0.5,353046938,353046938,2026-09-24T17:41:31-05:00,B-2359 extraído y validado con tolerancia de fuente derivada de la precisión visible SBS; ROUND_HALF_UP se conserva como diagnóstico.
2023-10,DISPONIBLE,https://intranet2.sbs.gob.pe/estadistica/financiera/2023/Octubre/B-2359-oc2023.XLS,B-2359-oc2023.XLS,C:\Users\Crystell\Desktop\FINANZAS\datos_crudos\Y_B2359_2024200485D\Y_B-2359_2024200485D_2023-10.xls,44033fe50bd85a11b7776d6805b8919b6b49e1a1f401f9bce3f224ed4efc79ef,XLS_OLE,15,65,17,17,0,ULP_1,OK,0.007,2.771586359154861308803573575E-11,"_(* #,##0_);_(* \(#,##0\);_(* ""-""??_);_(@_)",0,1,0.5,252562940,252562940,OK,0.001823864,6.960221780451947047596874275E-11,"_(* #,##0_);_(* \(#,##0\);_(* ""-""??_);_(@_)",0,1,0.5,26204108,26204108,OK,0.008,2.265427030915665588582866860E-11,"_(* #,##0_);_(* \(#,##0\);_(* ""-""??_);_(@_)",0,1,0.5,353134305,353134305,2026-09-24T17:41:34-05:00,B-2359 extraído y validado con tolerancia de fuente derivada de la precisión visible SBS; ROUND_HALF_UP se conserva como diagnóstico.
2023-11,DISPONIBLE,https://intranet2.sbs.gob.pe/estadistica/financiera/2023/Noviembre/B-2359-no2023.XLS,B-2359-no2023.XLS,C:\Users\Crystell\Desktop\FINANZAS\datos_crudos\Y_B2359_2024200485D\Y_B-2359_2024200485D_2023-11.xls,987a8d04bfcb4bc0d0d935d61839e726e9a4846283be7256906240a566146efa,XLS_OLE,15,65,17,17,0,ULP_1,OK,0.007,2.765110286365566119076664206E-11,"_(* #,##0_);_(* \(#,##0\);_(* ""-""??_);_(@_)",0,1,0.5,253154459,253154459,OK,0.001873661,7.154982630768973265191940941E-11,"_(* #,##0_);_(* \(#,##0\);_(* ""-""??_);_(@_)",0,1,0.5,26186800,26186800,OK,0.007,1.994368219026023125433808890E-11,"_(* #,##0_);_(* \(#,##0\);_(* ""-""??_);_(@_)",0,1,0.5,350988345,350988345,2026-09-24T17:41:37-05:00,B-2359 extraído y validado con tolerancia de fuente derivada de la precisión visible SBS; ROUND_HALF_UP se conserva como diagnóstico.
2023-12,DISPONIBLE,https://intranet2.sbs.gob.pe/estadistica/financiera/2023/Diciembre/B-2359-di2023.XLS,B-2359-di2023.XLS,C:\Users\Crystell\Desktop\FINANZAS\datos_crudos\Y_B2359_2024200485D\Y_B-2359_2024200485D_2023-12.xls,bb2466c0a0b91703f164afc435b4c0e84c1e7fcc4a679c4e273a4ba74a1ebe71,XLS_OLE,15,65,17,17,0,ULP_1,OK,0.009,3.563747842653521144241577532E-11,"_(* #,##0_);_(* \(#,##0\);_(* ""-""??_);_(@_)",0,1,0.5,252543120,252543120,OK,0.001348075,5.085356890422817909525524291E-11,"_(* #,##0_);_(* \(#,##0\);_(* ""-""??_);_(@_)",0,1,0.5,26508956,26508956,OK,0.005,1.425050184259549296997193382E-11,"_(* #,##0_);_(* \(#,##0\);_(* ""-""??_);_(@_)",0,1,0.5,350864837,350864837,2026-09-24T17:41:40-05:00,B-2359 extraído y validado con tolerancia de fuente derivada de la precisión visible SBS; ROUND_HALF_UP se conserva como diagnóstico.
2024-01,DISPONIBLE,https://intranet2.sbs.gob.pe/estadistica/financiera/2024/Enero/B-2359-en2024.XLS,B-2359-en2024.XLS,C:\Users\Crystell\Desktop\FINANZAS\datos_crudos\Y_B2359_2024200485D\Y_B-2359_2024200485D_2024-01.xls,77539dc11b150dba0c9ed20fd8ea3f8814c5522bf0d1337535f11cb793eac92c,XLS_OLE,15,65,17,17,0,ULP_1,OK,0.00600002,2.407373879838873329062999699E-11,"_(* #,##0_);_(* \(#,##0\);_(* ""-""??_);_(@_)",0,1,0.5,249235071,249235071,OK,0.001840167,7.080670803501296664180710924E-11,"_(* #,##0_);_(* \(#,##0\);_(* ""-""??_);_(@_)",0,1,0.5,25988597,25988597,OK,0.008,2.298218603930442131315363373E-11,"_(* #,##0_);_(* \(#,##0\);_(* ""-""??_);_(@_)",0,1,0.5,348095694,348095694,2026-09-24T17:41:43-05:00,B-2359 extraído y validado con tolerancia de fuente derivada de la precisión visible SBS; ROUND_HALF_UP se conserva como diagnóstico.
2024-02,DISPONIBLE,https://intranet2.sbs.gob.pe/estadistica/financiera/2024/Febrero/B-2359-fe2024.XLS,B-2359-fe2024.XLS,C:\Users\Crystell\Desktop\FINANZAS\datos_crudos\Y_B2359_2024200485D\Y_B-2359_2024200485D_2024-02.xls,295710dfec535e8f9f554113629147b83ebd826129343774594c0b343dc2681e,XLS_OLE,15,65,17,17,0,ULP_1,OK,0.007,2.808448491685248965745782400E-11,"_(* #,##0_);_(* \(#,##0\);_(* ""-""??_);_(@_)",0,1,0.5,249247940,249247940,OK,0.001587298,6.243394266344391129654185282E-11,"_(* #,##0_);_(* \(#,##0\);_(* ""-""??_);_(@_)",0,1,0.5,25423639,25423639,OK,0.006,1.737371440249063817353091887E-11,"_(* #,##0_);_(* \(#,##0\);_(* ""-""??_);_(@_)",0,1,0.5,345349294,345349294,2026-09-24T17:41:46-05:00,B-2359 extraído y validado con tolerancia de fuente derivada de la precisión visible SBS; ROUND_HALF_UP se conserva como diagnóstico.
2024-03,DISPONIBLE,https://intranet2.sbs.gob.pe/estadistica/financiera/2024/Marzo/B-2359-ma2024.XLS,B-2359-ma2024.XLS,C:\Users\Crystell\Desktop\FINANZAS\datos_crudos\Y_B2359_2024200485D\Y_B-2359_2024200485D_2024-03.xls,a80d4139f8acb8ccf72ad11617900c2eef131eb7dae108c201057585c5473a69,XLS_OLE,15,65,17,17,0,ULP_1,OK,0.008,3.205436922170831890763275645E-11,"_(* #,##0_);_(* \(#,##0\);_(* ""-""??_);_(@_)",0,1,0.5,249575961,249575961,OK,0.001882735,7.275792169899051514278355057E-11,"_(* #,##0_);_(* \(#,##0\);_(* ""-""??_);_(@_)",0,1,0.5,25876701,25876701,OK,0.006,1.735179576797240516574902791E-11,"_(* #,##0_);_(* \(#,##0\);_(* ""-""??_);_(@_)",0,1,0.5,345785536,345785536,2026-09-24T17:41:49-05:00,B-2359 extraído y validado con tolerancia de fuente derivada de la precisión visible SBS; ROUND_HALF_UP se conserva como diagnóstico.
2024-04,DISPONIBLE,https://intranet2.sbs.gob.pe/estadistica/financiera/2024/Abril/B-2359-ab2024.XLS,B-2359-ab2024.XLS,C:\Users\Crystell\Desktop\FINANZAS\datos_crudos\Y_B2359_2024200485D\Y_B-2359_2024200485D_2024-04.xls,da1e9f8b482e203a3ef509e218e982850a6af66a8632073f625e56a484469dba,XLS_OLE,15,65,17,17,0,ULP_1,OK,0.010,3.963625271308962219876548003E-11,"_(* #,##0_);_(* \(#,##0\);_(* ""-""??_);_(@_)",0,1,0.5,252294284,252294284,OK,0.00186816,7.175020128238555062061633804E-11,"_(* #,##0_);_(* \(#,##0\);_(* ""-""??_);_(@_)",0,1,0.5,26037000,26037000,OK,0.008,2.286662116863706416431336584E-11,"_(* #,##0_);_(* \(#,##0\);_(* ""-""??_);_(@_)",0,1,0.5,349854924,349854924,2026-09-24T17:41:53-05:00,B-2359 extraído y validado con tolerancia de fuente derivada de la precisión visible SBS; ROUND_HALF_UP se conserva como diagnóstico.
2024-05,DISPONIBLE,https://intranet2.sbs.gob.pe/estadistica/financiera/2024/Mayo/B-2359-my2024.XLS,B-2359-my2024.XLS,C:\Users\Crystell\Desktop\FINANZAS\datos_crudos\Y_B2359_2024200485D\Y_B-2359_2024200485D_2024-05.xls,3f5b028866ee9e9fbbde6dd57c5d3c71902072ee65f00ab835b834d588392ef4,XLS_OLE,15,65,17,17,0,ULP_1,OK,0.010,3.948943744680754388645712669E-11,"_(* #,##0_);_(* \(#,##0\);_(* ""-""??_);_(@_)",0,1,0.5,253232273,253232273,OK,0.002140179,8.171034780354481289305311299E-11,"_(* #,##0_);_(* \(#,##0\);_(* ""-""??_);_(@_)",0,1,0.5,26192264,26192264,OK,0.008,2.278300334034377289551649037E-11,"_(* #,##0_);_(* \(#,##0\);_(* ""-""??_);_(@_)",0,1,0.5,351138956,351138956,2026-09-24T17:41:56-05:00,B-2359 extraído y validado con tolerancia de fuente derivada de la precisión visible SBS; ROUND_HALF_UP se conserva como diagnóstico.
2024-06,DISPONIBLE,https://intranet2.sbs.gob.pe/estadistica/financiera/2024/Junio/B-2359-jn2024.XLS,B-2359-jn2024.XLS,C:\Users\Crystell\Desktop\FINANZAS\datos_crudos\Y_B2359_2024200485D\Y_B-2359_2024200485D_2024-06.xls,d5570d79247523a150fe4faa14f8de6960054699721c90bed39ba1c34f451800,XLS_OLE,15,65,17,17,0,ULP_1,OK,0.007,2.754721299269534456119246999E-11,"_(* #,##0_);_(* \(#,##0\);_(* ""-""??_);_(@_)",0,1,0.5,254109191,254109191,OK,0.001566175,5.970418863490071944444367522E-11,"_(* #,##0_);_(* \(#,##0\);_(* ""-""??_);_(@_)",0,1,0.5,26232247,26232247,OK,0.008,2.256031820196160531196608172E-11,"_(* #,##0_);_(* \(#,##0\);_(* ""-""??_);_(@_)",0,1,0.5,354604927,354604927,2026-09-24T17:42:00-05:00,B-2359 extraído y validado con tolerancia de fuente derivada de la precisión visible SBS; ROUND_HALF_UP se conserva como diagnóstico.
2024-07,DISPONIBLE,https://intranet2.sbs.gob.pe/estadistica/financiera/2024/Julio/B-2359-jl2024.XLS,B-2359-jl2024.XLS,C:\Users\Crystell\Desktop\FINANZAS\datos_crudos\Y_B2359_2024200485D\Y_B-2359_2024200485D_2024-07.xls,a8cac19998d2f7a69f82b08df9a2dc66c97cb2cea486f542addc9c0b46f8aabf,XLS_OLE,15,65,17,17,0,ULP_1,OK,0.007,2.769954059245099399494346818E-11,"_(* #,##0_);_(* \(#,##0\);_(* ""-""??_);_(@_)",0,1,0.5,252711772,252711772,OK,0.002421308,9.282645782070818569367892267E-11,"_(* #,##0_);_(* \(#,##0\);_(* ""-""??_);_(@_)",0,1,0.5,26084244,26084244,OK,0.007,2.001905193662812854468298489E-11,"_(* #,##0_);_(* \(#,##0\);_(* ""-""??_);_(@_)",0,1,0.5,349666908,349666908,2026-09-24T17:42:03-05:00,B-2359 extraído y validado con tolerancia de fuente derivada de la precisión visible SBS; ROUND_HALF_UP se conserva como diagnóstico.
2024-08,DISPONIBLE,https://intranet2.sbs.gob.pe/estadistica/financiera/2024/Agosto/B-2359-ag2024.XLS,B-2359-ag2024.XLS,C:\Users\Crystell\Desktop\FINANZAS\datos_crudos\Y_B2359_2024200485D\Y_B-2359_2024200485D_2024-08.xls,a97a901430665150a47deae6757d625ee034f90a3b37eb92b3cde199e944680f,XLS_OLE,15,65,17,17,0,ULP_1,OK,0.007,2.763500814225769848127060125E-11,"_(* #,##0_);_(* \(#,##0\);_(* ""-""??_);_(@_)",0,1,0.5,253301897,253301898,OK,0.001602564,6.214950446194930972310352281E-11,"_(* #,##0_);_(* \(#,##0\);_(* ""-""??_);_(@_)",0,1,0.5,25785628,25785628,OK,0.007,2.000895894905582473275023475E-11,"_(* #,##0_);_(* \(#,##0\);_(* ""-""??_);_(@_)",0,1,0.5,349843289,349843289,2026-09-24T17:42:06-05:00,B-2359 extraído y validado con tolerancia de fuente derivada de la precisión visible SBS; ROUND_HALF_UP se conserva como diagnóstico.
2024-09,DISPONIBLE,https://intranet2.sbs.gob.pe/estadistica/financiera/2024/Setiembre/B-2359-se2024.XLS,B-2359-se2024.XLS,C:\Users\Crystell\Desktop\FINANZAS\datos_crudos\Y_B2359_2024200485D\Y_B-2359_2024200485D_2024-09.xls,0f4bde11304477f559aed9ae726ffc5e717b00a64f16465a4f3744ac9a53fa5c,XLS_OLE,15,65,17,17,0,ULP_1,OK,0.01,3.948896627576447994035086130E-11,"_(* #,##0_);_(* \(#,##0\);_(* ""-""??_);_(@_)",0,1,0.5,253235294,253235294,OK,0.002156917,8.399173087109270016285286391E-11,"_(* #,##0_);_(* \(#,##0\);_(* ""-""??_);_(@_)",0,1,0.5,25680111,25680111,OK,0.007,2.008707302334611672628875123E-11,"_(* #,##0_);_(* \(#,##0\);_(* ""-""??_);_(@_)",0,1,0.5,348482827,348482827,2026-09-24T17:42:09-05:00,B-2359 extraído y validado con tolerancia de fuente derivada de la precisión visible SBS; ROUND_HALF_UP se conserva como diagnóstico.
2024-10,DISPONIBLE,https://intranet2.sbs.gob.pe/estadistica/financiera/2024/Octubre/B-2359-oc2024.XLS,B-2359-oc2024.XLS,C:\Users\Crystell\Desktop\FINANZAS\datos_crudos\Y_B2359_2024200485D\Y_B-2359_2024200485D_2024-10.xls,5f842f0febcdb2d15d95f2e57bd78dc88948e96d5730f3a42d7588650d1448e4,XLS_OLE,15,65,17,17,0,ULP_1,OK,0.007,2.758462286858019679218695010E-11,"_(* #,##0_);_(* \(#,##0\);_(* ""-""??_);_(@_)",0,1,0.5,253764571,253764571,OK,0.00212314,8.447589949989022890639557653E-11,"_(* #,##0_);_(* \(#,##0\);_(* ""-""??_);_(@_)",0,1,0.5,25133085,25133085,OK,0.009,2.582748111681730253641451825E-11,"_(* #,##0_);_(* \(#,##0\);_(* ""-""??_);_(@_)",0,1,0.5,348466037,348466037,2026-09-24T17:42:12-05:00,B-2359 extraído y validado con tolerancia de fuente derivada de la precisión visible SBS; ROUND_HALF_UP se conserva como diagnóstico.
2024-11,DISPONIBLE,https://intranet2.sbs.gob.pe/estadistica/financiera/2024/Noviembre/B-2359-no2024.XLS,B-2359-no2024.XLS,C:\Users\Crystell\Desktop\FINANZAS\datos_crudos\Y_B2359_2024200485D\Y_B-2359_2024200485D_2024-11.xls,55ad8da687c550cf471de5a58ffe2a19593bec43acbe0f590badb4e76ff6dc39,XLS_OLE,15,65,17,17,0,ULP_1,OK,0.008,3.129737866843946981302834901E-11,"_(* #,##0_);_(* \(#,##0\);_(* ""-""??_);_(@_)",0,1,0.5,255612461,255612462,OK,0.001870658,7.397339577289789472301062162E-11,"_(* #,##0_);_(* \(#,##0\);_(* ""-""??_);_(@_)",0,1,0.5,25288254,25288254,OK,0.006,1.713105595584965620469546638E-11,"_(* #,##0_);_(* \(#,##0\);_(* ""-""??_);_(@_)",0,1,0.5,350241107,350241107,2026-09-24T17:42:15-05:00,B-2359 extraído y validado con tolerancia de fuente derivada de la precisión visible SBS; ROUND_HALF_UP se conserva como diagnóstico.
2024-12,DISPONIBLE,https://intranet2.sbs.gob.pe/estadistica/financiera/2024/Diciembre/B-2359-di2024.XLS,B-2359-di2024.XLS,C:\Users\Crystell\Desktop\FINANZAS\datos_crudos\Y_B2359_2024200485D\Y_B-2359_2024200485D_2024-12.xls,6fdd5ba70f61ba894596d3f089909c0b817afa2eb925851221e4a982e9e1f11d,XLS_OLE,15,65,17,17,0,ULP_1,OK,0.007,2.746240226232738902060534660E-11,"_(* #,##0_);_(* \(#,##0\);_(* ""-""??_);_(@_)",0,1,0.5,254893943,254893943,OK,0.001859726,7.246575893856746797311020565E-11,"_(* #,##0_);_(* \(#,##0\);_(* ""-""??_);_(@_)",0,1,0.5,25663514,25663514,OK,0.007,1.991513824903960848962635536E-11,"_(* #,##0_);_(* \(#,##0\);_(* ""-""??_);_(@_)",0,1,0.5,351491409,351491409,2026-09-24T17:42:18-05:00,B-2359 extraído y validado con tolerancia de fuente derivada de la precisión visible SBS; ROUND_HALF_UP se conserva como diagnóstico.
2025-01,DISPONIBLE,https://intranet2.sbs.gob.pe/estadistica/financiera/2025/Enero/B-2359-en2025.XLS,B-2359-en2025.XLS,C:\Users\Crystell\Desktop\FINANZAS\datos_crudos\Y_B2359_2024200485D\Y_B-2359_2024200485D_2025-01.xls,24bf9cd3c0075937d591c538abf9af1082202c3ff13683f7ec3590b27a58b905,XLS_OLE,15,65,18,18,0,ULP_1,OK,0.00899998,3.494473529999867818837687851E-11,"_(* #,##0_);_(* \(#,##0\);_(* ""-""??_);_(@_)",0,1,0.5,257548953,257548953,OK,0.001612034,6.323734386735792780691183236E-11,"_(* #,##0_);_(* \(#,##0\);_(* ""-""??_);_(@_)",0,1,0.5,25491804,25491804,OK,0.007,1.986213131460958613180441277E-11,"_(* #,##0_);_(* \(#,##0\);_(* ""-""??_);_(@_)",0,1,0.5,352429449,352429449,2026-09-24T17:42:22-05:00,B-2359 extraído y validado con tolerancia de fuente derivada de la precisión visible SBS; ROUND_HALF_UP se conserva como diagnóstico.
2025-02,DISPONIBLE,https://intranet2.sbs.gob.pe/estadistica/financiera/2025/Febrero/B-2359-fe2025.XLS,B-2359-fe2025.XLS,C:\Users\Crystell\Desktop\FINANZAS\datos_crudos\Y_B2359_2024200485D\Y_B-2359_2024200485D_2025-02.xls,480bd75d96380b5f4662db7947eb487adfea06216d4d448e1c3fd0fde3b46bb8,XLS_OLE,15,65,18,18,0,ULP_1,OK,0.008,3.093916553126762210535263708E-11,"_(* #,##0_);_(* \(#,##0\);_(* ""-""??_);_(@_)",0,1,0.5,258571938,258571938,OK,0.002719607,1.051044648905076641953186665E-10,"_(* #,##0_);_(* \(#,##0\);_(* ""-""??_);_(@_)",0,1,0.5,25875276,25875276,OK,0.007,1.978992559719756013921646349E-11,"_(* #,##0_);_(* \(#,##0\);_(* ""-""??_);_(@_)",0,1,0.5,353715327,353715327,2026-09-24T17:42:25-05:00,B-2359 extraído y validado con tolerancia de fuente derivada de la precisión visible SBS; ROUND_HALF_UP se conserva como diagnóstico.
2025-03,DISPONIBLE,https://intranet2.sbs.gob.pe/estadistica/financiera/2025/Marzo/B-2359-ma2025.XLS,B-2359-ma2025.XLS,C:\Users\Crystell\Desktop\FINANZAS\datos_crudos\Y_B2359_2024200485D\Y_B-2359_2024200485D_2025-03.xls,37b01110f663eb1b20a9f040ae960a9c240d847efcef65f3c8e73f40b5a38ab4,XLS_OLE,15,65,18,18,0,ULP_1,OK,0.007,2.700902638920125084065036128E-11,"_(* #,##0_);_(* \(#,##0\);_(* ""-""??_);_(@_)",0,1,0.5,259172615,259172615,OK,0.002181027,8.414520009613076439107299406E-11,"_(* #,##0_);_(* \(#,##0\);_(* ""-""??_);_(@_)",0,1,0.5,25919803,25919803,OK,0.008,2.258314784427446096791882062E-11,"_(* #,##0_);_(* \(#,##0\);_(* ""-""??_);_(@_)",0,1,0.5,354246452,354246452,2026-09-24T17:42:28-05:00,B-2359 extraído y validado con tolerancia de fuente derivada de la precisión visible SBS; ROUND_HALF_UP se conserva como diagnóstico.
2025-04,DISPONIBLE,https://intranet2.sbs.gob.pe/estadistica/financiera/2025/Abril/B-2359-ab2025.XLS,B-2359-ab2025.XLS,C:\Users\Crystell\Desktop\FINANZAS\datos_crudos\Y_B2359_2024200485D\Y_B-2359_2024200485D_2025-04.xls,f986ddc8c5e11d1326e0d4506c5c1225c5accd4cba5b025b4d64262afceb6470,XLS_OLE,15,65,18,18,0,ULP_1,OK,0.008,3.058091989404403486416463500E-11,"_(* #,##0_);_(* \(#,##0\);_(* ""-""??_);_(@_)",0,1,0.5,261601025,261601025,OK,0.00244898,9.323260871634456703771824347E-11,"_(* #,##0_);_(* \(#,##0\);_(* ""-""??_);_(@_)",0,1,0.5,26267419,26267419,OK,0.009,2.513027322433510128873964691E-11,"_(* #,##0_);_(* \(#,##0\);_(* ""-""??_);_(@_)",0,1,0.5,358133790,358133790,2026-09-24T17:42:31-05:00,B-2359 extraído y validado con tolerancia de fuente derivada de la precisión visible SBS; ROUND_HALF_UP se conserva como diagnóstico.
2025-05,DISPONIBLE,https://intranet2.sbs.gob.pe/estadistica/financiera/2025/Mayo/B-2359-my2025.XLS,B-2359-my2025.XLS,C:\Users\Crystell\Desktop\FINANZAS\datos_crudos\Y_B2359_2024200485D\Y_B-2359_2024200485D_2025-05.xls,8755dee929f73c6a41de7e85ffaa114331f710b23f364ae6a6543b3bfde30444,XLS_OLE,15,65,18,18,0,ULP_1,OK,0.006,2.282413856717254183818933335E-11,"_(* #,##0_);_(* \(#,##0\);_(* ""-""??_);_(@_)",0,1,0.5,262879582,262879582,OK,0.001378931,5.156512489441869575364338433E-11,"_(* #,##0_);_(* \(#,##0\);_(* ""-""??_);_(@_)",0,1,0.5,26741543,26741543,OK,0.008,2.223183030510725868964167466E-11,"_(* #,##0_);_(* \(#,##0\);_(* ""-""??_);_(@_)",0,1,0.5,359844416,359844416,2026-09-24T17:42:34-05:00,B-2359 extraído y validado con tolerancia de fuente derivada de la precisión visible SBS; ROUND_HALF_UP se conserva como diagnóstico.
2025-06,DISPONIBLE,https://intranet2.sbs.gob.pe/estadistica/financiera/2025/Junio/B-2359-jn2025.XLS,B-2359-jn2025.XLS,C:\Users\Crystell\Desktop\FINANZAS\datos_crudos\Y_B2359_2024200485D\Y_B-2359_2024200485D_2025-06.xls,ad385d91d110da101861605de5c46db0dc08652d79aa7ead917c7fde3f42ab8c,XLS_OLE,15,65,19,19,0,ULP_1,OK,0.008,3.010234593637345322746726437E-11,"_(* #,##0_);_(* \(#,##0\);_(* ""-""??_);_(@_)",0,1,0.5,265760018,265760018,OK,0.001976283,7.190052109826644918827034627E-11,"_(* #,##0_);_(* \(#,##0\);_(* ""-""??_);_(@_)",0,1,0.5,27486352,27486352,OK,0.010,2.753935767947412984189949761E-11,"_(* #,##0_);_(* \(#,##0\);_(* ""-""??_);_(@_)",0,1,0.5,363116675,363116675,2026-09-24T17:42:37-05:00,B-2359 extraído y validado con tolerancia de fuente derivada de la precisión visible SBS; ROUND_HALF_UP se conserva como diagnóstico.
2025-07,DISPONIBLE,https://intranet2.sbs.gob.pe/estadistica/financiera/2025/Julio/B-2359-jl2025.XLS,B-2359-jl2025.XLS,C:\Users\Crystell\Desktop\FINANZAS\datos_crudos\Y_B2359_2024200485D\Y_B-2359_2024200485D_2025-07.xls,b7368e4c89ee160092d2da8c2ae02a18c342e99394c11b640189030ba1cc9222,XLS_OLE,15,65,19,19,0,ULP_1,OK,0.008,2.989358148819741840819025109E-11,"_(* #,##0_);_(* \(#,##0\);_(* ""-""??_);_(@_)",0,1,0.5,267615976,267615976,OK,0.001954762,7.074804099520299521328859208E-11,"_(* #,##0_);_(* \(#,##0\);_(* ""-""??_);_(@_)",0,1,0.5,27629910,27629910,OK,0.009,2.455268527312153508138628330E-11,"_(* #,##0_);_(* \(#,##0\);_(* ""-""??_);_(@_)",0,1,0.5,366558684,366558684,2026-09-24T17:42:41-05:00,B-2359 extraído y validado con tolerancia de fuente derivada de la precisión visible SBS; ROUND_HALF_UP se conserva como diagnóstico.
2025-08,DISPONIBLE,https://intranet2.sbs.gob.pe/estadistica/financiera/2025/Agosto/B-2359-ag2025.XLS,B-2359-ag2025.XLS,C:\Users\Crystell\Desktop\FINANZAS\datos_crudos\Y_B2359_2024200485D\Y_B-2359_2024200485D_2025-08.xls,dfe2c48deca50b73e72d77e4cea92397615ffa3b1edac8fe80d97ab10f2d7a37,XLS_OLE,15,65,19,19,0,ULP_1,OK,0.008,2.973998641747288521587356668E-11,"_(* #,##0_);_(* \(#,##0\);_(* ""-""??_);_(@_)",0,1,0.5,268998105,268998105,OK,0.001980197,7.130677946219963749757146261E-11,"_(* #,##0_);_(* \(#,##0\);_(* ""-""??_);_(@_)",0,1,0.5,27770108,27770108,OK,0.01000003,2.723576062283828115881529807E-11,"_(* #,##0_);_(* \(#,##0\);_(* ""-""??_);_(@_)",0,1,0.5,367165439,367165439,2026-09-24T17:42:44-05:00,B-2359 extraído y validado con tolerancia de fuente derivada de la precisión visible SBS; ROUND_HALF_UP se conserva como diagnóstico.
2025-09,DISPONIBLE,https://intranet2.sbs.gob.pe/estadistica/financiera/2025/Setiembre/B-2359-se2025.XLS,B-2359-se2025.XLS,C:\Users\Crystell\Desktop\FINANZAS\datos_crudos\Y_B2359_2024200485D\Y_B-2359_2024200485D_2025-09.xls,3d6fd1c6c7935698e2339ad8165e4c8eacb490aba4c6efeadc75ab9b7e7bc7e8,XLS_OLE,15,65,19,19,0,ULP_1,OK,0.010,3.712862691093387019761513536E-11,"_(* #,##0_);_(* \(#,##0\);_(* ""-""??_);_(@_)",0,1,0.5,269333957,269333957,OK,0.002305477,8.217924327735123312144183074E-11,"_(* #,##0_);_(* \(#,##0\);_(* ""-""??_);_(@_)",0,1,0.5,28054250,28054250,OK,0.009,2.454441456154750669874989340E-11,"_(* #,##0_);_(* \(#,##0\);_(* ""-""??_);_(@_)",0,1,0.5,366682203,366682203,2026-09-24T17:42:47-05:00,B-2359 extraído y validado con tolerancia de fuente derivada de la precisión visible SBS; ROUND_HALF_UP se conserva como diagnóstico.
2025-10,DISPONIBLE,https://intranet2.sbs.gob.pe/estadistica/financiera/2025/Octubre/B-2359-oc2025.XLS,B-2359-oc2025.XLS,C:\Users\Crystell\Desktop\FINANZAS\datos_crudos\Y_B2359_2024200485D\Y_B-2359_2024200485D_2025-10.xls,4eb327ae24b27c35c530e7513f12986d0664af337fe7af43a59dc323dd7749b5,XLS_OLE,15,65,19,19,0,ULP_1,OK,0.009,3.325085093359508045359842815E-11,"_(* #,##0_);_(* \(#,##0\);_(* ""-""??_);_(@_)",0,1,0.5,270669765,270669765,OK,0.002370372,8.401489868418777242383475702E-11,"_(* #,##0_);_(* \(#,##0\);_(* ""-""??_);_(@_)",0,1,0.5,28213710,28213710,OK,0.00799996,2.186432353224531055952046833E-11,"_(* #,##0_);_(* \(#,##0\);_(* ""-""??_);_(@_)",0,1,0.5,365891037,365891037,2026-09-24T17:42:50-05:00,B-2359 extraído y validado con tolerancia de fuente derivada de la precisión visible SBS; ROUND_HALF_UP se conserva como diagnóstico.
2025-11,DISPONIBLE,https://intranet2.sbs.gob.pe/estadistica/financiera/2025/Noviembre/B-2359-no2025.XLS,B-2359-no2025.XLS,C:\Users\Crystell\Desktop\FINANZAS\datos_crudos\Y_B2359_2024200485D\Y_B-2359_2024200485D_2025-11.xls,853ee256f391b6decd93535daa428eb2d47953d0e42024025d3f4faa70f1a785,XLS_OLE,15,65,19,19,0,ULP_1,OK,0.009,3.296353353211141502116238981E-11,"_(* #,##0_);_(* \(#,##0\);_(* ""-""??_);_(@_)",0,1,0.5,273028982,273028982,OK,0.002082092,7.352335268350583331825479839E-11,"_(* #,##0_);_(* \(#,##0\);_(* ""-""??_);_(@_)",0,1,0.5,28318785,28318785,OK,0.009,2.444079884810518504904987928E-11,"_(* #,##0_);_(* \(#,##0\);_(* ""-""??_);_(@_)",0,1,0.5,368236736,368236736,2026-09-24T17:42:53-05:00,B-2359 extraído y validado con tolerancia de fuente derivada de la precisión visible SBS; ROUND_HALF_UP se conserva como diagnóstico.
2025-12,DISPONIBLE,https://intranet2.sbs.gob.pe/estadistica/financiera/2025/Diciembre/B-2359-di2025.XLS,B-2359-di2025.XLS,C:\Users\Crystell\Desktop\FINANZAS\datos_crudos\Y_B2359_2024200485D\Y_B-2359_2024200485D_2025-12.xls,761baf525277356abebac65fd7e93c71936dc8a2e5da161dc8904b147a4f2fe4,XLS_OLE,15,65,19,19,0,ULP_1,OK,0.007,2.556319055516813165740499750E-11,"_(* #,##0_);_(* \(#,##0\);_(* ""-""??_);_(@_)",0,1,0.5,273831233,273831233,OK,0.00267618,9.316048461593746960559279290E-11,"_(* #,##0_);_(* \(#,##0\);_(* ""-""??_);_(@_)",0,1,0.5,28726557,28726557,OK,0.007,1.889651655483420285585243126E-11,"_(* #,##0_);_(* \(#,##0\);_(* ""-""??_);_(@_)",0,1,0.5,370438646,370438646,2026-09-24T17:42:56-05:00,B-2359 extraído y validado con tolerancia de fuente derivada de la precisión visible SBS; ROUND_HALF_UP se conserva como diagnóstico.
